clan_1_id,clan_2_id,clan_1_points,clan_2_points,clan_winner
clan_7201,clan_25726,0,72,2
clan_5202,clan_16269,0,78,2
clan_26609,clan_2868,0,84,2
clan_5093,clan_37398,0,84,2
clan_19283,clan_42497,0,90,2
clan_31974,clan_43646,0,90,2
clan_13709,clan_8899,0,90,2
clan_6381,clan_14616,0,90,2
clan_15804,clan_32498,0,90,2
clan_33312,clan_45428,0,90,2
clan_25126,clan_33319,0,90,2
clan_15690,clan_37567,0,96,2
clan_4670,clan_39227,0,96,2
clan_13178,clan_32971,0,96,2
clan_37122,clan_42096,0,96,2
clan_3841,clan_44952,0,96,2
clan_32890,clan_47741,0,96,2
clan_7387,clan_31550,0,96,2
clan_9411,clan_32351,0,96,2
clan_9134,clan_37674,0,96,2
clan_7484,clan_5841,0,96,2
clan_16158,clan_20442,0,102,2
clan_10762,clan_43324,0,102,2
clan_20208,clan_44722,0,102,2
clan_3915,clan_42174,0,102,2
clan_31687,clan_46626,0,102,2
clan_15109,clan_27189,0,102,2
clan_17040,clan_39875,0,102,2
clan_2407,clan_10190,0,102,2
clan_16845,clan_33825,0,102,2
clan_9902,clan_40795,0,102,2
clan_15181,clan_39944,0,102,2
clan_24222,clan_48000,0,102,2
clan_20142,clan_27580,0,102,2
clan_3356,clan_4126,0,102,2
clan_27606,clan_47570,0,102,2
clan_18435,clan_36103,0,102,2
clan_5650,clan_46167,0,102,2
clan_2572,clan_42240,0,102,2
clan_20971,clan_6097,0,102,2
clan_21400,clan_34050,0,102,2
clan_26848,clan_33890,0,108,2
clan_9791,clan_48332,0,108,2
clan_5822,clan_30731,0,108,2
clan_38985,clan_2026,0,108,2
clan_48346,clan_47851,0,108,2
clan_40787,clan_45888,0,108,2
clan_7523,clan_26344,0,108,2
clan_5057,clan_35195,0,108,2
clan_5155,clan_2115,0,108,2
clan_639,clan_48523,0,108,2
clan_18335,clan_34228,0,108,2
clan_17147,clan_31968,0,108,2
clan_32521,clan_47281,0,108,2
clan_19739,clan_17609,0,108,2
clan_1813,clan_54,0,108,2
clan_26127,clan_42260,0,108,2
clan_7622,clan_36381,0,108,2
clan_20646,clan_46951,0,138,2
clan_21013,clan_12752,1,72,2
clan_12728,clan_24888,1,92,2
clan_2955,clan_14466,2,78,2
clan_9989,clan_18128,2,84,2
clan_22820,clan_6494,2,84,2
clan_8438,clan_23611,2,84,2
clan_22182,clan_44324,2,86,2
clan_14815,clan_6212,2,88,2
clan_9253,clan_7135,2,92,2
clan_12299,clan_40356,2,96,2
clan_29409,clan_28017,2,96,2
clan_11575,clan_25131,2,96,2
clan_25013,clan_22164,2,96,2
clan_18798,clan_9624,2,98,2
clan_6630,clan_25318,2,98,2
clan_5737,clan_43041,2,102,2
clan_37391,clan_37201,2,102,2
clan_48113,clan_46586,2,102,2
clan_24044,clan_4438,3,57,2
clan_30473,clan_36547,3,74,2
clan_18414,clan_6111,3,74,2
clan_23971,clan_3228,3,76,2
clan_20812,clan_14480,3,78,2
clan_8465,clan_3507,3,78,2
clan_19779,clan_26204,3,80,2
clan_27515,clan_33052,3,80,2
clan_6804,clan_11237,3,84,2
clan_39042,clan_37131,3,84,2
clan_24623,clan_30650,3,84,2
clan_35152,clan_45345,3,86,2
clan_17673,clan_8019,3,86,2
clan_17520,clan_36606,3,90,2
clan_12751,clan_11987,3,90,2
clan_18119,clan_28934,3,90,2
clan_20428,clan_48128,3,90,2
clan_26964,clan_27846,3,90,2
clan_36951,clan_37696,3,90,2
clan_1378,clan_1101,3,90,2
clan_45975,clan_44931,3,92,2
clan_17807,clan_28430,3,92,2
clan_6893,clan_22060,3,92,2
clan_21756,clan_41333,3,92,2
clan_16943,clan_27535,3,94,2
clan_31397,clan_39812,3,96,2
clan_15833,clan_33908,3,96,2
clan_8991,clan_33810,3,96,2
clan_25982,clan_42594,3,96,2
clan_14476,clan_39381,3,96,2
clan_4169,clan_5697,3,96,2
clan_27915,clan_42727,3,96,2
clan_30008,clan_46035,3,96,2
clan_24130,clan_42377,3,96,2
clan_5226,clan_36282,3,96,2
clan_17386,clan_1906,3,96,2
clan_44171,clan_44626,3,96,2
clan_47543,clan_41796,3,96,2
clan_38600,clan_38563,3,96,2
clan_39980,clan_33795,3,96,2
clan_31970,clan_17106,3,96,2
clan_5198,clan_14905,3,96,2
clan_6581,clan_36613,3,96,2
clan_24553,clan_8027,3,98,2
clan_6751,clan_47862,3,102,2
clan_17868,clan_13397,3,102,2
clan_13597,clan_40412,3,102,2
clan_3349,clan_37374,3,102,2
clan_14285,clan_38239,3,102,2
clan_14934,clan_21833,3,102,2
clan_21350,clan_14554,3,102,2
clan_829,clan_1076,3,136,2
clan_4075,clan_33590,4,70,2
clan_14680,clan_39189,4,78,2
clan_25544,clan_31356,4,80,2
clan_10320,clan_23685,4,85,2
clan_18571,clan_21125,4,86,2
clan_4106,clan_38757,4,86,2
clan_14320,clan_24869,4,86,2
clan_3927,clan_19836,4,87,2
clan_5302,clan_25156,4,96,2
clan_41646,clan_46583,4,96,2
clan_43649,clan_48528,4,136,2
clan_11312,clan_3765,5,40,2
clan_8458,clan_10198,5,68,2
clan_27311,clan_18489,5,70,2
clan_12510,clan_9452,5,77,2
clan_21464,clan_29842,5,84,2
clan_7395,clan_20900,5,86,2
clan_43067,clan_1992,5,86,2
clan_19619,clan_7731,5,86,2
clan_21232,clan_39744,5,86,2
clan_5055,clan_29843,5,86,2
clan_31898,clan_35189,5,88,2
clan_16447,clan_30506,5,92,2
clan_10196,clan_19489,5,96,2
clan_14856,clan_18397,5,96,2
clan_28353,clan_1322,5,96,2
clan_23345,clan_4039,6,72,2
clan_21149,clan_26494,6,75,2
clan_37402,clan_43852,6,76,2
clan_28207,clan_1825,6,76,2
clan_3875,clan_6807,6,78,2
clan_24262,clan_20976,6,78,2
clan_2428,clan_20388,6,78,2
clan_2815,clan_13660,6,78,2
clan_22232,clan_3201,6,80,2
clan_3989,clan_12248,6,80,2
clan_12121,clan_13429,6,80,2
clan_42184,clan_15933,6,82,2
clan_9149,clan_11808,6,84,2
clan_5238,clan_34227,6,84,2
clan_19579,clan_43255,6,84,2
clan_3561,clan_2425,6,84,2
clan_21513,clan_41054,6,84,2
clan_38098,clan_34883,6,86,2
clan_6868,clan_39530,6,86,2
clan_38775,clan_46144,6,86,2
clan_18125,clan_21798,6,86,2
clan_17503,clan_46034,6,86,2
clan_4852,clan_28887,6,87,2
clan_38670,clan_35807,6,87,2
clan_25695,clan_13726,6,87,2
clan_5452,clan_40212,6,88,2
clan_12050,clan_18137,6,90,2
clan_19712,clan_33130,6,90,2
clan_11673,clan_29106,6,90,2
clan_37641,clan_47095,6,90,2
clan_10207,clan_36772,6,90,2
clan_22731,clan_28475,6,90,2
clan_8479,clan_29980,6,90,2
clan_10137,clan_10794,6,90,2
clan_11806,clan_3463,6,90,2
clan_15870,clan_32143,6,90,2
clan_47430,clan_1690,6,92,2
clan_28003,clan_39620,6,93,2
clan_11218,clan_16259,6,96,2
clan_41449,clan_36635,6,96,2
clan_34235,clan_43793,6,96,2
clan_11607,clan_19590,6,96,2
clan_3344,clan_29782,6,96,2
clan_2390,clan_14594,6,96,2
clan_13138,clan_12091,6,96,2
clan_10575,clan_35238,6,96,2
clan_12382,clan_42666,6,96,2
clan_29455,clan_40232,6,99,2
clan_40120,clan_48513,6,99,2
clan_18377,clan_35823,6,99,2
clan_34455,clan_44996,6,99,2
clan_14943,clan_22587,6,99,2
clan_11667,clan_46904,6,111,2
clan_5027,clan_24652,7,74,2
clan_40064,clan_44623,7,75,2
clan_19008,clan_29280,7,78,2
clan_16489,clan_17715,7,79,2
clan_27537,clan_22522,7,80,2
clan_22650,clan_4844,7,80,2
clan_11158,clan_9509,7,81,2
clan_29372,clan_10809,7,86,2
clan_30062,clan_46184,7,86,2
clan_25076,clan_4244,7,86,2
clan_24301,clan_2403,7,86,2
clan_35728,clan_2027,7,94,2
clan_1501,clan_46241,7,104,2
clan_32159,clan_38802,8,62,2
clan_9021,clan_2879,8,63,2
clan_22694,clan_4108,8,65,2
clan_11914,clan_20113,8,68,2
clan_11911,clan_14694,8,72,2
clan_7820,clan_12860,8,73,2
clan_14529,clan_10935,8,74,2
clan_4749,clan_25519,8,74,2
clan_18825,clan_30626,8,74,2
clan_3221,clan_22949,8,74,2
clan_24073,clan_31702,8,75,2
clan_7599,clan_2892,8,75,2
clan_7144,clan_6584,8,78,2
clan_9524,clan_9722,8,78,2
clan_36612,clan_45817,8,80,2
clan_15783,clan_17640,8,80,2
clan_5003,clan_24122,8,80,2
clan_34440,clan_45441,8,81,2
clan_30084,clan_32408,8,83,2
clan_12419,clan_10028,8,84,2
clan_29375,clan_27542,8,87,2
clan_5966,clan_41175,8,87,2
clan_39185,clan_39948,8,90,2
clan_29599,clan_34889,8,90,2
clan_35699,clan_30075,8,90,2
clan_15961,clan_24808,8,90,2
clan_27459,clan_36450,8,93,2
clan_2137,clan_35889,8,93,2
clan_36105,clan_46830,8,93,2
clan_21105,clan_22122,9,59,2
clan_10784,clan_46633,9,60,2
clan_3298,clan_19713,9,61,2
clan_11961,clan_8826,9,64,2
clan_4508,clan_8567,9,64,2
clan_20187,clan_31925,9,66,2
clan_2644,clan_16903,9,66,2
clan_11825,clan_28316,9,68,2
clan_10744,clan_41360,9,68,2
clan_34623,clan_1603,9,69,2
clan_46029,clan_45095,9,69,2
clan_6941,clan_24727,9,71,2
clan_6460,clan_13092,9,72,2
clan_10840,clan_41441,9,72,2
clan_19452,clan_3294,9,72,2
clan_12940,clan_43584,9,72,2
clan_22662,clan_23548,9,72,2
clan_27859,clan_5591,9,72,2
clan_7203,clan_44120,9,72,2
clan_44210,clan_43753,9,75,2
clan_6623,clan_38826,9,75,2
clan_24173,clan_22812,9,75,2
clan_40536,clan_42933,9,77,2
clan_16647,clan_12761,9,78,2
clan_29335,clan_11109,9,78,2
clan_7202,clan_5589,9,78,2
clan_13317,clan_13149,9,80,2
clan_16140,clan_39342,9,80,2
clan_34381,clan_44485,9,80,2
clan_20439,clan_35821,9,81,2
clan_3856,clan_25021,9,81,2
clan_25213,clan_27333,9,81,2
clan_6834,clan_38329,9,81,2
clan_40248,clan_43865,9,81,2
clan_31465,clan_30985,9,81,2
clan_30223,clan_4309,9,81,2
clan_17634,clan_6134,9,81,2
clan_33041,clan_36480,9,81,2
clan_27405,clan_33301,9,81,2
clan_37606,clan_35931,9,81,2
clan_15693,clan_35467,9,82,2
clan_5522,clan_14989,9,84,2
clan_5574,clan_1594,9,84,2
clan_11022,clan_8156,9,84,2
clan_3784,clan_38574,9,84,2
clan_41731,clan_45295,9,84,2
clan_4804,clan_4806,9,84,2
clan_19938,clan_36516,9,84,2
clan_33860,clan_44315,9,84,2
clan_8086,clan_44684,9,84,2
clan_27210,clan_47723,9,84,2
clan_9944,clan_10233,9,86,2
clan_15447,clan_35283,9,87,2
clan_13173,clan_18136,9,87,2
clan_10576,clan_9715,9,87,2
clan_38945,clan_32026,9,87,2
clan_23470,clan_32936,9,87,2
clan_5295,clan_24115,9,87,2
clan_24504,clan_39782,9,87,2
clan_18360,clan_32305,9,87,2
clan_17610,clan_42197,9,87,2
clan_23906,clan_20947,9,87,2
clan_28594,clan_44620,9,87,2
clan_4752,clan_10036,9,87,2
clan_12967,clan_46050,9,87,2
clan_3695,clan_5267,9,87,2
clan_17531,clan_11646,9,87,2
clan_18619,clan_23279,9,88,2
clan_39822,clan_45081,9,90,2
clan_36921,clan_42623,9,90,2
clan_12992,clan_383,9,90,2
clan_18640,clan_37749,9,90,2
clan_3777,clan_25073,9,90,2
clan_22074,clan_2405,9,90,2
clan_38694,clan_40827,9,90,2
clan_14622,clan_22574,9,90,2
clan_8824,clan_39801,9,90,2
clan_40262,clan_48111,9,90,2
clan_22333,clan_31104,9,90,2
clan_30161,clan_40925,9,93,2
clan_15711,clan_43582,9,93,2
clan_22750,clan_9508,9,93,2
clan_28743,clan_38973,9,93,2
clan_3839,clan_42228,9,93,2
clan_25765,clan_25729,9,93,2
clan_42934,clan_48273,9,93,2
clan_42625,clan_46851,9,93,2
clan_39281,clan_40878,9,93,2
clan_9420,clan_37205,9,93,2
clan_13800,clan_18328,9,93,2
clan_18483,clan_6785,9,93,2
clan_12674,clan_40087,9,93,2
clan_4061,clan_38052,9,93,2
clan_10409,clan_37902,9,93,2
clan_8941,clan_27627,9,93,2
clan_10238,clan_42371,9,93,2
clan_28183,clan_34368,9,93,2
clan_32751,clan_44636,9,93,2
clan_26390,clan_32225,9,93,2
clan_16986,clan_41900,9,93,2
clan_23650,clan_40255,9,93,2
clan_14246,clan_24916,9,96,2
clan_8329,clan_19066,9,96,2
clan_21713,clan_28643,9,96,2
clan_21696,clan_24717,9,96,2
clan_23173,clan_34098,9,96,2
clan_9139,clan_31992,9,96,2
clan_33732,clan_38560,9,99,2
clan_167,clan_561,9,99,2
clan_48036,clan_42560,9,99,2
clan_48306,clan_48331,9,99,2
clan_14287,clan_43112,9,99,2
clan_27314,clan_40294,9,99,2
clan_19195,clan_36974,9,99,2
clan_29615,clan_32697,9,99,2
clan_42832,clan_45078,9,99,2
clan_34425,clan_16579,9,99,2
clan_16690,clan_36534,9,99,2
clan_41145,clan_45409,9,99,2
clan_40047,clan_44665,9,99,2
clan_35154,clan_44569,9,99,2
clan_45665,clan_46179,9,99,2
clan_40553,clan_44575,9,99,2
clan_21449,clan_29563,9,99,2
clan_34200,clan_45580,9,99,2
clan_3917,clan_20507,9,99,2
clan_32669,clan_41861,9,99,2
clan_29829,clan_48486,9,99,2
clan_5154,clan_45127,9,99,2
clan_10736,clan_22235,9,99,2
clan_41939,clan_26169,9,99,2
clan_11012,clan_2500,10,68,2
clan_6468,clan_18573,10,69,2
clan_25106,clan_7628,10,70,2
clan_13861,clan_3751,10,73,2
clan_10834,clan_26293,10,76,2
clan_17817,clan_21075,10,77,2
clan_5884,clan_9184,10,77,2
clan_12294,clan_30139,10,79,2
clan_9878,clan_38946,10,80,2
clan_4815,clan_36222,10,81,2
clan_41605,clan_42105,10,81,2
clan_24476,clan_32686,10,81,2
clan_2830,clan_40866,10,83,2
clan_6100,clan_29738,10,84,2
clan_31164,clan_37636,10,87,2
clan_24048,clan_18170,11,34,2
clan_19052,clan_37810,11,47,2
clan_3517,clan_14213,11,53,2
clan_5041,clan_22342,11,56,2
clan_6213,clan_22375,11,63,2
clan_24033,clan_13737,11,63,2
clan_14567,clan_2696,11,63,2
clan_24606,clan_3812,11,66,2
clan_38520,clan_46853,11,67,2
clan_11297,clan_27527,11,69,2
clan_38936,clan_38889,11,69,2
clan_11623,clan_39535,11,72,2
clan_4196,clan_29009,11,74,2
clan_31973,clan_22513,11,76,2
clan_8667,clan_34347,11,77,2
clan_8419,clan_39025,11,77,2
clan_17800,clan_5412,11,77,2
clan_14601,clan_13676,11,77,2
clan_3913,clan_30664,11,77,2
clan_34295,clan_837,11,78,2
clan_22908,clan_14176,11,78,2
clan_10592,clan_36096,11,78,2
clan_16153,clan_11863,11,80,2
clan_20324,clan_9265,11,80,2
clan_15248,clan_38672,11,81,2
clan_4162,clan_25803,11,81,2
clan_5825,clan_24019,11,81,2
clan_17870,clan_21874,11,81,2
clan_9478,clan_35258,11,82,2
clan_20833,clan_36503,11,83,2
clan_30313,clan_21918,11,84,2
clan_34186,clan_9441,11,86,2
clan_8694,clan_32953,11,87,2
clan_32781,clan_30931,11,87,2
clan_31568,clan_37777,11,87,2
clan_32805,clan_41798,11,90,2
clan_19022,clan_14267,11,90,2
clan_3047,clan_36099,11,90,2
clan_11999,clan_28672,11,90,2
clan_32646,clan_43402,11,90,2
clan_30463,clan_43310,11,93,2
clan_39609,clan_43457,11,93,2
clan_34463,clan_45691,11,93,2
clan_30007,clan_41262,11,93,2
clan_20549,clan_39465,11,93,2
clan_25536,clan_5617,11,93,2
clan_12732,clan_36062,11,93,2
clan_9382,clan_21018,12,37,2
clan_11872,clan_21946,12,54,2
clan_9457,clan_16167,12,57,2
clan_22900,clan_10758,12,60,2
clan_10901,clan_11494,12,63,2
clan_8549,clan_19771,12,63,2
clan_7377,clan_14532,12,65,2
clan_3364,clan_6117,12,65,2
clan_21078,clan_20624,12,66,2
clan_3119,clan_16219,12,67,2
clan_19553,clan_22504,12,67,2
clan_13560,clan_5248,12,67,2
clan_10737,clan_35383,12,68,2
clan_10599,clan_45265,12,68,2
clan_44381,clan_48404,12,68,2
clan_40938,clan_45488,12,68,2
clan_10708,clan_6113,12,69,2
clan_19570,clan_10120,12,69,2
clan_10024,clan_20894,12,69,2
clan_3107,clan_18267,12,69,2
clan_17360,clan_39333,12,71,2
clan_20409,clan_5434,12,72,2
clan_15223,clan_36811,12,72,2
clan_10306,clan_21071,12,72,2
clan_9205,clan_34537,12,72,2
clan_20629,clan_24709,12,72,2
clan_14151,clan_5626,12,73,2
clan_28576,clan_44899,12,74,2
clan_4600,clan_33893,12,74,2
clan_12991,clan_12888,12,75,2
clan_27090,clan_17193,12,75,2
clan_5723,clan_31473,12,75,2
clan_20564,clan_11563,12,75,2
clan_44448,clan_47416,12,75,2
clan_4629,clan_43910,12,75,2
clan_17514,clan_4510,12,75,2
clan_13460,clan_27444,12,75,2
clan_23899,clan_28773,12,75,2
clan_4634,clan_8257,12,75,2
clan_20550,clan_5096,12,76,2
clan_48383,clan_46282,12,77,2
clan_3495,clan_44465,12,77,2
clan_2272,clan_42317,12,77,2
clan_23969,clan_34305,12,78,2
clan_38383,clan_45831,12,78,2
clan_32502,clan_39338,12,78,2
clan_19053,clan_21373,12,78,2
clan_6837,clan_3018,12,78,2
clan_9142,clan_20219,12,78,2
clan_2497,clan_33796,12,78,2
clan_16232,clan_29608,12,78,2
clan_8152,clan_17675,12,78,2
clan_30841,clan_25602,12,78,2
clan_25515,clan_7263,12,78,2
clan_24360,clan_27334,12,78,2
clan_9818,clan_6390,12,78,2
clan_7529,clan_8556,12,79,2
clan_16756,clan_37214,12,80,2
clan_33431,clan_45063,12,80,2
clan_23765,clan_6564,12,80,2
clan_25882,clan_3534,12,80,2
clan_25888,clan_17315,12,80,2
clan_30937,clan_16440,12,81,2
clan_23829,clan_43311,12,81,2
clan_20244,clan_23095,12,81,2
clan_34383,clan_42959,12,81,2
clan_17611,clan_30830,12,81,2
clan_2417,clan_30432,12,81,2
clan_37154,clan_44093,12,81,2
clan_42707,clan_36881,12,81,2
clan_34598,clan_37852,12,81,2
clan_10364,clan_16657,12,81,2
clan_22884,clan_27660,12,81,2
clan_18764,clan_38745,12,81,2
clan_22919,clan_40685,12,81,2
clan_40758,clan_41271,12,81,2
clan_40520,clan_45649,12,82,2
clan_36128,clan_834,12,83,2
clan_15287,clan_39230,12,83,2
clan_33056,clan_14801,12,83,2
clan_40692,clan_47867,12,83,2
clan_19982,clan_45778,12,83,2
clan_35628,clan_1152,12,83,2
clan_38241,clan_42750,12,83,2
clan_22438,clan_32917,12,84,2
clan_23790,clan_29795,12,84,2
clan_27863,clan_32478,12,84,2
clan_17470,clan_18013,12,84,2
clan_16880,clan_27089,12,84,2
clan_10316,clan_6766,12,84,2
clan_6728,clan_28534,12,84,2
clan_33105,clan_42002,12,84,2
clan_14747,clan_8204,12,84,2
clan_14436,clan_24801,12,84,2
clan_17736,clan_40012,12,84,2
clan_7513,clan_14085,12,84,2
clan_4026,clan_45803,12,84,2
clan_10435,clan_17620,12,84,2
clan_24972,clan_13368,12,84,2
clan_34154,clan_45644,12,84,2
clan_24290,clan_27927,12,84,2
clan_9171,clan_29860,12,84,2
clan_17227,clan_35424,12,86,2
clan_14148,clan_22941,12,86,2
clan_40328,clan_47026,12,87,2
clan_14210,clan_7804,12,87,2
clan_22095,clan_46891,12,87,2
clan_23615,clan_6758,12,87,2
clan_26812,clan_45720,12,87,2
clan_24919,clan_47005,12,87,2
clan_3419,clan_30276,12,87,2
clan_27600,clan_45782,12,87,2
clan_13529,clan_7048,12,87,2
clan_14008,clan_31029,12,87,2
clan_22339,clan_14254,12,87,2
clan_23339,clan_20920,12,87,2
clan_11281,clan_15024,12,87,2
clan_42287,clan_42769,12,87,2
clan_32885,clan_45640,12,87,2
clan_7915,clan_46955,12,87,2
clan_6302,clan_46522,12,87,2
clan_24796,clan_9980,12,87,2
clan_36622,clan_42708,12,87,2
clan_24352,clan_26821,12,87,2
clan_15957,clan_30775,12,87,2
clan_4920,clan_163,12,87,2
clan_29259,clan_46413,12,87,2
clan_6694,clan_3759,12,87,2
clan_3627,clan_36845,12,87,2
clan_8790,clan_33725,12,87,2
clan_27377,clan_46740,12,87,2
clan_15554,clan_35837,12,87,2
clan_21405,clan_1292,12,87,2
clan_11039,clan_39540,12,87,2
clan_35727,clan_47857,12,87,2
clan_32220,clan_30681,12,87,2
clan_8920,clan_6435,12,87,2
clan_47023,clan_295,12,87,2
clan_36623,clan_45004,12,87,2
clan_5497,clan_23265,12,87,2
clan_29546,clan_44128,12,87,2
clan_11683,clan_33969,12,87,2
clan_24220,clan_35021,12,87,2
clan_29669,clan_41024,12,89,2
clan_35845,clan_1831,12,89,2
clan_31324,clan_48095,12,89,2
clan_37148,clan_44126,12,89,2
clan_30855,clan_38310,12,89,2
clan_25563,clan_43778,12,89,2
clan_23241,clan_40869,12,89,2
clan_26060,clan_47067,12,89,2
clan_955,clan_44745,12,89,2
clan_40124,clan_47273,12,89,2
clan_3330,clan_23288,12,89,2
clan_16728,clan_38420,12,90,2
clan_10697,clan_45230,12,90,2
clan_46958,clan_45598,12,90,2
clan_16339,clan_27289,12,90,2
clan_27165,clan_37399,12,90,2
clan_17647,clan_37019,12,90,2
clan_19923,clan_37545,12,90,2
clan_20117,clan_34659,12,90,2
clan_34438,clan_32822,12,90,2
clan_19139,clan_27934,12,90,2
clan_6717,clan_37853,12,90,2
clan_19320,clan_35879,12,90,2
clan_24306,clan_10950,12,90,2
clan_12965,clan_21239,12,90,2
clan_24491,clan_31736,12,90,2
clan_20478,clan_26986,12,90,2
clan_28692,clan_40347,12,90,2
clan_17060,clan_38378,12,90,2
clan_24121,clan_44712,12,90,2
clan_8382,clan_43978,12,90,2
clan_12868,clan_12023,12,92,2
clan_46178,clan_44348,12,92,2
clan_24804,clan_34586,12,93,2
clan_12308,clan_47131,12,93,2
clan_849,clan_47190,12,93,2
clan_27073,clan_23706,12,93,2
clan_30530,clan_31289,12,93,2
clan_27107,clan_40299,12,93,2
clan_47402,clan_1714,12,93,2
clan_28301,clan_41117,12,93,2
clan_13748,clan_29870,12,93,2
clan_2853,clan_1974,12,93,2
clan_20011,clan_5310,12,93,2
clan_13343,clan_10202,12,93,2
clan_3019,clan_33315,12,93,2
clan_28678,clan_28937,12,93,2
clan_4989,clan_11973,12,93,2
clan_46459,clan_1510,12,93,2
clan_19721,clan_42319,12,93,2
clan_22665,clan_42830,12,93,2
clan_22168,clan_39250,12,93,2
clan_29887,clan_46582,12,93,2
clan_18868,clan_31394,12,93,2
clan_11184,clan_39881,12,93,2
clan_37466,clan_44382,12,93,2
clan_37969,clan_43542,12,93,2
clan_46614,clan_47876,12,93,2
clan_10826,clan_21298,12,93,2
clan_3753,clan_35130,12,93,2
clan_16022,clan_39399,12,93,2
clan_9249,clan_20959,12,93,2
clan_38312,clan_43006,12,99,2
clan_44123,clan_48183,12,102,2
clan_12205,clan_21523,13,36,2
clan_12822,clan_3,13,60,2
clan_19495,clan_29131,13,61,2
clan_32020,clan_33039,13,62,2
clan_12274,clan_11309,13,64,2
clan_19986,clan_26834,13,64,2
clan_6473,clan_11487,13,64,2
clan_6197,clan_15817,13,64,2
clan_3807,clan_17856,13,65,2
clan_8073,clan_8764,13,65,2
clan_3035,clan_5551,13,65,2
clan_23760,clan_11205,13,65,2
clan_16697,clan_37264,13,66,2
clan_25224,clan_23780,13,68,2
clan_16282,clan_17372,13,70,2
clan_16950,clan_32623,13,71,2
clan_6365,clan_25020,13,72,2
clan_4681,clan_7311,13,72,2
clan_10910,clan_8561,13,73,2
clan_12398,clan_18673,13,73,2
clan_19324,clan_12907,13,75,2
clan_5970,clan_32404,13,76,2
clan_7317,clan_36501,13,77,2
clan_12489,clan_17625,13,77,2
clan_11443,clan_15058,13,78,2
clan_6994,clan_33939,13,78,2
clan_23525,clan_3828,13,78,2
clan_15749,clan_8648,13,79,2
clan_8881,clan_15672,13,80,2
clan_13762,clan_29139,13,80,2
clan_21670,clan_13476,13,80,2
clan_8762,clan_26590,13,81,2
clan_30184,clan_17127,13,81,2
clan_12423,clan_34723,13,81,2
clan_21638,clan_18648,13,83,2
clan_44456,clan_863,13,84,2
clan_13731,clan_43412,13,87,2
clan_34653,clan_34812,13,87,2
clan_48066,clan_1548,13,115,2
clan_11955,clan_8571,14,44,2
clan_4313,clan_5353,14,58,2
clan_5460,clan_12586,14,58,2
clan_28452,clan_15466,14,60,2
clan_7906,clan_26521,14,60,2
clan_14399,clan_12154,14,61,2
clan_9167,clan_8916,14,61,2
clan_2930,clan_11671,14,63,2
clan_26840,clan_21237,14,65,2
clan_3922,clan_6415,14,65,2
clan_23326,clan_21685,14,65,2
clan_15136,clan_2538,14,65,2
clan_14306,clan_13230,14,66,2
clan_20886,clan_35582,14,66,2
clan_43219,clan_44247,14,67,2
clan_27449,clan_40911,14,70,2
clan_9004,clan_8484,14,70,2
clan_26483,clan_42847,14,70,2
clan_3102,clan_2893,14,70,2
clan_11459,clan_10580,14,72,2
clan_9561,clan_29967,14,72,2
clan_14992,clan_24685,14,72,2
clan_16653,clan_13151,14,72,2
clan_47320,clan_47070,14,73,2
clan_9730,clan_17929,14,74,2
clan_2254,clan_47346,14,74,2
clan_8488,clan_17249,14,74,2
clan_12518,clan_10558,14,74,2
clan_4912,clan_11094,14,74,2
clan_17904,clan_5924,14,74,2
clan_30398,clan_44542,14,74,2
clan_36740,clan_45547,14,75,2
clan_27492,clan_26317,14,76,2
clan_21681,clan_27926,14,76,2
clan_48075,clan_38261,14,77,2
clan_19894,clan_22790,14,77,2
clan_7538,clan_37835,14,77,2
clan_20778,clan_30233,14,77,2
clan_39943,clan_40295,14,78,2
clan_17035,clan_14447,14,78,2
clan_3010,clan_32650,14,78,2
clan_12300,clan_43004,14,78,2
clan_17341,clan_32172,14,78,2
clan_16473,clan_37977,14,79,2
clan_4147,clan_25848,14,80,2
clan_45249,clan_2418,14,80,2
clan_14002,clan_46275,14,81,2
clan_42382,clan_44287,14,81,2
clan_6011,clan_6616,14,81,2
clan_3651,clan_28257,14,81,2
clan_24226,clan_20753,14,82,2
clan_41261,clan_42954,14,83,2
clan_9702,clan_32458,14,83,2
clan_24112,clan_15822,14,84,2
clan_25050,clan_40435,14,86,2
clan_23038,clan_24895,14,87,2
clan_11041,clan_25506,14,87,2
clan_25182,clan_32748,14,87,2
clan_30631,clan_30695,14,87,2
clan_17701,clan_42918,14,87,2
clan_16252,clan_21042,14,87,2
clan_16326,clan_42775,14,87,2
clan_27440,clan_21691,14,87,2
clan_3781,clan_24634,14,87,2
clan_6461,clan_36978,14,87,2
clan_45155,clan_1519,14,89,2
clan_9879,clan_17364,15,24,2
clan_3884,clan_3249,15,34,2
clan_2494,clan_14713,15,51,2
clan_7565,clan_30700,15,59,2
clan_26975,clan_15338,15,59,2
clan_2704,clan_15857,15,60,2
clan_5968,clan_28497,15,60,2
clan_15918,clan_13068,15,60,2
clan_2648,clan_13765,15,62,2
clan_23474,clan_20195,15,63,2
clan_4594,clan_24632,15,63,2
clan_16446,clan_13408,15,64,2
clan_33543,clan_42070,15,66,2
clan_22659,clan_20218,15,66,2
clan_25739,clan_25740,15,66,2
clan_24941,clan_39930,15,66,2
clan_7344,clan_26826,15,66,2
clan_10655,clan_8265,15,67,2
clan_41640,clan_44205,15,67,2
clan_11499,clan_31128,15,68,2
clan_35330,clan_30637,15,68,2
clan_24321,clan_34528,15,68,2
clan_7015,clan_30840,15,68,2
clan_32706,clan_537,15,68,2
clan_15590,clan_14518,15,69,2
clan_13436,clan_5405,15,69,2
clan_10732,clan_19633,15,69,2
clan_17971,clan_37127,15,69,2
clan_17700,clan_24284,15,69,2
clan_2650,clan_33351,15,69,2
clan_19707,clan_18522,15,69,2
clan_9037,clan_8028,15,70,2
clan_25262,clan_31741,15,72,2
clan_16069,clan_10584,15,72,2
clan_11429,clan_35979,15,72,2
clan_6012,clan_12280,15,72,2
clan_25971,clan_17773,15,72,2
clan_9186,clan_6296,15,72,2
clan_18100,clan_23640,15,72,2
clan_13431,clan_20060,15,72,2
clan_10531,clan_17569,15,73,2
clan_18152,clan_23323,15,73,2
clan_5845,clan_39633,15,74,2
clan_17735,clan_11166,15,74,2
clan_34131,clan_37146,15,74,2
clan_31715,clan_4425,15,74,2
clan_3142,clan_34167,15,75,2
clan_24521,clan_42548,15,75,2
clan_22505,clan_27748,15,75,2
clan_23294,clan_27626,15,75,2
clan_17401,clan_4684,15,75,2
clan_33857,clan_31096,15,75,2
clan_5060,clan_16564,15,75,2
clan_20454,clan_8422,15,75,2
clan_26850,clan_35536,15,75,2
clan_19472,clan_30469,15,75,2
clan_31321,clan_41683,15,75,2
clan_12583,clan_33973,15,75,2
clan_9455,clan_7035,15,75,2
clan_29080,clan_14657,15,76,2
clan_45581,clan_213,15,77,2
clan_25708,clan_24508,15,77,2
clan_25508,clan_6928,15,77,2
clan_19143,clan_41570,15,78,2
clan_26500,clan_15949,15,78,2
clan_9925,clan_3632,15,78,2
clan_40595,clan_46041,15,78,2
clan_30148,clan_25061,15,78,2
clan_23561,clan_20015,15,78,2
clan_25688,clan_43530,15,78,2
clan_39076,clan_43142,15,78,2
clan_3670,clan_21492,15,78,2
clan_31569,clan_38411,15,78,2
clan_22436,clan_27317,15,78,2
clan_1931,clan_46745,15,78,2
clan_11068,clan_17267,15,78,2
clan_2322,clan_5457,15,78,2
clan_8100,clan_21016,15,78,2
clan_7865,clan_32765,15,78,2
clan_21609,clan_19367,15,80,2
clan_25727,clan_35983,15,80,2
clan_3440,clan_3270,15,80,2
clan_19297,clan_39122,15,80,2
clan_18661,clan_3984,15,80,2
clan_24320,clan_42352,15,80,2
clan_37212,clan_38735,15,81,2
clan_31084,clan_6617,15,81,2
clan_21779,clan_40516,15,81,2
clan_39484,clan_44736,15,81,2
clan_45664,clan_40524,15,81,2
clan_7647,clan_16041,15,81,2
clan_16290,clan_13967,15,81,2
clan_23646,clan_20934,15,81,2
clan_8963,clan_31695,15,81,2
clan_44852,clan_48252,15,81,2
clan_40160,clan_45794,15,81,2
clan_3465,clan_6016,15,81,2
clan_44544,clan_40450,15,81,2
clan_22172,clan_32974,15,81,2
clan_40302,clan_44768,15,81,2
clan_40156,clan_44528,15,81,2
clan_20575,clan_46823,15,81,2
clan_39321,clan_41012,15,82,2
clan_35294,clan_40208,15,83,2
clan_22770,clan_36590,15,83,2
clan_6455,clan_9937,15,83,2
clan_8454,clan_31251,15,83,2
clan_14987,clan_16376,15,83,2
clan_4375,clan_16806,15,83,2
clan_33668,clan_23247,15,83,2
clan_32941,clan_38067,15,83,2
clan_3069,clan_39192,15,83,2
clan_10045,clan_12149,15,83,2
clan_45740,clan_44973,15,84,2
clan_8263,clan_2963,15,84,2
clan_37894,clan_45232,15,84,2
clan_12932,clan_26436,15,84,2
clan_5892,clan_22244,15,84,2
clan_18442,clan_42703,15,84,2
clan_21843,clan_46487,15,84,2
clan_28982,clan_18475,15,84,2
clan_14514,clan_26452,15,84,2
clan_34493,clan_38203,15,84,2
clan_28780,clan_31211,15,84,2
clan_12921,clan_37922,15,84,2
clan_7445,clan_21179,15,84,2
clan_12590,clan_15143,15,84,2
clan_39673,clan_40361,15,84,2
clan_37476,clan_34704,15,84,2
clan_43669,clan_44933,15,84,2
clan_12362,clan_39685,15,84,2
clan_38201,clan_36707,15,84,2
clan_7510,clan_33734,15,84,2
clan_39670,clan_33366,15,84,2
clan_32849,clan_41414,15,84,2
clan_33244,clan_46363,15,84,2
clan_2237,clan_41182,15,84,2
clan_39183,clan_42960,15,84,2
clan_31956,clan_19228,15,84,2
clan_26858,clan_25943,15,86,2
clan_11042,clan_34832,15,86,2
clan_10339,clan_3572,15,87,2
clan_3565,clan_4123,15,87,2
clan_31666,clan_43332,15,87,2
clan_7129,clan_28998,15,87,2
clan_47994,clan_42414,15,87,2
clan_44849,clan_46286,15,87,2
clan_13376,clan_24350,15,87,2
clan_29435,clan_27465,15,87,2
clan_15424,clan_48471,15,87,2
clan_33068,clan_40555,15,87,2
clan_3674,clan_29524,15,87,2
clan_40739,clan_46905,15,87,2
clan_29730,clan_19392,15,87,2
clan_18751,clan_33574,15,87,2
clan_45514,clan_47499,15,87,2
clan_32055,clan_45899,15,87,2
clan_33210,clan_6826,15,87,2
clan_35463,clan_46724,15,87,2
clan_22987,clan_33492,15,87,2
clan_44661,clan_46697,15,87,2
clan_28510,clan_24747,15,87,2
clan_45331,clan_44150,15,87,2
clan_21062,clan_26528,15,87,2
clan_29575,clan_16267,15,87,2
clan_36714,clan_20666,15,87,2
clan_17985,clan_38963,15,90,2
clan_13377,clan_26000,15,90,2
clan_39290,clan_39100,15,90,2
clan_44402,clan_43389,15,90,2
clan_45864,clan_45492,15,90,2
clan_33276,clan_35454,15,90,2
clan_8537,clan_48206,15,90,2
clan_43154,clan_47148,15,90,2
clan_30902,clan_38395,15,90,2
clan_2104,clan_613,15,116,2
clan_16029,clan_11074,16,45,2
clan_17737,clan_23970,16,53,2
clan_16957,clan_5218,16,56,2
clan_10183,clan_2519,16,59,2
clan_27386,clan_6923,16,60,2
clan_6678,clan_7802,16,61,2
clan_7891,clan_25562,16,62,2
clan_23248,clan_36508,16,62,2
clan_8972,clan_9841,16,62,2
clan_11180,clan_5440,16,63,2
clan_6832,clan_13587,16,63,2
clan_13850,clan_45077,16,65,2
clan_26303,clan_31481,16,65,2
clan_23421,clan_30267,16,66,2
clan_2715,clan_21852,16,66,2
clan_2381,clan_6812,16,66,2
clan_12142,clan_20301,16,67,2
clan_23385,clan_27278,16,67,2
clan_14932,clan_7049,16,68,2
clan_11229,clan_30632,16,68,2
clan_4935,clan_47804,16,68,2
clan_14231,clan_28688,16,69,2
clan_22154,clan_14525,16,70,2
clan_1665,clan_13050,16,71,2
clan_5209,clan_22024,16,71,2
clan_16127,clan_23455,16,71,2
clan_40182,clan_44346,16,71,2
clan_39760,clan_1035,16,71,2
clan_8521,clan_35449,16,72,2
clan_17056,clan_16218,16,72,2
clan_40009,clan_34282,16,72,2
clan_21486,clan_27808,16,73,2
clan_16323,clan_6189,16,74,2
clan_11746,clan_25047,16,74,2
clan_38031,clan_39537,16,75,2
clan_16629,clan_37457,16,75,2
clan_17380,clan_41875,16,75,2
clan_41295,clan_47019,16,75,2
clan_31680,clan_15329,16,77,2
clan_10573,clan_40410,16,77,2
clan_19963,clan_27214,16,78,2
clan_14144,clan_4966,16,78,2
clan_11340,clan_3523,16,78,2
clan_3909,clan_3410,16,78,2
clan_31585,clan_13102,16,78,2
clan_25910,clan_47259,16,79,2
clan_14112,clan_34074,16,81,2
clan_30496,clan_215,16,81,2
clan_13687,clan_31497,16,81,2
clan_2747,clan_11089,16,81,2
clan_1200,clan_736,16,93,2
clan_48354,clan_35599,16,102,2
clan_48483,clan_1030,16,118,2
clan_24854,clan_25393,17,47,2
clan_15029,clan_13594,17,48,2
clan_3738,clan_7574,17,52,2
clan_17840,clan_9354,17,57,2
clan_38877,clan_44230,17,58,2
clan_17398,clan_10489,17,58,2
clan_5360,clan_2767,17,59,2
clan_30115,clan_8286,17,59,2
clan_15178,clan_2768,17,60,2
clan_11692,clan_26167,17,60,2
clan_19793,clan_15717,17,61,2
clan_12790,clan_25199,17,62,2
clan_15402,clan_43697,17,62,2
clan_5886,clan_31823,17,63,2
clan_7037,clan_7592,17,63,2
clan_19998,clan_13332,17,64,2
clan_9090,clan_21618,17,64,2
clan_7082,clan_17931,17,64,2
clan_9067,clan_16190,17,65,2
clan_10365,clan_9646,17,65,2
clan_17469,clan_33942,17,66,2
clan_28764,clan_18724,17,66,2
clan_15185,clan_6447,17,67,2
clan_14812,clan_11636,17,68,2
clan_13097,clan_28476,17,68,2
clan_11078,clan_5015,17,68,2
clan_4269,clan_18688,17,68,2
clan_14178,clan_15579,17,69,2
clan_22840,clan_19632,17,69,2
clan_22886,clan_11995,17,69,2
clan_11444,clan_23409,17,69,2
clan_3715,clan_23325,17,69,2
clan_13867,clan_36359,17,69,2
clan_4220,clan_17663,17,69,2
clan_6790,clan_29649,17,69,2
clan_11507,clan_6467,17,70,2
clan_11367,clan_2677,17,70,2
clan_38187,clan_46898,17,71,2
clan_14358,clan_25396,17,71,2
clan_26682,clan_34095,17,72,2
clan_28726,clan_34211,17,72,2
clan_39247,clan_27944,17,72,2
clan_16741,clan_27604,17,72,2
clan_15162,clan_10864,17,72,2
clan_2562,clan_37289,17,73,2
clan_33127,clan_42613,17,73,2
clan_926,clan_1250,17,74,2
clan_38814,clan_45314,17,74,2
clan_14575,clan_3157,17,74,2
clan_28878,clan_41432,17,74,2
clan_10368,clan_6898,17,75,2
clan_15264,clan_9958,17,75,2
clan_32708,clan_34422,17,75,2
clan_38262,clan_22294,17,75,2
clan_11600,clan_27279,17,75,2
clan_18172,clan_16905,17,77,2
clan_20355,clan_39421,17,77,2
clan_516,clan_48059,17,77,2
clan_7531,clan_30909,17,77,2
clan_48116,clan_39553,17,77,2
clan_2807,clan_18998,17,77,2
clan_38741,clan_46355,17,78,2
clan_22672,clan_27886,17,78,2
clan_23809,clan_33784,17,78,2
clan_12721,clan_19708,17,78,2
clan_1960,clan_46540,17,78,2
clan_5118,clan_28300,17,78,2
clan_27240,clan_21765,17,78,2
clan_15516,clan_18143,17,78,2
clan_31089,clan_43497,17,78,2
clan_4780,clan_17139,17,78,2
clan_45912,clan_44589,17,78,2
clan_21667,clan_16086,17,78,2
clan_3104,clan_9966,17,78,2
clan_41412,clan_48411,17,78,2
clan_40176,clan_44612,17,78,2
clan_15206,clan_37365,17,78,2
clan_24178,clan_13991,17,78,2
clan_20213,clan_20565,17,80,2
clan_37953,clan_32630,17,80,2
clan_39419,clan_44984,17,80,2
clan_4663,clan_27942,17,81,2
clan_22680,clan_41041,17,81,2
clan_45253,clan_47437,17,81,2
clan_44376,clan_38251,17,81,2
clan_25270,clan_847,17,81,2
clan_24669,clan_42148,17,81,2
clan_2092,clan_47542,17,81,2
clan_24380,clan_19835,17,81,2
clan_13995,clan_9165,17,81,2
clan_13933,clan_8505,17,83,2
clan_33992,clan_39133,17,83,2
clan_31885,clan_42533,17,84,2
clan_7833,clan_28752,17,84,2
clan_43151,clan_43614,17,84,2
clan_39113,clan_41782,17,84,2
clan_44463,clan_47379,17,84,2
clan_6379,clan_41179,17,84,2
clan_7164,clan_15177,18,51,2
clan_16243,clan_3539,18,53,2
clan_3033,clan_3686,18,54,2
clan_25775,clan_13562,18,56,2
clan_25484,clan_5929,18,56,2
clan_6261,clan_4498,18,56,2
clan_9723,clan_2623,18,57,2
clan_37832,clan_42385,18,59,2
clan_28313,clan_6021,18,59,2
clan_4523,clan_43944,18,60,2
clan_5815,clan_8952,18,60,2
clan_8865,clan_25264,18,60,2
clan_11435,clan_9101,18,60,2
clan_8184,clan_25630,18,60,2
clan_3544,clan_7008,18,60,2
clan_4186,clan_26725,18,62,2
clan_16891,clan_36589,18,62,2
clan_38025,clan_43250,18,62,2
clan_25053,clan_13730,18,62,2
clan_2827,clan_23112,18,63,2
clan_20157,clan_29413,18,63,2
clan_14752,clan_19932,18,63,2
clan_30938,clan_9339,18,63,2
clan_12170,clan_22082,18,63,2
clan_7567,clan_11953,18,64,2
clan_4451,clan_30787,18,65,2
clan_22271,clan_24164,18,66,2
clan_19421,clan_11797,18,66,2
clan_19689,clan_4596,18,66,2
clan_20336,clan_19158,18,66,2
clan_3412,clan_34520,18,66,2
clan_17166,clan_7997,18,66,2
clan_5367,clan_28996,18,66,2
clan_47000,clan_15376,18,66,2
clan_16976,clan_13910,18,66,2
clan_42704,clan_578,18,66,2
clan_21871,clan_36087,18,66,2
clan_13802,clan_23644,18,66,2
clan_22215,clan_5486,18,67,2
clan_5961,clan_14070,18,67,2
clan_10569,clan_18318,18,67,2
clan_5687,clan_28968,18,68,2
clan_22861,clan_42407,18,68,2
clan_33271,clan_44078,18,68,2
clan_39085,clan_2783,18,68,2
clan_3065,clan_37635,18,68,2
clan_2923,clan_39461,18,68,2
clan_38069,clan_42814,18,68,2
clan_27478,clan_43981,18,68,2
clan_22071,clan_11540,18,69,2
clan_9274,clan_3310,18,69,2
clan_8307,clan_31198,18,69,2
clan_5454,clan_26478,18,69,2
clan_15328,clan_20843,18,69,2
clan_1069,clan_12999,18,69,2
clan_31331,clan_41881,18,69,2
clan_41049,clan_42289,18,69,2
clan_14203,clan_39590,18,69,2
clan_21559,clan_18836,18,69,2
clan_18884,clan_32231,18,69,2
clan_6576,clan_43940,18,69,2
clan_16294,clan_40399,18,70,2
clan_29304,clan_29022,18,70,2
clan_19155,clan_33013,18,70,2
clan_47850,clan_2151,18,71,2
clan_24673,clan_42629,18,71,2
clan_27890,clan_42050,18,71,2
clan_30988,clan_22198,18,71,2
clan_11922,clan_24704,18,71,2
clan_28159,clan_38090,18,71,2
clan_20770,clan_32554,18,72,2
clan_27536,clan_33798,18,72,2
clan_42484,clan_43265,18,72,2
clan_25698,clan_10383,18,72,2
clan_3164,clan_9778,18,72,2
clan_8379,clan_9686,18,72,2
clan_13305,clan_17192,18,72,2
clan_22208,clan_38621,18,72,2
clan_19761,clan_46768,18,72,2
clan_10816,clan_3215,18,72,2
clan_4899,clan_29621,18,72,2
clan_17317,clan_27273,18,72,2
clan_18059,clan_6701,18,72,2
clan_29446,clan_28481,18,72,2
clan_6734,clan_1676,18,72,2
clan_31893,clan_42506,18,72,2
clan_38864,clan_38165,18,72,2
clan_24772,clan_6315,18,72,2
clan_15364,clan_40325,18,72,2
clan_27821,clan_27238,18,72,2
clan_35692,clan_861,18,72,2
clan_26481,clan_522,18,72,2
clan_32401,clan_18642,18,72,2
clan_11439,clan_26040,18,72,2
clan_18491,clan_26168,18,72,2
clan_29279,clan_12957,18,73,2
clan_43090,clan_34753,18,73,2
clan_1570,clan_43844,18,74,2
clan_25462,clan_35888,18,74,2
clan_37729,clan_45706,18,74,2
clan_38320,clan_27798,18,74,2
clan_28278,clan_183,18,74,2
clan_34503,clan_40664,18,74,2
clan_3481,clan_35464,18,74,2
clan_22495,clan_21872,18,74,2
clan_23413,clan_30352,18,74,2
clan_7958,clan_8997,18,75,2
clan_11239,clan_41682,18,75,2
clan_6989,clan_37467,18,75,2
clan_30666,clan_34566,18,75,2
clan_28951,clan_11412,18,75,2
clan_43878,clan_202,18,75,2
clan_13795,clan_21883,18,75,2
clan_23044,clan_46273,18,75,2
clan_35952,clan_41439,18,75,2
clan_24340,clan_17815,18,75,2
clan_7341,clan_32546,18,75,2
clan_10537,clan_23717,18,75,2
clan_33433,clan_41691,18,75,2
clan_12440,clan_31136,18,75,2
clan_16714,clan_26948,18,75,2
clan_4632,clan_39023,18,75,2
clan_28387,clan_3492,18,75,2
clan_29655,clan_25537,18,75,2
clan_16859,clan_10407,18,75,2
clan_17039,clan_44321,18,75,2
clan_10567,clan_40360,18,75,2
clan_13746,clan_32249,18,75,2
clan_19791,clan_42087,18,75,2
clan_31046,clan_26328,18,76,2
clan_42669,clan_43661,18,77,2
clan_5309,clan_35975,18,77,2
clan_3912,clan_5352,18,77,2
clan_9044,clan_23301,18,78,2
clan_6818,clan_39043,18,78,2
clan_27099,clan_40443,18,78,2
clan_22834,clan_24108,18,78,2
clan_9900,clan_32301,18,78,2
clan_32286,clan_14208,18,78,2
clan_31284,clan_43994,18,78,2
clan_16587,clan_39560,18,78,2
clan_28969,clan_2034,18,78,2
clan_42991,clan_408,18,78,2
clan_27117,clan_19446,18,78,2
clan_20346,clan_31438,18,78,2
clan_32315,clan_23549,18,78,2
clan_20305,clan_10348,18,78,2
clan_19080,clan_20533,18,78,2
clan_7603,clan_19719,18,78,2
clan_47187,clan_42368,18,78,2
clan_11710,clan_37842,18,78,2
clan_34152,clan_37498,18,78,2
clan_32038,clan_40561,18,78,2
clan_32875,clan_44085,18,78,2
clan_35163,clan_33132,18,78,2
clan_10077,clan_14964,18,78,2
clan_7074,clan_21058,18,78,2
clan_36,clan_43373,18,78,2
clan_34866,clan_34402,18,78,2
clan_20779,clan_18258,18,78,2
clan_17788,clan_2253,18,78,2
clan_12750,clan_26014,18,78,2
clan_11488,clan_18076,18,78,2
clan_6705,clan_33243,18,78,2
clan_12425,clan_34009,18,78,2
clan_7704,clan_43552,18,78,2
clan_22349,clan_45103,18,78,2
clan_11751,clan_15432,18,78,2
clan_16068,clan_3920,18,78,2
clan_32471,clan_12092,18,78,2
clan_8995,clan_40085,18,78,2
clan_9893,clan_29987,18,78,2
clan_5543,clan_44847,18,78,2
clan_18492,clan_36049,18,78,2
clan_43791,clan_40419,18,78,2
clan_24676,clan_21253,18,78,2
clan_7128,clan_40197,18,78,2
clan_20257,clan_43384,18,78,2
clan_6649,clan_9695,18,78,2
clan_14712,clan_8228,18,79,2
clan_14806,clan_17554,18,80,2
clan_34707,clan_40651,18,80,2
clan_32857,clan_45098,18,80,2
clan_24367,clan_30000,18,80,2
clan_24935,clan_18767,18,80,2
clan_48258,clan_868,18,81,2
clan_45147,clan_46795,18,81,2
clan_9218,clan_5461,18,81,2
clan_8449,clan_18755,18,81,2
clan_14833,clan_35001,18,81,2
clan_24646,clan_8160,18,81,2
clan_34473,clan_48063,18,81,2
clan_36648,clan_36706,18,81,2
clan_25820,clan_13297,18,81,2
clan_5765,clan_23696,18,81,2
clan_14116,clan_29483,18,81,2
clan_14819,clan_11174,18,81,2
clan_15461,clan_2489,18,81,2
clan_43835,clan_39883,18,81,2
clan_39669,clan_44163,18,81,2
clan_25588,clan_15515,18,81,2
clan_2098,clan_9334,18,81,2
clan_17264,clan_24737,18,81,2
clan_26760,clan_33078,18,81,2
clan_32421,clan_1650,18,81,2
clan_30791,clan_33977,18,81,2
clan_7871,clan_41061,18,81,2
clan_28284,clan_34328,18,81,2
clan_7796,clan_4548,18,81,2
clan_24005,clan_32165,18,81,2
clan_5204,clan_21341,18,81,2
clan_17654,clan_8998,18,81,2
clan_14487,clan_28265,18,82,2
clan_33821,clan_34660,18,83,2
clan_46609,clan_43757,18,83,2
clan_2548,clan_5702,18,84,2
clan_34476,clan_29778,18,84,2
clan_6914,clan_19375,18,84,2
clan_40097,clan_40797,18,84,2
clan_32586,clan_42545,18,84,2
clan_26519,clan_41504,18,84,2
clan_14105,clan_21412,18,84,2
clan_24558,clan_35360,18,84,2
clan_34139,clan_31073,18,84,2
clan_3851,clan_2813,18,84,2
clan_21719,clan_34638,18,84,2
clan_23,clan_41521,18,84,2
clan_37660,clan_597,18,84,2
clan_16103,clan_27842,18,84,2
clan_25227,clan_28473,18,84,2
clan_27780,clan_447,18,84,2
clan_43806,clan_42336,18,84,2
clan_17481,clan_27998,18,84,2
clan_29558,clan_37452,18,84,2
clan_1848,clan_31062,18,84,2
clan_39931,clan_44057,18,84,2
clan_27228,clan_44870,18,84,2
clan_23623,clan_4370,18,84,2
clan_9884,clan_22241,18,84,2
clan_40504,clan_45550,18,84,2
clan_25721,clan_19369,18,84,2
clan_10379,clan_36950,18,84,2
clan_22647,clan_6020,18,84,2
clan_45172,clan_47987,18,84,2
clan_32846,clan_28606,18,84,2
clan_5840,clan_30438,18,84,2
clan_27265,clan_43021,18,84,2
clan_45650,clan_47506,18,84,2
clan_24437,clan_35877,18,84,2
clan_45616,clan_47690,18,84,2
clan_24305,clan_13674,18,84,2
clan_7970,clan_11187,18,84,2
clan_466,clan_12303,18,84,2
clan_1207,clan_924,18,84,2
clan_14482,clan_31002,18,84,2
clan_40885,clan_43032,18,84,2
clan_29657,clan_31602,18,84,2
clan_14279,clan_33983,18,84,2
clan_37603,clan_46883,18,84,2
clan_9638,clan_25733,18,84,2
clan_19898,clan_21964,18,84,2
clan_23207,clan_35674,18,84,2
clan_17156,clan_34529,18,84,2
clan_39197,clan_38010,18,84,2
clan_8425,clan_29616,18,84,2
clan_30201,clan_6922,18,84,2
clan_42975,clan_41699,18,84,2
clan_44908,clan_1443,18,86,2
clan_5492,clan_38425,18,87,2
clan_47304,clan_240,18,87,2
clan_43188,clan_34710,18,87,2
clan_19204,clan_33077,18,87,2
clan_8249,clan_32148,18,87,2
clan_5070,clan_24343,18,87,2
clan_17413,clan_3234,18,87,2
clan_4765,clan_2509,18,87,2
clan_17992,clan_429,18,87,2
clan_17320,clan_31890,18,87,2
clan_40845,clan_46493,18,90,2
clan_6762,clan_24249,18,90,2
clan_24207,clan_42129,18,90,2
clan_24983,clan_29436,18,90,2
clan_21283,clan_38766,18,90,2
clan_3865,clan_31646,18,90,2
clan_5625,clan_22070,18,90,2
clan_12323,clan_23219,18,90,2
clan_1197,clan_47469,18,90,2
clan_8448,clan_12813,18,90,2
clan_25096,clan_10223,18,90,2
clan_30965,clan_45722,18,90,2
clan_13657,clan_25772,18,90,2
clan_1507,clan_41206,18,90,2
clan_23727,clan_33849,18,90,2
clan_1337,clan_42531,18,90,2
clan_43786,clan_42987,18,90,2
clan_10966,clan_15702,18,90,2
clan_43047,clan_47824,18,90,2
clan_31317,clan_46305,18,90,2
clan_22679,clan_39550,18,90,2
clan_11921,clan_31199,18,90,2
clan_28640,clan_44948,18,90,2
clan_25531,clan_40265,18,90,2
clan_4549,clan_12222,18,90,2
clan_19766,clan_38938,18,90,2
clan_7345,clan_36842,18,90,2
clan_23981,clan_41918,18,90,2
clan_17403,clan_48254,18,90,2
clan_31255,clan_48542,18,90,2
clan_17718,clan_3937,18,90,2
clan_33060,clan_1254,18,90,2
clan_29640,clan_45577,18,90,2
clan_44023,clan_45480,18,90,2
clan_10475,clan_38875,18,90,2
clan_4219,clan_42534,18,90,2
clan_23984,clan_8518,18,90,2
clan_47837,clan_1319,18,90,2
clan_6793,clan_33353,18,90,2
clan_2075,clan_48440,18,90,2
clan_40575,clan_36507,18,90,2
clan_30028,clan_32073,18,90,2
clan_3676,clan_34592,18,90,2
clan_5215,clan_44545,18,90,2
clan_12188,clan_41458,18,90,2
clan_20052,clan_16744,18,90,2
clan_45448,clan_14630,18,90,2
clan_4172,clan_43305,18,90,2
clan_17822,clan_35948,18,90,2
clan_19435,clan_33720,18,90,2
clan_38317,clan_42172,18,90,2
clan_28804,clan_26031,18,90,2
clan_23447,clan_37359,18,90,2
clan_43729,clan_45826,18,90,2
clan_1041,clan_42567,18,90,2
clan_33473,clan_47410,18,90,2
clan_3022,clan_19097,18,90,2
clan_23490,clan_27399,18,90,2
clan_12766,clan_18026,18,90,2
clan_21051,clan_30614,18,90,2
clan_21524,clan_14797,18,90,2
clan_43525,clan_44300,18,90,2
clan_11051,clan_34206,18,90,2
clan_38514,clan_15794,18,90,2
clan_32215,clan_46427,18,90,2
clan_1016,clan_1212,18,96,2
clan_5696,clan_10390,19,43,2
clan_43443,clan_46915,19,50,2
clan_15299,clan_9645,19,50,2
clan_30675,clan_4142,19,55,2
clan_18422,clan_16995,19,56,2
clan_26020,clan_27344,19,56,2
clan_17732,clan_22809,19,57,2
clan_13598,clan_7845,19,57,2
clan_12977,clan_17717,19,57,2
clan_18370,clan_17777,19,57,2
clan_7745,clan_3395,19,59,2
clan_9935,clan_15277,19,59,2
clan_28529,clan_4002,19,60,2
clan_18546,clan_30054,19,61,2
clan_36413,clan_28561,19,62,2
clan_30514,clan_20746,19,62,2
clan_7803,clan_20335,19,64,2
clan_5940,clan_17492,19,66,2
clan_21832,clan_85,19,66,2
clan_36724,clan_27594,19,67,2
clan_41738,clan_37061,19,67,2
clan_18639,clan_30183,19,67,2
clan_4867,clan_18036,19,67,2
clan_18712,clan_6299,19,67,2
clan_39507,clan_37273,19,68,2
clan_28956,clan_2600,19,68,2
clan_30181,clan_4305,19,69,2
clan_34385,clan_33116,19,69,2
clan_1449,clan_2096,19,69,2
clan_3778,clan_17085,19,69,2
clan_15977,clan_7718,19,69,2
clan_16036,clan_30079,19,69,2
clan_17434,clan_15022,19,70,2
clan_24607,clan_6815,19,70,2
clan_28712,clan_6186,19,71,2
clan_4585,clan_8959,19,71,2
clan_7770,clan_39795,19,72,2
clan_27436,clan_20285,19,72,2
clan_3521,clan_29595,19,72,2
clan_3237,clan_22983,19,72,2
clan_11250,clan_8548,19,72,2
clan_7386,clan_27039,19,72,2
clan_32671,clan_37970,19,72,2
clan_9890,clan_37625,19,74,2
clan_3400,clan_29791,19,74,2
clan_12171,clan_13162,19,74,2
clan_15669,clan_35787,19,74,2
clan_26955,clan_31533,19,74,2
clan_45303,clan_44251,19,74,2
clan_27340,clan_43670,19,75,2
clan_3181,clan_4619,19,75,2
clan_36354,clan_38060,19,76,2
clan_25079,clan_18165,19,78,2
clan_27135,clan_33183,19,78,2
clan_18113,clan_21375,19,78,2
clan_41167,clan_32840,19,78,2
clan_3286,clan_37632,19,78,2
clan_17781,clan_46732,19,78,2
clan_35851,clan_37991,19,78,2
clan_16944,clan_23569,19,78,2
clan_3147,clan_19952,19,84,2
clan_25767,clan_4038,19,84,2
clan_479,clan_1323,19,108,2
clan_3063,clan_11421,20,26,2
clan_20334,clan_4839,20,31,2
clan_4040,clan_8212,20,40,2
clan_14895,clan_4361,20,44,2
clan_10946,clan_2796,20,51,2
clan_23392,clan_18297,20,55,2
clan_15167,clan_24767,20,55,2
clan_14547,clan_19486,20,56,2
clan_21735,clan_26584,20,56,2
clan_10601,clan_5350,20,56,2
clan_9635,clan_9512,20,56,2
clan_15729,clan_11403,20,58,2
clan_6105,clan_6274,20,59,2
clan_6353,clan_28457,20,59,2
clan_6128,clan_19425,20,59,2
clan_44584,clan_40039,20,60,2
clan_5823,clan_11394,20,60,2
clan_28738,clan_13525,20,62,2
clan_14097,clan_14903,20,62,2
clan_1602,clan_33921,20,63,2
clan_10830,clan_6945,20,63,2
clan_8217,clan_20247,20,63,2
clan_28438,clan_11348,20,64,2
clan_9191,clan_21851,20,64,2
clan_21727,clan_24065,20,64,2
clan_2248,clan_27947,20,65,2
clan_34323,clan_36500,20,65,2
clan_8596,clan_4828,20,66,2
clan_20614,clan_8361,20,66,2
clan_44922,clan_47631,20,66,2
clan_13996,clan_14960,20,67,2
clan_24515,clan_32468,20,67,2
clan_22542,clan_48029,20,68,2
clan_21493,clan_13768,20,68,2
clan_2106,clan_38421,20,68,2
clan_6470,clan_8282,20,68,2
clan_43323,clan_22054,20,68,2
clan_27670,clan_18037,20,68,2
clan_3688,clan_22634,20,68,2
clan_28700,clan_22934,20,68,2
clan_12102,clan_41260,20,69,2
clan_28526,clan_21695,20,69,2
clan_23528,clan_5186,20,69,2
clan_27717,clan_28865,20,69,2
clan_4072,clan_16821,20,69,2
clan_18046,clan_36943,20,69,2
clan_2529,clan_31063,20,69,2
clan_3402,clan_1167,20,70,2
clan_13148,clan_20458,20,70,2
clan_27175,clan_24918,20,70,2
clan_20262,clan_21389,20,71,2
clan_17346,clan_11968,20,71,2
clan_39013,clan_43140,20,71,2
clan_13410,clan_14332,20,71,2
clan_32364,clan_46429,20,71,2
clan_18567,clan_10387,20,71,2
clan_17749,clan_25325,20,72,2
clan_28590,clan_22535,20,72,2
clan_17613,clan_13150,20,72,2
clan_16732,clan_45655,20,72,2
clan_16058,clan_27105,20,72,2
clan_11147,clan_13406,20,72,2
clan_28084,clan_37692,20,72,2
clan_33016,clan_39524,20,72,2
clan_8619,clan_4734,20,72,2
clan_18157,clan_31204,20,72,2
clan_22019,clan_35409,20,72,2
clan_24326,clan_39410,20,72,2
clan_13371,clan_12000,20,72,2
clan_13152,clan_39221,20,72,2
clan_10893,clan_19291,20,72,2
clan_21672,clan_24868,20,72,2
clan_43561,clan_43689,20,73,2
clan_2794,clan_7324,20,74,2
clan_39816,clan_694,20,74,2
clan_2957,clan_25431,20,74,2
clan_37388,clan_28062,20,74,2
clan_30857,clan_38343,20,74,2
clan_45597,clan_46800,20,75,2
clan_23185,clan_42817,20,75,2
clan_1860,clan_9708,20,75,2
clan_27068,clan_3821,20,75,2
clan_10979,clan_26227,20,75,2
clan_11755,clan_3891,20,76,2
clan_3355,clan_23510,20,76,2
clan_24922,clan_34072,20,77,2
clan_2652,clan_31901,20,78,2
clan_47167,clan_48112,20,78,2
clan_42420,clan_48080,20,78,2
clan_44734,clan_33779,20,78,2
clan_22242,clan_6452,20,78,2
clan_14126,clan_18646,20,78,2
clan_44964,clan_48069,20,78,2
clan_30747,clan_31091,20,78,2
clan_7409,clan_20367,20,78,2
clan_18561,clan_46230,20,78,2
clan_32449,clan_34870,20,78,2
clan_23366,clan_39049,20,78,2
clan_16073,clan_33747,20,78,2
clan_4598,clan_18294,20,78,2
clan_31922,clan_48198,20,78,2
clan_27612,clan_14787,20,78,2
clan_2899,clan_38216,20,78,2
clan_8481,clan_21382,20,78,2
clan_22021,clan_45724,20,78,2
clan_24937,clan_34022,20,78,2
clan_15643,clan_12950,20,80,2
clan_5752,clan_27945,20,80,2
clan_3814,clan_4872,20,80,2
clan_23619,clan_22904,20,80,2
clan_46903,clan_48114,20,81,2
clan_944,clan_1895,20,81,2
clan_38685,clan_32955,20,82,2
clan_28517,clan_41514,20,84,2
clan_44207,clan_43560,20,84,2
clan_21975,clan_46710,20,84,2
clan_25187,clan_20809,20,84,2
clan_45560,clan_47150,20,84,2
clan_25398,clan_37513,20,84,2
clan_46325,clan_45125,20,84,2
clan_47149,clan_48251,20,84,2
clan_9861,clan_8575,20,84,2
clan_20028,clan_21064,21,46,2
clan_12407,clan_29510,21,50,2
clan_5726,clan_5199,21,52,2
clan_13962,clan_32635,21,52,2
clan_7604,clan_14825,21,54,2
clan_4122,clan_2680,21,54,2
clan_14561,clan_5568,21,54,2
clan_10688,clan_30277,21,56,2
clan_13557,clan_21292,21,56,2
clan_16912,clan_17677,21,56,2
clan_18209,clan_17305,21,57,2
clan_16314,clan_29033,21,57,2
clan_17484,clan_6946,21,57,2
clan_13649,clan_33576,21,58,2
clan_2501,clan_23298,21,58,2
clan_16660,clan_48,21,58,2
clan_12524,clan_5880,21,58,2
clan_15388,clan_39017,21,58,2
clan_6424,clan_27534,21,59,2
clan_11046,clan_16143,21,59,2
clan_3034,clan_6865,21,59,2
clan_24006,clan_27965,21,60,2
clan_12505,clan_12594,21,60,2
clan_27470,clan_38309,21,60,2
clan_14939,clan_24984,21,60,2
clan_30316,clan_26054,21,60,2
clan_26321,clan_42645,21,60,2
clan_15839,clan_30141,21,60,2
clan_14049,clan_32740,21,60,2
clan_24376,clan_16699,21,60,2
clan_41708,clan_42799,21,60,2
clan_22033,clan_17479,21,60,2
clan_16035,clan_4851,21,60,2
clan_14121,clan_19607,21,60,2
clan_31488,clan_31744,21,60,2
clan_31424,clan_29857,21,62,2
clan_21386,clan_402,21,62,2
clan_3101,clan_5793,21,62,2
clan_16997,clan_16013,21,62,2
clan_15160,clan_3148,21,62,2
clan_38215,clan_42170,21,62,2
clan_26967,clan_2566,21,63,2
clan_17913,clan_33619,21,63,2
clan_5988,clan_5311,21,63,2
clan_8756,clan_30493,21,63,2
clan_18718,clan_22423,21,63,2
clan_9227,clan_2250,21,63,2
clan_22867,clan_5846,21,63,2
clan_8049,clan_17063,21,63,2
clan_22686,clan_32999,21,64,2
clan_17759,clan_19061,21,64,2
clan_19704,clan_14247,21,65,2
clan_15323,clan_30748,21,65,2
clan_12759,clan_4542,21,66,2
clan_5613,clan_10274,21,66,2
clan_16740,clan_30038,21,66,2
clan_8442,clan_17199,21,66,2
clan_5885,clan_6933,21,66,2
clan_46246,clan_44445,21,66,2
clan_27362,clan_11104,21,66,2
clan_24282,clan_23616,21,66,2
clan_11440,clan_18098,21,66,2
clan_24293,clan_36249,21,66,2
clan_3543,clan_20168,21,66,2
clan_16126,clan_15858,21,66,2
clan_29468,clan_18919,21,66,2
clan_21123,clan_23653,21,66,2
clan_36813,clan_31918,21,66,2
clan_15705,clan_36486,21,66,2
clan_40650,clan_37712,21,66,2
clan_12597,clan_30978,21,66,2
clan_21861,clan_35836,21,66,2
clan_13166,clan_15380,21,66,2
clan_13492,clan_12634,21,66,2
clan_2789,clan_32041,21,66,2
clan_8310,clan_24259,21,68,2
clan_21319,clan_35641,21,68,2
clan_23076,clan_32224,21,68,2
clan_36680,clan_38992,21,68,2
clan_9617,clan_2875,21,68,2
clan_5983,clan_8588,21,68,2
clan_32440,clan_21625,21,68,2
clan_25999,clan_33187,21,68,2
clan_7608,clan_3152,21,68,2
clan_29968,clan_23596,21,68,2
clan_35947,clan_37162,21,68,2
clan_23864,clan_40260,21,68,2
clan_11837,clan_9136,21,68,2
clan_4422,clan_12851,21,68,2
clan_34601,clan_29840,21,69,2
clan_3796,clan_33700,21,69,2
clan_24781,clan_43667,21,69,2
clan_9768,clan_20737,21,69,2
clan_44720,clan_46916,21,69,2
clan_11856,clan_2474,21,69,2
clan_47145,clan_989,21,69,2
clan_5427,clan_2451,21,69,2
clan_12093,clan_30569,21,69,2
clan_25613,clan_36369,21,69,2
clan_36361,clan_37944,21,69,2
clan_37215,clan_35955,21,69,2
clan_17069,clan_22813,21,69,2
clan_20752,clan_42899,21,69,2
clan_43985,clan_47350,21,69,2
clan_22000,clan_37551,21,69,2
clan_10343,clan_25432,21,69,2
clan_47120,clan_36483,21,69,2
clan_7642,clan_29903,21,69,2
clan_24416,clan_31375,21,69,2
clan_25282,clan_2763,21,69,2
clan_11446,clan_15845,21,69,2
clan_15602,clan_2218,21,70,2
clan_32328,clan_41489,21,70,2
clan_43159,clan_41595,21,70,2
clan_8688,clan_12233,21,70,2
clan_5321,clan_39899,21,70,2
clan_30691,clan_41013,21,71,2
clan_28093,clan_3024,21,71,2
clan_37914,clan_31245,21,71,2
clan_34419,clan_39567,21,71,2
clan_7536,clan_38157,21,71,2
clan_19585,clan_19769,21,71,2
clan_12028,clan_36633,21,71,2
clan_26211,clan_23900,21,71,2
clan_11699,clan_5422,21,71,2
clan_33918,clan_41247,21,71,2
clan_3905,clan_21793,21,71,2
clan_15004,clan_25528,21,71,2
clan_19208,clan_33640,21,71,2
clan_5806,clan_35608,21,71,2
clan_29530,clan_47786,21,71,2
clan_28957,clan_40732,21,72,2
clan_33145,clan_42008,21,72,2
clan_36539,clan_39413,21,72,2
clan_6277,clan_7237,21,72,2
clan_4152,clan_11869,21,72,2
clan_33158,clan_38557,21,72,2
clan_8805,clan_22874,21,72,2
clan_6549,clan_39983,21,72,2
clan_13058,clan_9392,21,72,2
clan_10492,clan_25779,21,72,2
clan_9257,clan_6073,21,72,2
clan_8453,clan_10117,21,72,2
clan_2822,clan_37204,21,72,2
clan_10087,clan_20816,21,72,2
clan_30756,clan_31200,21,72,2
clan_17990,clan_38418,21,72,2
clan_47974,clan_43377,21,72,2
clan_4362,clan_37108,21,72,2
clan_36792,clan_38981,21,72,2
clan_19647,clan_35197,21,72,2
clan_11982,clan_10136,21,72,2
clan_4044,clan_14240,21,72,2
clan_13019,clan_41170,21,72,2
clan_22623,clan_40991,21,72,2
clan_5171,clan_42395,21,72,2
clan_42565,clan_46441,21,72,2
clan_26234,clan_7955,21,72,2
clan_35401,clan_48503,21,72,2
clan_14312,clan_29006,21,72,2
clan_33117,clan_42571,21,72,2
clan_20819,clan_16102,21,72,2
clan_43211,clan_47673,21,72,2
clan_16531,clan_31332,21,72,2
clan_3653,clan_21710,21,72,2
clan_11924,clan_11272,21,73,2
clan_5703,clan_24257,21,73,2
clan_17428,clan_31118,21,74,2
clan_25403,clan_32134,21,74,2
clan_28459,clan_34058,21,74,2
clan_25006,clan_35544,21,74,2
clan_22055,clan_46587,21,74,2
clan_667,clan_48365,21,74,2
clan_47849,clan_47252,21,74,2
clan_48210,clan_1082,21,74,2
clan_31123,clan_41365,21,74,2
clan_18466,clan_32800,21,74,2
clan_22300,clan_41487,21,74,2
clan_5319,clan_39680,21,74,2
clan_24389,clan_25913,21,74,2
clan_29648,clan_31746,21,75,2
clan_45157,clan_42378,21,75,2
clan_47288,clan_42066,21,75,2
clan_30801,clan_850,21,75,2
clan_46549,clan_47500,21,75,2
clan_24374,clan_33831,21,75,2
clan_23893,clan_46831,21,75,2
clan_8271,clan_14505,21,75,2
clan_39897,clan_44907,21,75,2
clan_21542,clan_30519,21,75,2
clan_34407,clan_31094,21,75,2
clan_46988,clan_657,21,75,2
clan_20618,clan_22642,21,75,2
clan_40812,clan_41582,21,75,2
clan_14408,clan_31621,21,75,2
clan_38221,clan_31856,21,75,2
clan_35199,clan_45031,21,75,2
clan_7480,clan_4390,21,75,2
clan_3359,clan_18835,21,75,2
clan_42341,clan_46090,21,75,2
clan_40805,clan_48140,21,75,2
clan_21264,clan_4332,21,75,2
clan_1619,clan_45704,21,75,2
clan_40188,clan_43040,21,75,2
clan_1375,clan_22348,21,75,2
clan_10769,clan_27388,21,75,2
clan_15785,clan_35538,21,75,2
clan_8569,clan_2351,21,75,2
clan_41566,clan_210,21,75,2
clan_45220,clan_2012,21,75,2
clan_13749,clan_31536,21,75,2
clan_17808,clan_43345,21,75,2
clan_27094,clan_42723,21,75,2
clan_31883,clan_36094,21,75,2
clan_47940,clan_46013,21,75,2
clan_16831,clan_27199,21,75,2
clan_35895,clan_30133,21,75,2
clan_11362,clan_29568,21,75,2
clan_36625,clan_46233,21,75,2
clan_4287,clan_31651,21,75,2
clan_23736,clan_47239,21,75,2
clan_24494,clan_26386,21,75,2
clan_40122,clan_39190,21,75,2
clan_5935,clan_17064,21,75,2
clan_26082,clan_33316,21,75,2
clan_24630,clan_37336,21,76,2
clan_4862,clan_27501,21,76,2
clan_16383,clan_4520,21,76,2
clan_37957,clan_43437,21,77,2
clan_26884,clan_16233,21,77,2
clan_13584,clan_40505,21,77,2
clan_37028,clan_27678,21,77,2
clan_3518,clan_344,21,77,2
clan_12225,clan_34484,21,77,2
clan_11196,clan_33938,21,77,2
clan_4635,clan_35609,21,77,2
clan_14157,clan_19111,21,78,2
clan_11770,clan_32927,21,78,2
clan_2944,clan_12361,21,78,2
clan_39359,clan_43659,21,78,2
clan_44613,clan_35272,21,78,2
clan_2712,clan_21462,21,78,2
clan_35771,clan_1435,21,78,2
clan_43911,clan_47479,21,78,2
clan_47703,clan_47550,21,78,2
clan_22496,clan_28122,21,78,2
clan_10019,clan_33152,21,78,2
clan_5104,clan_27655,21,78,2
clan_4351,clan_28967,21,78,2
clan_42190,clan_44444,21,78,2
clan_9991,clan_26274,21,78,2
clan_42455,clan_40492,21,78,2
clan_8651,clan_32045,21,78,2
clan_502,clan_43391,21,78,2
clan_16837,clan_32816,21,78,2
clan_2558,clan_27466,21,78,2
clan_23049,clan_33156,21,78,2
clan_14952,clan_20453,21,78,2
clan_32456,clan_42024,21,78,2
clan_34995,clan_33467,21,78,2
clan_30713,clan_31976,21,78,2
clan_19162,clan_27309,21,78,2
clan_47378,clan_45438,21,78,2
clan_31154,clan_23983,21,78,2
clan_10070,clan_37395,21,78,2
clan_19993,clan_35741,21,78,2
clan_23505,clan_32125,21,78,2
clan_16636,clan_36602,21,78,2
clan_18341,clan_32560,21,78,2
clan_25253,clan_35763,21,78,2
clan_5633,clan_39219,21,78,2
clan_32611,clan_41438,21,78,2
clan_12844,clan_14424,21,78,2
clan_21192,clan_17943,21,78,2
clan_6165,clan_5343,21,78,2
clan_18462,clan_42283,21,78,2
clan_14405,clan_15541,21,78,2
clan_15311,clan_27186,21,78,2
clan_12015,clan_3153,21,78,2
clan_37243,clan_44245,21,78,2
clan_10060,clan_36631,21,78,2
clan_9829,clan_39504,21,78,2
clan_33688,clan_32937,21,78,2
clan_4887,clan_32344,21,78,2
clan_18632,clan_7196,21,78,2
clan_5727,clan_33527,21,78,2
clan_29202,clan_6142,21,78,2
clan_34801,clan_44308,21,78,2
clan_10894,clan_36713,21,78,2
clan_41729,clan_2084,21,78,2
clan_9500,clan_34140,21,78,2
clan_12798,clan_6666,21,78,2
clan_13413,clan_42540,21,78,2
clan_26360,clan_45633,21,78,2
clan_15876,clan_30152,21,78,2
clan_34969,clan_35296,21,78,2
clan_34510,clan_20720,21,78,2
clan_14272,clan_1890,21,78,2
clan_40647,clan_42518,21,78,2
clan_45298,clan_47117,21,78,2
clan_4329,clan_16798,21,78,2
clan_43340,clan_43465,21,78,2
clan_40919,clan_42711,21,78,2
clan_45622,clan_48060,21,78,2
clan_45046,clan_48026,21,78,2
clan_21344,clan_31218,21,78,2
clan_2158,clan_47896,21,78,2
clan_12839,clan_14147,21,78,2
clan_1224,clan_1986,21,78,2
clan_35453,clan_46382,21,78,2
clan_40171,clan_46939,21,78,2
clan_13439,clan_23374,21,80,2
clan_35280,clan_22525,21,80,2
clan_43538,clan_32970,21,80,2
clan_20596,clan_8866,21,80,2
clan_41169,clan_42980,21,80,2
clan_38333,clan_39179,21,80,2
clan_24015,clan_34506,21,80,2
clan_19812,clan_21845,21,81,2
clan_27921,clan_34882,21,81,2
clan_4167,clan_29936,21,81,2
clan_452,clan_880,21,81,2
clan_509,clan_1981,21,81,2
clan_4132,clan_23453,21,81,2
clan_48164,clan_47482,21,81,2
clan_34413,clan_498,21,81,2
clan_7602,clan_32985,21,81,2
clan_4996,clan_35380,21,81,2
clan_15859,clan_17670,21,81,2
clan_36017,clan_10436,21,81,2
clan_20931,clan_11005,21,81,2
clan_27299,clan_18678,21,81,2
clan_20681,clan_36545,21,81,2
clan_26652,clan_3591,21,81,2
clan_37541,clan_25454,21,81,2
clan_26409,clan_27664,21,81,2
clan_29897,clan_26563,21,81,2
clan_33447,clan_42326,21,81,2
clan_6341,clan_26092,21,81,2
clan_7978,clan_43111,21,81,2
clan_3473,clan_36327,21,81,2
clan_24784,clan_32587,21,81,2
clan_41752,clan_44959,21,81,2
clan_27122,clan_43816,21,81,2
clan_13626,clan_30643,21,81,2
clan_33824,clan_25066,21,81,2
clan_42397,clan_39905,21,81,2
clan_6063,clan_34054,21,81,2
clan_45310,clan_48427,21,81,2
clan_5357,clan_23723,21,81,2
clan_11822,clan_28683,21,81,2
clan_28374,clan_34977,21,81,2
clan_5997,clan_33609,21,81,2
clan_39997,clan_44558,21,81,2
clan_7835,clan_41676,21,83,2
clan_12720,clan_14889,21,83,2
clan_31088,clan_16631,21,84,2
clan_16254,clan_26346,21,84,2
clan_40582,clan_46935,21,84,2
clan_62,clan_32886,21,84,2
clan_996,clan_47576,21,84,2
clan_47173,clan_46444,21,84,2
clan_35796,clan_34996,21,84,2
clan_3068,clan_27266,21,84,2
clan_41761,clan_32733,21,84,2
clan_30568,clan_30704,21,84,2
clan_47978,clan_44845,21,84,2
clan_2329,clan_36949,21,84,2
clan_46896,clan_48338,21,84,2
clan_30391,clan_31025,21,84,2
clan_25255,clan_40058,21,84,2
clan_15686,clan_20940,21,84,2
clan_24987,clan_38921,21,84,2
clan_12615,clan_34964,21,84,2
clan_40158,clan_38611,21,84,2
clan_8411,clan_36317,21,84,2
clan_43048,clan_40230,21,84,2
clan_37837,clan_44035,21,84,2
clan_26482,clan_38584,21,84,2
clan_29756,clan_36406,21,84,2
clan_11376,clan_43374,21,84,2
clan_24703,clan_33826,21,84,2
clan_34788,clan_28082,21,84,2
clan_30360,clan_39937,21,84,2
clan_33336,clan_45843,21,84,2
clan_31141,clan_48022,21,84,2
clan_47846,clan_48322,21,84,2
clan_3325,clan_25198,21,84,2
clan_3910,clan_27731,21,84,2
clan_36761,clan_43917,21,84,2
clan_6469,clan_28531,21,84,2
clan_17468,clan_36514,21,84,2
clan_48286,clan_47854,21,84,2
clan_23748,clan_33029,21,84,2
clan_15770,clan_39546,21,84,2
clan_45366,clan_48341,21,84,2
clan_25083,clan_32153,21,84,2
clan_32393,clan_29745,21,84,2
clan_30241,clan_30754,21,84,2
clan_22121,clan_15605,21,84,2
clan_47698,clan_27669,21,84,2
clan_16414,clan_1841,21,84,2
clan_20395,clan_39717,21,84,2
clan_13559,clan_13453,21,84,2
clan_38683,clan_40888,21,84,2
clan_42007,clan_45061,21,84,2
clan_48010,clan_43858,21,84,2
clan_2014,clan_43501,21,84,2
clan_32161,clan_13804,21,84,2
clan_41315,clan_37787,21,84,2
clan_39149,clan_41293,21,84,2
clan_6640,clan_42890,21,84,2
clan_19511,clan_29296,21,84,2
clan_13464,clan_8869,21,84,2
clan_24928,clan_46224,21,84,2
clan_9118,clan_38381,21,84,2
clan_40745,clan_43168,21,84,2
clan_33426,clan_2213,21,84,2
clan_15346,clan_37885,21,84,2
clan_20055,clan_30416,21,84,2
clan_778,clan_47141,21,84,2
clan_35698,clan_43241,21,84,2
clan_36659,clan_25457,21,84,2
clan_35819,clan_42973,21,84,2
clan_29109,clan_37987,21,84,2
clan_28307,clan_18218,21,84,2
clan_4603,clan_33919,21,84,2
clan_3589,clan_28746,21,84,2
clan_24031,clan_32168,21,84,2
clan_41795,clan_43913,21,84,2
clan_31325,clan_26683,21,84,2
clan_39162,clan_47040,21,84,2
clan_6230,clan_40060,21,84,2
clan_41954,clan_39655,21,84,2
clan_9105,clan_11766,21,84,2
clan_46588,clan_47056,21,88,2
clan_46964,clan_1564,21,97,2
clan_1022,clan_334,21,112,2
clan_3406,clan_14621,22,30,2
clan_23764,clan_5185,22,36,2
clan_6394,clan_7270,22,37,2
clan_9063,clan_5116,22,39,2
clan_6504,clan_22131,22,41,2
clan_9640,clan_5933,22,43,2
clan_3338,clan_8291,22,44,2
clan_20476,clan_17745,22,44,2
clan_3046,clan_24139,22,49,2
clan_5007,clan_10863,22,51,2
clan_20665,clan_8510,22,52,2
clan_15256,clan_17042,22,52,2
clan_13843,clan_11175,22,53,2
clan_20188,clan_10889,22,53,2
clan_14484,clan_3213,22,54,2
clan_14760,clan_23676,22,54,2
clan_10213,clan_7320,22,54,2
clan_5818,clan_26524,22,54,2
clan_6534,clan_5211,22,54,2
clan_8906,clan_20501,22,54,2
clan_16405,clan_20278,22,56,2
clan_7754,clan_4224,22,56,2
clan_8534,clan_5557,22,57,2
clan_22739,clan_25776,22,57,2
clan_33286,clan_42295,22,57,2
clan_13009,clan_25571,22,57,2
clan_11599,clan_24280,22,57,2
clan_24912,clan_20832,22,57,2
clan_4651,clan_15879,22,57,2
clan_19799,clan_5602,22,57,2
clan_10798,clan_2732,22,58,2
clan_9337,clan_11711,22,58,2
clan_5642,clan_21527,22,59,2
clan_2897,clan_13915,22,59,2
clan_12430,clan_16536,22,60,2
clan_8839,clan_4703,22,62,2
clan_15218,clan_32836,22,62,2
clan_5029,clan_16885,22,62,2
clan_9133,clan_10069,22,63,2
clan_31539,clan_360,22,63,2
clan_4267,clan_17220,22,64,2
clan_9549,clan_29513,22,64,2
clan_10465,clan_15126,22,64,2
clan_8594,clan_9283,22,65,2
clan_25794,clan_19314,22,65,2
clan_14001,clan_10133,22,66,2
clan_22374,clan_8775,22,66,2
clan_5308,clan_12443,22,66,2
clan_9462,clan_8887,22,67,2
clan_27883,clan_20006,22,67,2
clan_6133,clan_35073,22,68,2
clan_6749,clan_3020,22,68,2
clan_7073,clan_22984,22,68,2
clan_36330,clan_26823,22,68,2
clan_2734,clan_7795,22,68,2
clan_19842,clan_9243,22,68,2
clan_6076,clan_26755,22,68,2
clan_20898,clan_39064,22,68,2
clan_1106,clan_45235,22,68,2
clan_17338,clan_23250,22,68,2
clan_19308,clan_7348,22,69,2
clan_14256,clan_29742,22,69,2
clan_3076,clan_33712,22,69,2
clan_3890,clan_5453,22,69,2
clan_27957,clan_15474,22,70,2
clan_6733,clan_19187,22,70,2
clan_43907,clan_43202,22,70,2
clan_29184,clan_6050,22,70,2
clan_19154,clan_22921,22,71,2
clan_4153,clan_11850,22,71,2
clan_5941,clan_12866,22,71,2
clan_18324,clan_32311,22,71,2
clan_315,clan_23344,22,72,2
clan_6947,clan_20114,22,72,2
clan_32944,clan_18291,22,72,2
clan_30229,clan_27321,22,72,2
clan_22879,clan_11292,22,72,2
clan_11969,clan_13553,22,72,2
clan_44201,clan_43838,22,72,2
clan_21984,clan_8261,22,73,2
clan_7831,clan_21216,22,73,2
clan_15250,clan_13294,22,74,2
clan_39060,clan_45599,22,74,2
clan_11618,clan_23011,22,74,2
clan_10031,clan_34629,22,74,2
clan_4423,clan_31056,22,74,2
clan_38968,clan_22737,22,75,2
clan_29150,clan_40996,22,75,2
clan_20695,clan_31862,22,78,2
clan_21321,clan_42792,22,78,2
clan_27907,clan_35041,22,78,2
clan_15715,clan_33762,22,78,2
clan_6010,clan_8794,22,78,2
clan_34990,clan_12061,22,78,2
clan_11353,clan_25797,22,78,2
clan_20438,clan_23240,22,78,2
clan_8622,clan_36341,22,78,2
clan_1817,clan_46949,22,87,2
clan_16320,clan_9390,23,40,2
clan_8404,clan_4801,23,44,2
clan_11532,clan_14349,23,44,2
clan_7760,clan_8273,23,45,2
clan_10965,clan_41146,23,46,2
clan_9330,clan_20186,23,47,2
clan_20343,clan_12491,23,47,2
clan_15418,clan_10204,23,51,2
clan_9605,clan_3343,23,51,2
clan_5286,clan_22220,23,52,2
clan_22324,clan_17899,23,53,2
clan_12083,clan_7917,23,53,2
clan_3720,clan_13041,23,54,2
clan_14392,clan_4701,23,54,2
clan_18940,clan_20260,23,55,2
clan_31367,clan_18234,23,56,2
clan_27097,clan_26729,23,56,2
clan_2896,clan_22819,23,56,2
clan_20633,clan_24473,23,57,2
clan_12255,clan_4726,23,57,2
clan_26647,clan_17123,23,57,2
clan_31650,clan_25159,23,57,2
clan_34267,clan_18681,23,57,2
clan_5174,clan_16953,23,58,2
clan_5109,clan_13496,23,58,2
clan_26237,clan_43856,23,58,2
clan_25841,clan_26226,23,58,2
clan_8799,clan_3323,23,58,2
clan_32647,clan_21044,23,58,2
clan_33178,clan_19784,23,59,2
clan_11561,clan_25287,23,59,2
clan_11799,clan_13174,23,59,2
clan_17906,clan_11878,23,60,2
clan_4149,clan_13074,23,60,2
clan_45710,clan_47270,23,60,2
clan_21186,clan_26942,23,61,2
clan_17306,clan_20095,23,62,2
clan_11606,clan_14859,23,62,2
clan_21900,clan_10916,23,62,2
clan_23119,clan_45721,23,62,2
clan_18129,clan_4127,23,62,2
clan_8011,clan_25693,23,62,2
clan_18829,clan_36115,23,62,2
clan_5657,clan_9307,23,62,2
clan_18668,clan_27694,23,63,2
clan_12778,clan_8968,23,63,2
clan_18398,clan_27231,23,63,2
clan_11774,clan_2694,23,63,2
clan_15520,clan_25713,23,63,2
clan_20148,clan_20982,23,63,2
clan_4118,clan_16917,23,63,2
clan_5381,clan_15415,23,63,2
clan_47888,clan_46804,23,63,2
clan_27509,clan_1157,23,63,2
clan_26572,clan_22918,23,64,2
clan_21760,clan_11257,23,64,2
clan_14387,clan_12562,23,64,2
clan_22413,clan_18310,23,65,2
clan_42119,clan_1663,23,65,2
clan_35546,clan_29430,23,65,2
clan_8199,clan_16684,23,65,2
clan_19410,clan_13894,23,65,2
clan_9973,clan_24998,23,66,2
clan_33678,clan_39804,23,66,2
clan_37087,clan_40666,23,66,2
clan_15156,clan_45112,23,66,2
clan_12890,clan_26870,23,66,2
clan_23452,clan_5428,23,66,2
clan_44918,clan_47903,23,66,2
clan_42740,clan_45430,23,66,2
clan_22157,clan_6478,23,67,2
clan_32690,clan_44522,23,67,2
clan_7219,clan_26587,23,67,2
clan_21545,clan_8486,23,67,2
clan_31730,clan_41903,23,68,2
clan_4057,clan_7775,23,68,2
clan_17478,clan_33963,23,68,2
clan_33264,clan_31658,23,68,2
clan_21391,clan_22454,23,68,2
clan_24371,clan_14755,23,68,2
clan_2608,clan_27367,23,68,2
clan_21241,clan_21203,23,68,2
clan_14870,clan_40565,23,68,2
clan_14346,clan_33335,23,68,2
clan_11510,clan_23107,23,68,2
clan_33425,clan_47771,23,68,2
clan_7614,clan_39120,23,68,2
clan_19657,clan_24598,23,69,2
clan_34641,clan_6072,23,69,2
clan_43939,clan_47877,23,69,2
clan_47042,clan_45588,23,69,2
clan_44316,clan_35743,23,69,2
clan_47611,clan_44701,23,69,2
clan_22263,clan_27077,23,69,2
clan_42990,clan_39961,23,69,2
clan_6614,clan_11341,23,69,2
clan_37381,clan_42661,23,69,2
clan_44766,clan_47590,23,69,2
clan_47884,clan_48174,23,69,2
clan_9796,clan_36309,23,70,2
clan_21892,clan_3112,23,70,2
clan_8849,clan_15236,23,70,2
clan_47276,clan_43587,23,71,2
clan_15470,clan_37768,23,71,2
clan_16324,clan_14725,23,71,2
clan_32140,clan_18514,23,71,2
clan_12313,clan_22486,23,71,2
clan_2934,clan_40280,23,72,2
clan_22327,clan_38817,23,72,2
clan_46076,clan_41075,23,72,2
clan_43740,clan_1957,23,72,2
clan_35791,clan_43448,23,72,2
clan_36721,clan_30865,23,72,2
clan_47787,clan_1265,23,72,2
clan_34585,clan_23365,23,72,2
clan_24444,clan_5437,23,72,2
clan_12420,clan_47160,23,72,2
clan_14683,clan_43444,23,72,2
clan_27308,clan_14189,23,72,2
clan_17301,clan_9235,23,72,2
clan_22195,clan_34789,23,72,2
clan_44204,clan_40750,23,72,2
clan_36206,clan_41911,23,72,2
clan_42598,clan_47174,23,72,2
clan_5902,clan_21534,23,72,2
clan_24514,clan_28965,23,72,2
clan_366,clan_45187,23,72,2
clan_40154,clan_38125,23,73,2
clan_27585,clan_26748,23,74,2
clan_20639,clan_4120,23,74,2
clan_11530,clan_34820,23,74,2
clan_34166,clan_13389,23,74,2
clan_24129,clan_6078,23,74,2
clan_13778,clan_22685,23,75,2
clan_8311,clan_43371,23,75,2
clan_19106,clan_9517,23,75,2
clan_32374,clan_27816,23,75,2
clan_6784,clan_28572,23,75,2
clan_9636,clan_35046,23,75,2
clan_26902,clan_41008,23,75,2
clan_4992,clan_47006,23,75,2
clan_46450,clan_255,23,75,2
clan_25861,clan_30309,23,75,2
clan_21840,clan_33807,23,77,2
clan_44477,clan_39331,23,78,2
clan_23897,clan_18156,23,78,2
clan_2601,clan_24599,23,78,2
clan_27570,clan_30859,23,78,2
clan_32758,clan_38881,23,78,2
clan_44664,clan_45562,23,78,2
clan_41785,clan_41583,23,78,2
clan_45716,clan_551,23,78,2
clan_1278,clan_47253,23,78,2
clan_22273,clan_25589,23,78,2
clan_5498,clan_4814,23,78,2
clan_38952,clan_48466,23,78,2
clan_26407,clan_13011,23,78,2
clan_46334,clan_43588,23,82,2
clan_6658,clan_8936,24,15,1
clan_6162,clan_35805,24,32,2
clan_6511,clan_20667,24,35,2
clan_23620,clan_22669,24,41,2
clan_18472,clan_5254,24,42,2
clan_3000,clan_6858,24,46,2
clan_14749,clan_13878,24,46,2
clan_22134,clan_22008,24,47,2
clan_16368,clan_8196,24,47,2
clan_28067,clan_5936,24,48,2
clan_21202,clan_27070,24,48,2
clan_24383,clan_8513,24,48,2
clan_3427,clan_2523,24,48,2
clan_9343,clan_27599,24,48,2
clan_22570,clan_33342,24,49,2
clan_9926,clan_11407,24,50,2
clan_7215,clan_27773,24,50,2
clan_23917,clan_5684,24,51,2
clan_2184,clan_40478,24,51,2
clan_15580,clan_15431,24,51,2
clan_16356,clan_11221,24,51,2
clan_21740,clan_28639,24,51,2
clan_7313,clan_12064,24,52,2
clan_24449,clan_17602,24,52,2
clan_1277,clan_40559,24,52,2
clan_3671,clan_3363,24,52,2
clan_9226,clan_32013,24,52,2
clan_16954,clan_25686,24,52,2
clan_28735,clan_34416,24,53,2
clan_12756,clan_23317,24,53,2
clan_19665,clan_17547,24,54,2
clan_40241,clan_20251,24,54,2
clan_13345,clan_26749,24,54,2
clan_16528,clan_14769,24,54,2
clan_14461,clan_6374,24,54,2
clan_10052,clan_22617,24,54,2
clan_35109,clan_29426,24,54,2
clan_9377,clan_19431,24,54,2
clan_30770,clan_32507,24,54,2
clan_31398,clan_45181,24,54,2
clan_8745,clan_26271,24,55,2
clan_16128,clan_17151,24,56,2
clan_22553,clan_31328,24,56,2
clan_46199,clan_39001,24,56,2
clan_8398,clan_10690,24,57,2
clan_19855,clan_22704,24,58,2
clan_18161,clan_13411,24,58,2
clan_13447,clan_14310,24,58,2
clan_18033,clan_34078,24,58,2
clan_4014,clan_4797,24,58,2
clan_14635,clan_38552,24,58,2
clan_8435,clan_2588,24,58,2
clan_31232,clan_36995,24,58,2
clan_7296,clan_24212,24,59,2
clan_4786,clan_15324,24,59,2
clan_16192,clan_22108,24,59,2
clan_31187,clan_40508,24,59,2
clan_21583,clan_7619,24,59,2
clan_28470,clan_11603,24,59,2
clan_13761,clan_6707,24,59,2
clan_40079,clan_16937,24,59,2
clan_19747,clan_14938,24,59,2
clan_17530,clan_12009,24,59,2
clan_17188,clan_9682,24,60,2
clan_26434,clan_11993,24,60,2
clan_11066,clan_9954,24,60,2
clan_27104,clan_27307,24,60,2
clan_11103,clan_26706,24,60,2
clan_3974,clan_8201,24,60,2
clan_15700,clan_25884,24,60,2
clan_9440,clan_36839,24,60,2
clan_10263,clan_12708,24,60,2
clan_2985,clan_3675,24,60,2
clan_27219,clan_19391,24,60,2
clan_24818,clan_17300,24,60,2
clan_3947,clan_8755,24,60,2
clan_5690,clan_6364,24,60,2
clan_10549,clan_19692,24,60,2
clan_16553,clan_31554,24,60,2
clan_8852,clan_3945,24,60,2
clan_6590,clan_6408,24,60,2
clan_19049,clan_29562,24,60,2
clan_4606,clan_6413,24,60,2
clan_21445,clan_40596,24,61,2
clan_29636,clan_42546,24,61,2
clan_7301,clan_22696,24,62,2
clan_41265,clan_31857,24,62,2
clan_11476,clan_19904,24,62,2
clan_13221,clan_18991,24,62,2
clan_31101,clan_6541,24,62,2
clan_40657,clan_46638,24,62,2
clan_18454,clan_2221,24,62,2
clan_14316,clan_41291,24,63,2
clan_7643,clan_19554,24,63,2
clan_32599,clan_31846,24,63,2
clan_1126,clan_18584,24,63,2
clan_18358,clan_10870,24,63,2
clan_42434,clan_44572,24,63,2
clan_43101,clan_43361,24,63,2
clan_2867,clan_30705,24,63,2
clan_4901,clan_16135,24,63,2
clan_21674,clan_11275,24,63,2
clan_8188,clan_25965,24,63,2
clan_28893,clan_14084,24,63,2
clan_23613,clan_368,24,63,2
clan_30296,clan_35495,24,63,2
clan_11920,clan_16942,24,63,2
clan_1384,clan_22093,24,63,2
clan_4800,clan_18906,24,63,2
clan_30593,clan_16785,24,63,2
clan_7961,clan_47287,24,63,2
clan_11075,clan_8985,24,63,2
clan_16693,clan_38647,24,63,2
clan_30883,clan_41185,24,63,2
clan_24900,clan_5610,24,64,2
clan_20440,clan_15574,24,64,2
clan_12153,clan_46023,24,64,2
clan_36219,clan_31177,24,64,2
clan_24356,clan_37227,24,64,2
clan_11592,clan_11881,24,64,2
clan_44068,clan_46183,24,64,2
clan_41560,clan_48061,24,65,2
clan_26028,clan_25992,24,65,2
clan_8338,clan_10234,24,65,2
clan_19048,clan_24659,24,65,2
clan_16106,clan_27365,24,65,2
clan_8921,clan_34967,24,65,2
clan_38082,clan_44281,24,65,2
clan_19363,clan_23005,24,66,2
clan_35372,clan_33450,24,66,2
clan_6980,clan_33883,24,66,2
clan_19315,clan_18938,24,66,2
clan_45152,clan_42375,24,66,2
clan_14666,clan_3251,24,66,2
clan_18735,clan_32221,24,66,2
clan_32236,clan_26719,24,66,2
clan_17067,clan_34051,24,66,2
clan_4902,clan_33793,24,66,2
clan_16584,clan_34534,24,66,2
clan_31210,clan_36123,24,66,2
clan_43821,clan_37554,24,66,2
clan_28843,clan_7218,24,66,2
clan_8142,clan_30087,24,66,2
clan_42902,clan_44254,24,66,2
clan_10490,clan_38614,24,66,2
clan_37158,clan_44960,24,66,2
clan_13760,clan_31173,24,66,2
clan_11234,clan_14483,24,66,2
clan_33203,clan_43201,24,66,2
clan_4877,clan_33564,24,66,2
clan_31417,clan_45134,24,66,2
clan_4306,clan_26309,24,66,2
clan_4144,clan_32083,24,66,2
clan_37807,clan_44341,24,66,2
clan_1632,clan_46390,24,66,2
clan_14171,clan_32897,24,66,2
clan_37851,clan_40269,24,66,2
clan_28210,clan_39435,24,66,2
clan_25018,clan_20545,24,66,2
clan_39141,clan_32891,24,66,2
clan_15119,clan_42754,24,66,2
clan_32778,clan_47203,24,66,2
clan_9236,clan_25835,24,66,2
clan_14809,clan_11651,24,66,2
clan_13818,clan_20710,24,66,2
clan_39245,clan_17518,24,67,2
clan_20298,clan_29088,24,67,2
clan_3385,clan_6441,24,67,2
clan_2319,clan_41519,24,67,2
clan_32677,clan_7342,24,67,2
clan_32246,clan_22115,24,68,2
clan_29450,clan_46284,24,68,2
clan_12879,clan_21766,24,68,2
clan_12137,clan_25521,24,68,2
clan_29609,clan_28753,24,68,2
clan_29886,clan_36177,24,68,2
clan_35987,clan_46567,24,68,2
clan_2455,clan_38297,24,68,2
clan_14706,clan_22260,24,68,2
clan_4018,clan_2969,24,68,2
clan_27768,clan_45256,24,68,2
clan_40401,clan_13079,24,68,2
clan_25120,clan_21255,24,68,2
clan_32943,clan_1018,24,68,2
clan_17459,clan_5616,24,68,2
clan_32817,clan_34482,24,68,2
clan_2387,clan_9220,24,69,2
clan_29838,clan_23093,24,69,2
clan_8969,clan_32755,24,69,2
clan_18826,clan_25444,24,69,2
clan_31042,clan_42054,24,69,2
clan_10145,clan_30292,24,69,2
clan_42999,clan_47537,24,69,2
clan_17273,clan_20473,24,69,2
clan_3162,clan_18056,24,69,2
clan_25419,clan_9054,24,69,2
clan_36351,clan_48193,24,69,2
clan_17877,clan_9986,24,69,2
clan_10449,clan_17183,24,69,2
clan_4262,clan_8137,24,69,2
clan_1135,clan_32721,24,69,2
clan_47401,clan_2476,24,69,2
clan_29365,clan_29944,24,69,2
clan_33955,clan_24962,24,69,2
clan_45060,clan_38687,24,69,2
clan_26582,clan_26219,24,69,2
clan_40847,clan_42995,24,69,2
clan_28449,clan_24953,24,69,2
clan_8964,clan_21270,24,69,2
clan_3426,clan_40283,24,69,2
clan_47507,clan_45219,24,69,2
clan_46927,clan_43928,24,69,2
clan_32675,clan_37536,24,69,2
clan_1610,clan_42965,24,69,2
clan_17935,clan_34548,24,69,2
clan_20224,clan_39624,24,69,2
clan_19823,clan_16454,24,69,2
clan_24271,clan_23164,24,69,2
clan_44581,clan_39356,24,69,2
clan_279,clan_44009,24,69,2
clan_24775,clan_36402,24,69,2
clan_32847,clan_15169,24,69,2
clan_38493,clan_35484,24,69,2
clan_14603,clan_29714,24,69,2
clan_44291,clan_24144,24,69,2
clan_39040,clan_38348,24,69,2
clan_37798,clan_41341,24,69,2
clan_31395,clan_35827,24,69,2
clan_19447,clan_3658,24,69,2
clan_37470,clan_46914,24,69,2
clan_8145,clan_32842,24,70,2
clan_41859,clan_41047,24,70,2
clan_14304,clan_6373,24,70,2
clan_16012,clan_26887,24,70,2
clan_38342,clan_9080,24,70,2
clan_5115,clan_14600,24,71,2
clan_6905,clan_23849,24,71,2
clan_45024,clan_1654,24,71,2
clan_8932,clan_31790,24,71,2
clan_29634,clan_8715,24,71,2
clan_43546,clan_1289,24,71,2
clan_14363,clan_9827,24,71,2
clan_2207,clan_31609,24,71,2
clan_12757,clan_6395,24,72,2
clan_19383,clan_21406,24,72,2
clan_22539,clan_6058,24,72,2
clan_20836,clan_13989,24,72,2
clan_3367,clan_12012,24,72,2
clan_30703,clan_43663,24,72,2
clan_28713,clan_33457,24,72,2
clan_35630,clan_41374,24,72,2
clan_8187,clan_22602,24,72,2
clan_38107,clan_43119,24,72,2
clan_47359,clan_45549,24,72,2
clan_30509,clan_35539,24,72,2
clan_46659,clan_1067,24,72,2
clan_36487,clan_45557,24,72,2
clan_23083,clan_5643,24,72,2
clan_3209,clan_8931,24,72,2
clan_17811,clan_11337,24,72,2
clan_12513,clan_7846,24,72,2
clan_18338,clan_29851,24,72,2
clan_37741,clan_33562,24,72,2
clan_13033,clan_39884,24,72,2
clan_23625,clan_46954,24,72,2
clan_16974,clan_27983,24,72,2
clan_21899,clan_39125,24,72,2
clan_9371,clan_30974,24,72,2
clan_32460,clan_42149,24,72,2
clan_36541,clan_1885,24,72,2
clan_23499,clan_29045,24,72,2
clan_25859,clan_10469,24,72,2
clan_21453,clan_6446,24,72,2
clan_18645,clan_42015,24,72,2
clan_27693,clan_42376,24,72,2
clan_34903,clan_7525,24,72,2
clan_35429,clan_39366,24,72,2
clan_18220,clan_31660,24,72,2
clan_9266,clan_24342,24,72,2
clan_26896,clan_37349,24,72,2
clan_44656,clan_37730,24,72,2
clan_45250,clan_37883,24,72,2
clan_3219,clan_29538,24,72,2
clan_39074,clan_45153,24,72,2
clan_12544,clan_21614,24,72,2
clan_12709,clan_21637,24,72,2
clan_18421,clan_12554,24,72,2
clan_20403,clan_34335,24,72,2
clan_6321,clan_36110,24,72,2
clan_19976,clan_21069,24,72,2
clan_10354,clan_5922,24,72,2
clan_35213,clan_40106,24,72,2
clan_20877,clan_10955,24,72,2
clan_37569,clan_19416,24,72,2
clan_12379,clan_42481,24,72,2
clan_14490,clan_6650,24,72,2
clan_36788,clan_10503,24,72,2
clan_14238,clan_47338,24,72,2
clan_22012,clan_27423,24,72,2
clan_24870,clan_31074,24,72,2
clan_6577,clan_18950,24,72,2
clan_22843,clan_43467,24,72,2
clan_24587,clan_47088,24,72,2
clan_12468,clan_8555,24,73,2
clan_28564,clan_24,24,74,2
clan_10068,clan_20430,24,74,2
clan_5635,clan_39403,24,74,2
clan_30175,clan_33672,24,74,2
clan_14691,clan_18116,24,74,2
clan_29701,clan_42125,24,74,2
clan_44939,clan_48490,24,74,2
clan_23333,clan_36977,24,74,2
clan_13988,clan_21414,24,74,2
clan_23482,clan_41871,24,74,2
clan_21065,clan_30209,24,74,2
clan_1139,clan_40867,24,74,2
clan_22797,clan_19577,24,74,2
clan_13997,clan_27075,24,74,2
clan_35677,clan_34399,24,74,2
clan_27076,clan_35905,24,74,2
clan_16181,clan_18988,24,74,2
clan_45420,clan_44943,24,74,2
clan_17101,clan_31902,24,74,2
clan_14696,clan_30356,24,74,2
clan_36812,clan_45958,24,75,2
clan_7001,clan_33925,24,75,2
clan_24520,clan_16206,24,75,2
clan_35766,clan_44632,24,75,2
clan_32791,clan_37704,24,75,2
clan_10353,clan_16779,24,75,2
clan_29573,clan_25201,24,75,2
clan_33215,clan_31654,24,75,2
clan_29651,clan_37408,24,75,2
clan_18474,clan_13868,24,75,2
clan_7937,clan_21036,24,75,2
clan_41440,clan_37482,24,75,2
clan_5398,clan_5731,24,75,2
clan_28905,clan_19212,24,75,2
clan_13608,clan_19229,24,75,2
clan_20201,clan_3302,24,75,2
clan_23264,clan_37357,24,75,2
clan_36954,clan_45261,24,75,2
clan_36204,clan_45861,24,75,2
clan_31526,clan_37869,24,75,2
clan_21881,clan_36239,24,75,2
clan_6550,clan_41300,24,75,2
clan_21077,clan_22056,24,75,2
clan_14961,clan_40489,24,75,2
clan_47551,clan_46151,24,75,2
clan_18691,clan_24039,24,75,2
clan_44826,clan_36756,24,75,2
clan_8132,clan_19504,24,75,2
clan_11060,clan_40648,24,75,2
clan_32365,clan_40800,24,75,2
clan_33161,clan_32223,24,75,2
clan_15319,clan_4676,24,75,2
clan_44320,clan_41033,24,75,2
clan_35616,clan_36677,24,75,2
clan_33936,clan_9198,24,75,2
clan_39291,clan_46084,24,75,2
clan_7183,clan_12555,24,75,2
clan_39927,clan_2165,24,75,2
clan_31353,clan_46000,24,75,2
clan_18042,clan_39947,24,75,2
clan_28553,clan_42601,24,75,2
clan_5404,clan_21781,24,75,2
clan_18236,clan_23833,24,75,2
clan_9716,clan_12725,24,75,2
clan_948,clan_395,24,75,2
clan_45855,clan_501,24,76,2
clan_11128,clan_30453,24,77,2
clan_28559,clan_12358,24,77,2
clan_2518,clan_32049,24,77,2
clan_45264,clan_48149,24,77,2
clan_30217,clan_36959,24,78,2
clan_42343,clan_47705,24,78,2
clan_45756,clan_212,24,78,2
clan_23521,clan_42634,24,78,2
clan_422,clan_47721,24,78,2
clan_3105,clan_22147,24,78,2
clan_41783,clan_41990,24,78,2
clan_43612,clan_48115,24,78,2
clan_2118,clan_41113,24,78,2
clan_9560,clan_25983,24,78,2
clan_40007,clan_44221,24,78,2
clan_13618,clan_43183,24,78,2
clan_12517,clan_1898,24,78,2
clan_23662,clan_37304,24,78,2
clan_1462,clan_1515,24,78,2
clan_2697,clan_20509,24,78,2
clan_28929,clan_15571,24,78,2
clan_2087,clan_47472,24,78,2
clan_47091,clan_225,24,78,2
clan_41770,clan_42682,24,78,2
clan_29958,clan_14991,24,78,2
clan_31262,clan_18754,24,78,2
clan_19868,clan_25827,24,78,2
clan_48272,clan_45620,24,78,2
clan_43491,clan_46087,24,78,2
clan_23305,clan_32210,24,78,2
clan_7682,clan_23975,24,78,2
clan_40394,clan_46856,24,78,2
clan_44092,clan_47405,24,78,2
clan_42869,clan_45693,24,78,2
clan_31657,clan_37429,24,78,2
clan_8724,clan_21929,24,78,2
clan_26451,clan_40339,24,78,2
clan_34988,clan_29758,24,78,2
clan_40909,clan_42495,24,78,2
clan_8902,clan_10010,24,78,2
clan_415,clan_43095,24,78,2
clan_28664,clan_37277,24,78,2
clan_12886,clan_10505,24,78,2
clan_230,clan_470,24,78,2
clan_35472,clan_34475,24,78,2
clan_41921,clan_37166,24,78,2
clan_10371,clan_25473,24,78,2
clan_39027,clan_40740,24,78,2
clan_24313,clan_41391,24,78,2
clan_10218,clan_34499,24,78,2
clan_18937,clan_20607,24,78,2
clan_45780,clan_1789,24,78,2
clan_45837,clan_792,24,78,2
clan_35267,clan_44625,24,78,2
clan_38431,clan_45356,24,78,2
clan_38472,clan_43303,24,78,2
clan_18689,clan_40709,24,78,2
clan_10308,clan_35742,24,78,2
clan_19456,clan_31263,24,81,2
clan_31766,clan_19618,24,81,2
clan_18766,clan_33832,24,81,2
clan_22894,clan_13320,24,81,2
clan_41887,clan_44540,24,81,2
clan_22007,clan_32257,24,81,2
clan_2285,clan_2060,24,81,2
clan_41071,clan_43209,24,81,2
clan_35559,clan_39588,24,81,2
clan_9315,clan_5039,24,81,2
clan_38691,clan_35997,24,81,2
clan_17936,clan_6817,24,81,2
clan_25283,clan_39468,24,81,2
clan_45262,clan_44916,24,81,2
clan_41511,clan_45836,24,81,2
clan_41101,clan_24711,24,81,2
clan_17286,clan_38054,24,81,2
clan_21451,clan_37441,24,81,2
clan_31552,clan_19929,24,81,2
clan_45999,clan_44792,24,81,2
clan_1864,clan_41733,24,81,2
clan_46787,clan_41373,24,81,2
clan_26767,clan_38790,24,81,2
clan_27036,clan_22332,24,81,2
clan_10971,clan_24990,24,81,2
clan_47441,clan_47008,24,84,2
clan_15535,clan_11071,24,87,2
clan_47626,clan_238,24,90,2
clan_40229,clan_1058,24,102,2
clan_18487,clan_17568,25,44,2
clan_20992,clan_2331,25,46,2
clan_12252,clan_6393,25,47,2
clan_17612,clan_25887,25,51,2
clan_4617,clan_15597,25,51,2
clan_15565,clan_6091,25,51,2
clan_18644,clan_16300,25,53,2
clan_2603,clan_28237,25,53,2
clan_6378,clan_3683,25,55,2
clan_26051,clan_12917,25,56,2
clan_39203,clan_18535,25,56,2
clan_10429,clan_8940,25,56,2
clan_10642,clan_26410,25,56,2
clan_8618,clan_18150,25,57,2
clan_11641,clan_13398,25,57,2
clan_35232,clan_10158,25,57,2
clan_11904,clan_33458,25,58,2
clan_15309,clan_17650,25,58,2
clan_12649,clan_28809,25,58,2
clan_5814,clan_9130,25,58,2
clan_7497,clan_13576,25,58,2
clan_5937,clan_35898,25,58,2
clan_2432,clan_19620,25,59,2
clan_3252,clan_3568,25,59,2
clan_7690,clan_13007,25,59,2
clan_6635,clan_21958,25,60,2
clan_23718,clan_3532,25,60,2
clan_18390,clan_7206,25,60,2
clan_10680,clan_19478,25,60,2
clan_13428,clan_17017,25,60,2
clan_43475,clan_39401,25,60,2
clan_5639,clan_26915,25,62,2
clan_20448,clan_29678,25,62,2
clan_38495,clan_28157,25,62,2
clan_20502,clan_36669,25,62,2
clan_23938,clan_24117,25,62,2
clan_38024,clan_41546,25,62,2
clan_4470,clan_9016,25,63,2
clan_32494,clan_47219,25,63,2
clan_18925,clan_15835,25,63,2
clan_6084,clan_27296,25,65,2
clan_14829,clan_12579,25,65,2
clan_17764,clan_29364,25,66,2
clan_43899,clan_46776,25,66,2
clan_39855,clan_11545,25,66,2
clan_3390,clan_21379,25,66,2
clan_14023,clan_22179,25,66,2
clan_13405,clan_28757,25,67,2
clan_18711,clan_21175,25,67,2
clan_35143,clan_23538,25,68,2
clan_16867,clan_3711,25,68,2
clan_15175,clan_26414,25,68,2
clan_17819,clan_15707,25,68,2
clan_6575,clan_5134,25,68,2
clan_11063,clan_26172,25,69,2
clan_34986,clan_29786,25,69,2
clan_10707,clan_41885,25,69,2
clan_23157,clan_15512,25,71,2
clan_5964,clan_17953,25,71,2
clan_8608,clan_11701,25,71,2
clan_34500,clan_44816,25,72,2
clan_20662,clan_23845,25,72,2
clan_3545,clan_36397,25,72,2
clan_2828,clan_22482,25,72,2
clan_32926,clan_45015,25,72,2
clan_30128,clan_30581,25,72,2
clan_11209,clan_27166,25,72,2
clan_13216,clan_21683,25,75,2
clan_4471,clan_7491,26,24,1
clan_22335,clan_18384,26,34,2
clan_3015,clan_14685,26,44,2
clan_46152,clan_113,26,44,2
clan_6154,clan_8026,26,44,2
clan_30630,clan_38270,26,45,2
clan_6227,clan_7174,26,45,2
clan_7741,clan_3077,26,46,2
clan_37906,clan_39852,26,46,2
clan_16848,clan_8519,26,46,2
clan_3871,clan_9360,26,46,2
clan_3654,clan_6957,26,47,2
clan_12003,clan_11645,26,48,2
clan_11548,clan_19108,26,48,2
clan_10356,clan_36352,26,49,2
clan_19491,clan_23079,26,49,2
clan_25692,clan_15352,26,50,2
clan_1842,clan_35343,26,50,2
clan_23886,clan_30144,26,50,2
clan_23296,clan_30949,26,50,2
clan_7783,clan_20494,26,51,2
clan_33887,clan_10553,26,53,2
clan_11752,clan_15873,26,53,2
clan_10802,clan_24536,26,53,2
clan_13948,clan_9247,26,53,2
clan_8472,clan_25593,26,54,2
clan_11516,clan_5180,26,54,2
clan_11082,clan_2654,26,54,2
clan_3163,clan_9214,26,55,2
clan_7276,clan_28426,26,55,2
clan_26113,clan_41635,26,56,2
clan_47575,clan_48326,26,56,2
clan_28255,clan_19542,26,56,2
clan_11437,clan_29680,26,56,2
clan_22556,clan_1214,26,56,2
clan_18554,clan_14545,26,56,2
clan_7686,clan_11996,26,56,2
clan_5556,clan_9587,26,57,2
clan_8636,clan_25060,26,57,2
clan_11597,clan_21704,26,57,2
clan_12930,clan_3172,26,57,2
clan_59,clan_3006,26,57,2
clan_13316,clan_37346,26,57,2
clan_20381,clan_26570,26,57,2
clan_36229,clan_44606,26,57,2
clan_2920,clan_20617,26,57,2
clan_31641,clan_5646,26,58,2
clan_17051,clan_17204,26,58,2
clan_8143,clan_11719,26,58,2
clan_12127,clan_12374,26,58,2
clan_23478,clan_19805,26,58,2
clan_47251,clan_47518,26,59,2
clan_21939,clan_19669,26,59,2
clan_42894,clan_42582,26,59,2
clan_21497,clan_9335,26,59,2
clan_12994,clan_33888,26,59,2
clan_4923,clan_10815,26,59,2
clan_27281,clan_29794,26,59,2
clan_44904,clan_48314,26,60,2
clan_12424,clan_12846,26,60,2
clan_14202,clan_17903,26,60,2
clan_22153,clan_19643,26,60,2
clan_6644,clan_26774,26,60,2
clan_16515,clan_12511,26,60,2
clan_34671,clan_25052,26,61,2
clan_24481,clan_14330,26,61,2
clan_25656,clan_22110,26,61,2
clan_15337,clan_28872,26,61,2
clan_10639,clan_13640,26,61,2
clan_8068,clan_29072,26,61,2
clan_19039,clan_29443,26,62,2
clan_2348,clan_34926,26,62,2
clan_19202,clan_3502,26,62,2
clan_37579,clan_23377,26,62,2
clan_9102,clan_24435,26,62,2
clan_7162,clan_28696,26,62,2
clan_46590,clan_786,26,62,2
clan_4293,clan_19150,26,62,2
clan_36844,clan_34633,26,62,2
clan_27113,clan_5305,26,62,2
clan_31470,clan_37317,26,62,2
clan_37586,clan_43607,26,62,2
clan_6598,clan_18530,26,62,2
clan_17283,clan_14568,26,62,2
clan_6669,clan_25981,26,62,2
clan_3873,clan_23073,26,63,2
clan_26246,clan_40196,26,63,2
clan_29869,clan_20786,26,63,2
clan_26650,clan_44531,26,63,2
clan_2719,clan_17361,26,63,2
clan_18142,clan_14158,26,63,2
clan_27022,clan_11555,26,63,2
clan_17918,clan_24851,26,63,2
clan_7724,clan_46794,26,63,2
clan_15666,clan_29420,26,63,2
clan_19464,clan_41334,26,63,2
clan_18976,clan_25429,26,64,2
clan_29378,clan_2673,26,64,2
clan_12477,clan_22089,26,64,2
clan_25505,clan_13144,26,64,2
clan_8838,clan_27400,26,64,2
clan_31326,clan_38185,26,64,2
clan_18982,clan_40250,26,65,2
clan_35282,clan_34555,26,65,2
clan_21138,clan_5448,26,65,2
clan_33164,clan_44616,26,65,2
clan_456,clan_41151,26,65,2
clan_7390,clan_1307,26,65,2
clan_40480,clan_34878,26,65,2
clan_11908,clan_9173,26,65,2
clan_43261,clan_39138,26,65,2
clan_27801,clan_43731,26,65,2
clan_13606,clan_19288,26,65,2
clan_15125,clan_19984,26,65,2
clan_31822,clan_4225,26,66,2
clan_35756,clan_24378,26,66,2
clan_32375,clan_9088,26,66,2
clan_23273,clan_27244,26,66,2
clan_6223,clan_6916,26,66,2
clan_21906,clan_33036,26,66,2
clan_23268,clan_18438,26,66,2
clan_26027,clan_23567,26,66,2
clan_25876,clan_32573,26,66,2
clan_6769,clan_39714,26,66,2
clan_23140,clan_29488,26,66,2
clan_35794,clan_6335,26,66,2
clan_10862,clan_12288,26,67,2
clan_5099,clan_2965,26,67,2
clan_9780,clan_15425,26,67,2
clan_7823,clan_7422,26,67,2
clan_35308,clan_40521,26,68,2
clan_29412,clan_6358,26,68,2
clan_36386,clan_39601,26,68,2
clan_12818,clan_21606,26,68,2
clan_44129,clan_1476,26,68,2
clan_27352,clan_33538,26,68,2
clan_14520,clan_23609,26,68,2
clan_12008,clan_26480,26,68,2
clan_1155,clan_46113,26,68,2
clan_17656,clan_41211,26,68,2
clan_24472,clan_34203,26,68,2
clan_25069,clan_45568,26,69,2
clan_7769,clan_35346,26,69,2
clan_38932,clan_40460,26,69,2
clan_24458,clan_34261,26,69,2
clan_25953,clan_7357,26,69,2
clan_12767,clan_13290,26,69,2
clan_21652,clan_1803,26,69,2
clan_9992,clan_33023,26,69,2
clan_31792,clan_31809,26,69,2
clan_15644,clan_16011,26,69,2
clan_16677,clan_37982,26,69,2
clan_5164,clan_11475,26,69,2
clan_14109,clan_36665,26,69,2
clan_4616,clan_42160,26,69,2
clan_3741,clan_37622,26,69,2
clan_24776,clan_33194,26,69,2
clan_15219,clan_7141,26,69,2
clan_11457,clan_18106,26,69,2
clan_36674,clan_25569,26,69,2
clan_18901,clan_36173,26,69,2
clan_14425,clan_21052,26,70,2
clan_14632,clan_24203,26,71,2
clan_34369,clan_38649,26,71,2
clan_21635,clan_30310,26,72,2
clan_25271,clan_28427,26,72,2
clan_22649,clan_10282,26,72,2
clan_12101,clan_34975,26,72,2
clan_10648,clan_21267,26,72,2
clan_24421,clan_35404,26,72,2
clan_25778,clan_45037,26,72,2
clan_7294,clan_30167,26,72,2
clan_9765,clan_25048,26,72,2
clan_39967,clan_40789,26,72,2
clan_16947,clan_9148,26,72,2
clan_41792,clan_36905,26,72,2
clan_5987,clan_12074,26,72,2
clan_34064,clan_4526,26,72,2
clan_29317,clan_648,26,72,2
clan_13854,clan_39395,26,72,2
clan_21269,clan_34781,26,72,2
clan_23148,clan_29754,26,73,2
clan_14865,clan_31212,26,74,2
clan_11138,clan_36305,26,74,2
clan_46096,clan_48289,26,74,2
clan_29877,clan_26379,26,74,2
clan_5297,clan_22828,26,74,2
clan_12211,clan_3510,26,74,2
clan_6519,clan_38862,26,75,2
clan_8121,clan_36657,26,75,2
clan_18416,clan_18319,26,75,2
clan_16478,clan_23912,26,75,2
clan_26876,clan_39062,26,75,2
clan_18321,clan_21860,26,75,2
clan_29049,clan_33864,26,75,2
clan_17606,clan_45955,26,75,2
clan_23165,clan_12467,26,75,2
clan_10948,clan_17721,26,75,2
clan_20595,clan_31047,26,75,2
clan_47833,clan_434,26,75,2
clan_3520,clan_6295,26,75,2
clan_3176,clan_14113,26,75,2
clan_18990,clan_24036,26,75,2
clan_21931,clan_25844,26,75,2
clan_42863,clan_40557,26,75,2
clan_10498,clan_3943,27,40,2
clan_9608,clan_6425,27,44,2
clan_10454,clan_37069,27,45,2
clan_26946,clan_9111,27,45,2
clan_6961,clan_9418,27,46,2
clan_6829,clan_23055,27,46,2
clan_4685,clan_18075,27,47,2
clan_4719,clan_14534,27,47,2
clan_14906,clan_12461,27,48,2
clan_5722,clan_5442,27,48,2
clan_5184,clan_8252,27,48,2
clan_19365,clan_12128,27,48,2
clan_3194,clan_36233,27,50,2
clan_7546,clan_23547,27,50,2
clan_11802,clan_2394,27,50,2
clan_29299,clan_12707,27,50,2
clan_31891,clan_2333,27,51,2
clan_7580,clan_5661,27,51,2
clan_30984,clan_33528,27,51,2
clan_3273,clan_7181,27,51,2
clan_10618,clan_22458,27,51,2
clan_31201,clan_45484,27,51,2
clan_24148,clan_26121,27,51,2
clan_7867,clan_23868,27,51,2
clan_16624,clan_23244,27,51,2
clan_19285,clan_16661,27,51,2
clan_28509,clan_36393,27,51,2
clan_15610,clan_21470,27,51,2
clan_2590,clan_14117,27,52,2
clan_28172,clan_18074,27,52,2
clan_13530,clan_3740,27,52,2
clan_34208,clan_37655,27,53,2
clan_7635,clan_15394,27,53,2
clan_8590,clan_29396,27,53,2
clan_15387,clan_12273,27,53,2
clan_20469,clan_14331,27,53,2
clan_7034,clan_19379,27,53,2
clan_25878,clan_30020,27,53,2
clan_7501,clan_12877,27,53,2
clan_6438,clan_28305,27,54,2
clan_21835,clan_6969,27,54,2
clan_10606,clan_27260,27,54,2
clan_9032,clan_18893,27,54,2
clan_9323,clan_9089,27,54,2
clan_10991,clan_31924,27,54,2
clan_22732,clan_17337,27,54,2
clan_17761,clan_18470,27,54,2
clan_24314,clan_18707,27,54,2
clan_5879,clan_21079,27,54,2
clan_22972,clan_13578,27,54,2
clan_17439,clan_1982,27,54,2
clan_8613,clan_2814,27,55,2
clan_7621,clan_23372,27,55,2
clan_24318,clan_40964,27,55,2
clan_10171,clan_27532,27,55,2
clan_37926,clan_3452,27,55,2
clan_26431,clan_4509,27,56,2
clan_2582,clan_11848,27,56,2
clan_25313,clan_27019,27,56,2
clan_2610,clan_31591,27,56,2
clan_13547,clan_9150,27,56,2
clan_17775,clan_19201,27,57,2
clan_24899,clan_30562,27,57,2
clan_8768,clan_30571,27,57,2
clan_18614,clan_23776,27,57,2
clan_25418,clan_27960,27,57,2
clan_4715,clan_15116,27,57,2
clan_3647,clan_3608,27,57,2
clan_24527,clan_36335,27,57,2
clan_19323,clan_27456,27,57,2
clan_13211,clan_10682,27,57,2
clan_37871,clan_37615,27,57,2
clan_11417,clan_2406,27,57,2
clan_4236,clan_30390,27,57,2
clan_5651,clan_13695,27,57,2
clan_18327,clan_20252,27,57,2
clan_26989,clan_37477,27,57,2
clan_3966,clan_21073,27,57,2
clan_44153,clan_43990,27,57,2
clan_21694,clan_25488,27,58,2
clan_39903,clan_11519,27,58,2
clan_20913,clan_19873,27,58,2
clan_4689,clan_10699,27,58,2
clan_2424,clan_11874,27,59,2
clan_30024,clan_15558,27,59,2
clan_10638,clan_38385,27,59,2
clan_26776,clan_29613,27,59,2
clan_17303,clan_33961,27,59,2
clan_6013,clan_28127,27,59,2
clan_24047,clan_22600,27,59,2
clan_22391,clan_20092,27,59,2
clan_14009,clan_25298,27,59,2
clan_12365,clan_44671,27,60,2
clan_18690,clan_27146,27,60,2
clan_34035,clan_9802,27,60,2
clan_10478,clan_21985,27,60,2
clan_20880,clan_2389,27,60,2
clan_37866,clan_32358,27,60,2
clan_20566,clan_13920,27,60,2
clan_14898,clan_20885,27,60,2
clan_38453,clan_22751,27,60,2
clan_4511,clan_30023,27,60,2
clan_5592,clan_26523,27,60,2
clan_10740,clan_37917,27,60,2
clan_20253,clan_17901,27,60,2
clan_21600,clan_25180,27,60,2
clan_29419,clan_14743,27,60,2
clan_42892,clan_40819,27,60,2
clan_34270,clan_25134,27,60,2
clan_23154,clan_26909,27,60,2
clan_23445,clan_19727,27,60,2
clan_29359,clan_43915,27,60,2
clan_17268,clan_3501,27,60,2
clan_13627,clan_1434,27,60,2
clan_43723,clan_2172,27,60,2
clan_7376,clan_11170,27,60,2
clan_36441,clan_40834,27,60,2
clan_2954,clan_7717,27,61,2
clan_2741,clan_17047,27,61,2
clan_5289,clan_1147,27,61,2
clan_15562,clan_9995,27,61,2
clan_5136,clan_16899,27,62,2
clan_1699,clan_66,27,62,2
clan_33001,clan_31412,27,62,2
clan_13848,clan_26247,27,62,2
clan_7295,clan_26438,27,62,2
clan_42081,clan_44723,27,62,2
clan_18425,clan_17274,27,62,2
clan_17827,clan_36898,27,62,2
clan_25546,clan_47031,27,62,2
clan_3179,clan_3771,27,62,2
clan_41173,clan_46690,27,62,2
clan_42472,clan_46897,27,63,2
clan_35081,clan_24621,27,63,2
clan_6703,clan_22920,27,63,2
clan_6313,clan_10032,27,63,2
clan_6800,clan_20172,27,63,2
clan_27010,clan_41947,27,63,2
clan_7858,clan_6205,27,63,2
clan_19880,clan_14990,27,63,2
clan_43459,clan_47015,27,63,2
clan_9474,clan_15719,27,63,2
clan_19361,clan_27905,27,63,2
clan_9612,clan_18008,27,63,2
clan_11750,clan_39400,27,63,2
clan_22237,clan_4654,27,63,2
clan_166,clan_41974,27,63,2
clan_19806,clan_8298,27,63,2
clan_39637,clan_45359,27,63,2
clan_14644,clan_31958,27,63,2
clan_3739,clan_21288,27,63,2
clan_2330,clan_7088,27,63,2
clan_22767,clan_6713,27,63,2
clan_2216,clan_46499,27,63,2
clan_9699,clan_42527,27,63,2
clan_43387,clan_46312,27,63,2
clan_25676,clan_42575,27,63,2
clan_33388,clan_34330,27,63,2
clan_36396,clan_36601,27,63,2
clan_27204,clan_5378,27,63,2
clan_16679,clan_6093,27,63,2
clan_42231,clan_44141,27,63,2
clan_7508,clan_13275,27,63,2
clan_4455,clan_22362,27,63,2
clan_35624,clan_34300,27,63,2
clan_966,clan_45608,27,63,2
clan_32156,clan_43293,27,63,2
clan_13905,clan_47870,27,63,2
clan_6163,clan_41232,27,63,2
clan_7309,clan_25737,27,63,2
clan_23669,clan_20007,27,63,2
clan_12968,clan_20604,27,63,2
clan_3938,clan_16214,27,63,2
clan_19290,clan_33435,27,63,2
clan_14444,clan_27450,27,63,2
clan_15080,clan_7913,27,63,2
clan_18175,clan_46422,27,63,2
clan_9172,clan_28814,27,63,2
clan_10698,clan_8711,27,63,2
clan_43366,clan_35939,27,63,2
clan_39824,clan_28614,27,63,2
clan_46181,clan_35543,27,64,2
clan_8159,clan_34818,27,64,2
clan_15204,clan_13469,27,64,2
clan_40625,clan_33721,27,64,2
clan_12107,clan_8658,27,65,2
clan_17719,clan_20416,27,65,2
clan_7009,clan_46102,27,65,2
clan_46579,clan_47400,27,65,2
clan_42612,clan_47307,27,65,2
clan_10871,clan_31709,27,65,2
clan_27650,clan_12533,27,65,2
clan_22457,clan_33064,27,65,2
clan_44776,clan_2047,27,65,2
clan_4069,clan_26696,27,65,2
clan_4515,clan_30465,27,65,2
clan_31926,clan_15536,27,65,2
clan_7902,clan_26867,27,65,2
clan_25789,clan_19021,27,65,2
clan_44862,clan_46456,27,65,2
clan_28538,clan_5346,27,65,2
clan_4110,clan_23169,27,65,2
clan_47300,clan_40633,27,65,2
clan_2941,clan_17566,27,66,2
clan_20740,clan_8767,27,66,2
clan_41097,clan_27243,27,66,2
clan_15104,clan_22286,27,66,2
clan_7327,clan_7819,27,66,2
clan_22114,clan_33514,27,66,2
clan_5222,clan_46761,27,66,2
clan_2820,clan_16459,27,66,2
clan_30252,clan_25628,27,66,2
clan_17873,clan_27860,27,66,2
clan_16544,clan_6582,27,66,2
clan_20795,clan_5816,27,66,2
clan_9680,clan_10854,27,66,2
clan_45138,clan_37407,27,66,2
clan_39793,clan_44936,27,66,2
clan_3387,clan_13986,27,66,2
clan_12542,clan_25782,27,66,2
clan_35496,clan_42310,27,66,2
clan_46101,clan_45918,27,66,2
clan_36773,clan_41120,27,66,2
clan_21467,clan_14659,27,66,2
clan_21880,clan_39239,27,66,2
clan_24179,clan_29467,27,66,2
clan_36357,clan_14661,27,66,2
clan_26875,clan_34874,27,66,2
clan_38455,clan_41385,27,66,2
clan_13679,clan_22741,27,66,2
clan_41136,clan_47180,27,66,2
clan_2769,clan_4017,27,66,2
clan_30407,clan_12412,27,66,2
clan_18072,clan_34732,27,66,2
clan_35492,clan_2703,27,66,2
clan_39051,clan_46926,27,66,2
clan_12704,clan_641,27,66,2
clan_23827,clan_32076,27,66,2
clan_10860,clan_37652,27,66,2
clan_2672,clan_19613,27,66,2
clan_11814,clan_2683,27,66,2
clan_6356,clan_5024,27,66,2
clan_25780,clan_22387,27,66,2
clan_32576,clan_47711,27,66,2
clan_21369,clan_13896,27,66,2
clan_20905,clan_19174,27,66,2
clan_34329,clan_46589,27,66,2
clan_3021,clan_2535,27,66,2
clan_18199,clan_14536,27,66,2
clan_8718,clan_25756,27,66,2
clan_29593,clan_43262,27,66,2
clan_27381,clan_23122,27,66,2
clan_34273,clan_41787,27,66,2
clan_12609,clan_10646,27,66,2
clan_4791,clan_7761,27,66,2
clan_15811,clan_19555,27,66,2
clan_47795,clan_45793,27,66,2
clan_39599,clan_44811,27,66,2
clan_45108,clan_43463,27,66,2
clan_2361,clan_19691,27,66,2
clan_18396,clan_29939,27,67,2
clan_48186,clan_47365,27,68,2
clan_42471,clan_46705,27,68,2
clan_47955,clan_48245,27,68,2
clan_20443,clan_4437,27,68,2
clan_43461,clan_44833,27,68,2
clan_40463,clan_47676,27,68,2
clan_9725,clan_25382,27,68,2
clan_24446,clan_29925,27,68,2
clan_14204,clan_28129,27,68,2
clan_15648,clan_17169,27,69,2
clan_25659,clan_26745,27,69,2
clan_28790,clan_44099,27,69,2
clan_14966,clan_33670,27,69,2
clan_28546,clan_45062,27,69,2
clan_30559,clan_27610,27,69,2
clan_31889,clan_14560,27,69,2
clan_27912,clan_12600,27,69,2
clan_12282,clan_29884,27,69,2
clan_9407,clan_8389,27,69,2
clan_33696,clan_1103,27,69,2
clan_15645,clan_6499,27,69,2
clan_25823,clan_24908,27,69,2
clan_4518,clan_37672,27,69,2
clan_7251,clan_21922,27,69,2
clan_23065,clan_24012,27,69,2
clan_23603,clan_34165,27,69,2
clan_25954,clan_36764,27,69,2
clan_11453,clan_18758,27,69,2
clan_34477,clan_27355,27,69,2
clan_45584,clan_45554,27,69,2
clan_1271,clan_46228,27,69,2
clan_38115,clan_39180,27,69,2
clan_13569,clan_15214,27,69,2
clan_28944,clan_46330,27,69,2
clan_23903,clan_43466,27,69,2
clan_45257,clan_48079,27,69,2
clan_13907,clan_18080,27,69,2
clan_28633,clan_36385,27,69,2
clan_23958,clan_39452,27,69,2
clan_44278,clan_42554,27,69,2
clan_41995,clan_48129,27,69,2
clan_30101,clan_13724,27,69,2
clan_14506,clan_10049,27,69,2
clan_32825,clan_15020,27,69,2
clan_42031,clan_41756,27,69,2
clan_37475,clan_37654,27,69,2
clan_6419,clan_7860,27,69,2
clan_8141,clan_13856,27,69,2
clan_7869,clan_14043,27,69,2
clan_26389,clan_38573,27,69,2
clan_39902,clan_47279,27,69,2
clan_31558,clan_14228,27,69,2
clan_44700,clan_48235,27,69,2
clan_4398,clan_38353,27,69,2
clan_14245,clan_6177,27,69,2
clan_22443,clan_27108,27,69,2
clan_30488,clan_33645,27,69,2
clan_10813,clan_22487,27,69,2
clan_13558,clan_25518,27,69,2
clan_28118,clan_46196,27,69,2
clan_33332,clan_45009,27,69,2
clan_36861,clan_39719,27,69,2
clan_7262,clan_6944,27,69,2
clan_32963,clan_29183,27,69,2
clan_15695,clan_27685,27,69,2
clan_40310,clan_46451,27,69,2
clan_36313,clan_42811,27,69,2
clan_31408,clan_14353,27,69,2
clan_21761,clan_42911,27,69,2
clan_11399,clan_34877,27,69,2
clan_15878,clan_19578,27,69,2
clan_6988,clan_33054,27,69,2
clan_42158,clan_42774,27,69,2
clan_40440,clan_14095,27,69,2
clan_15389,clan_20214,27,69,2
clan_29456,clan_28587,27,69,2
clan_21506,clan_21235,27,69,2
clan_12937,clan_27277,27,70,2
clan_22519,clan_29039,27,70,2
clan_24856,clan_34370,27,70,2
clan_7953,clan_34572,27,70,2
clan_26547,clan_30245,27,71,2
clan_37602,clan_1719,27,71,2
clan_1925,clan_43203,27,71,2
clan_6331,clan_17075,27,71,2
clan_17667,clan_33006,27,71,2
clan_34346,clan_39418,27,71,2
clan_13463,clan_28793,27,71,2
clan_11572,clan_11243,27,71,2
clan_42577,clan_38397,27,71,2
clan_40804,clan_29167,27,72,2
clan_46866,clan_46848,27,72,2
clan_7169,clan_31493,27,72,2
clan_13623,clan_19736,27,72,2
clan_35413,clan_42862,27,72,2
clan_18512,clan_27516,27,72,2
clan_24977,clan_17528,27,72,2
clan_11758,clan_24245,27,72,2
clan_18541,clan_26949,27,72,2
clan_13077,clan_11768,27,72,2
clan_17084,clan_30203,27,72,2
clan_40754,clan_38341,27,72,2
clan_7275,clan_41779,27,72,2
clan_2437,clan_11024,27,72,2
clan_38371,clan_34260,27,72,2
clan_9613,clan_26932,27,72,2
clan_28291,clan_22758,27,72,2
clan_27303,clan_33744,27,72,2
clan_19735,clan_23456,27,72,2
clan_32824,clan_17779,27,72,2
clan_30269,clan_36410,27,72,2
clan_34871,clan_35754,27,72,2
clan_40455,clan_36690,27,72,2
clan_27895,clan_16611,27,72,2
clan_2662,clan_16683,27,72,2
clan_30886,clan_18855,27,72,2
clan_30558,clan_38796,27,72,2
clan_19189,clan_10009,27,72,2
clan_5630,clan_35048,27,72,2
clan_30917,clan_31841,27,72,2
clan_19484,clan_33017,27,72,2
clan_4721,clan_28691,27,72,2
clan_12520,clan_38319,27,72,2
clan_13244,clan_40802,27,72,2
clan_48265,clan_306,27,72,2
clan_28068,clan_35735,27,72,2
clan_32913,clan_44151,27,72,2
clan_5259,clan_42112,27,72,2
clan_23384,clan_5276,27,72,2
clan_43876,clan_39029,27,72,2
clan_40673,clan_45732,27,72,2
clan_42976,clan_47601,27,72,2
clan_9606,clan_36879,27,72,2
clan_28807,clan_46542,27,72,2
clan_17621,clan_25374,27,72,2
clan_23331,clan_48126,27,72,2
clan_17994,clan_24653,27,72,2
clan_1927,clan_1968,27,72,2
clan_43651,clan_45174,27,72,2
clan_33943,clan_19552,27,72,2
clan_41685,clan_39756,27,72,2
clan_19754,clan_36502,27,72,2
clan_47244,clan_821,27,72,2
clan_6544,clan_37389,27,72,2
clan_15584,clan_39288,27,72,2
clan_35153,clan_31233,27,72,2
clan_23629,clan_27540,27,72,2
clan_33676,clan_37078,27,72,2
clan_14858,clan_16614,27,72,2
clan_45752,clan_45456,27,72,2
clan_1581,clan_441,27,72,2
clan_36961,clan_43936,27,72,2
clan_32862,clan_18268,27,72,2
clan_37682,clan_47561,27,72,2
clan_45612,clan_47291,27,72,2
clan_19479,clan_8326,27,72,2
clan_12446,clan_29017,27,72,2
clan_32035,clan_43963,27,72,2
clan_25991,clan_35285,27,72,2
clan_38950,clan_7126,27,72,2
clan_8337,clan_22693,27,72,2
clan_32960,clan_31593,27,72,2
clan_5802,clan_32070,27,72,2
clan_29014,clan_23915,27,72,2
clan_27025,clan_40503,27,72,2
clan_45623,clan_42826,27,72,2
clan_9575,clan_6035,27,72,2
clan_11609,clan_27597,27,72,2
clan_47327,clan_45080,27,72,2
clan_43580,clan_44042,27,74,2
clan_39533,clan_34024,27,74,2
clan_30877,clan_18292,27,74,2
clan_1954,clan_46608,27,75,2
clan_32331,clan_655,27,75,2
clan_474,clan_47014,27,75,2
clan_10544,clan_31951,27,75,2
clan_11493,clan_19886,27,75,2
clan_36102,clan_41171,27,75,2
clan_41673,clan_27976,27,75,2
clan_38823,clan_34242,27,75,2
clan_25185,clan_9574,27,75,2
clan_15892,clan_18812,27,75,2
clan_32634,clan_35558,27,75,2
clan_37004,clan_44071,27,75,2
clan_3485,clan_40147,27,75,2
clan_14096,clan_643,27,75,2
clan_30599,clan_42579,27,75,2
clan_36762,clan_24051,27,75,2
clan_44261,clan_44266,27,75,2
clan_20528,clan_42789,27,75,2
clan_26707,clan_32821,27,75,2
clan_38212,clan_47021,27,75,2
clan_41406,clan_14384,27,75,2
clan_26903,clan_42889,27,75,2
clan_27152,clan_37284,27,75,2
clan_963,clan_41830,27,75,2
clan_45346,clan_41650,27,75,2
clan_30242,clan_38815,27,75,2
clan_44492,clan_17422,27,75,2
clan_30030,clan_46086,27,75,2
clan_10095,clan_1707,27,75,2
clan_29952,clan_40114,27,75,2
clan_5235,clan_30759,27,75,2
clan_37510,clan_21915,27,75,2
clan_20777,clan_12546,27,75,2
clan_36621,clan_43073,27,75,2
clan_43421,clan_41771,27,75,2
clan_45361,clan_1357,27,75,2
clan_10626,clan_2995,27,75,2
clan_27668,clan_48287,27,75,2
clan_40374,clan_36531,27,75,2
clan_18971,clan_852,27,75,2
clan_4176,clan_21759,27,75,2
clan_26565,clan_40697,27,75,2
clan_4207,clan_4842,27,75,2
clan_35181,clan_45214,27,75,2
clan_44817,clan_46672,27,75,2
clan_37136,clan_43980,27,75,2
clan_9528,clan_36464,27,75,2
clan_46112,clan_353,27,75,2
clan_24021,clan_36802,27,75,2
clan_903,clan_48450,27,75,2
clan_32350,clan_27856,27,75,2
clan_18577,clan_46292,27,75,2
clan_32230,clan_42345,27,75,2
clan_20567,clan_18063,27,75,2
clan_38032,clan_7710,27,75,2
clan_38359,clan_38352,27,75,2
clan_5920,clan_11053,27,75,2
clan_23209,clan_14407,27,75,2
clan_15485,clan_23068,27,75,2
clan_18992,clan_15827,27,75,2
clan_2597,clan_8043,27,75,2
clan_22252,clan_33571,27,75,2
clan_7825,clan_29662,27,75,2
clan_3916,clan_15820,27,75,2
clan_9897,clan_27390,27,75,2
clan_37771,clan_21465,27,75,2
clan_13434,clan_3469,27,75,2
clan_47115,clan_45908,27,75,2
clan_9945,clan_28536,27,75,2
clan_23251,clan_41456,27,75,2
clan_6427,clan_46797,27,75,2
clan_26811,clan_34192,27,75,2
clan_26041,clan_46061,27,75,2
clan_38669,clan_39315,27,75,2
clan_12568,clan_37618,27,75,2
clan_45333,clan_682,27,75,2
clan_23118,clan_29875,27,75,2
clan_2890,clan_31316,27,75,2
clan_41604,clan_46781,27,75,2
clan_13022,clan_17928,27,75,2
clan_30982,clan_14853,27,75,2
clan_23896,clan_38659,27,75,2
clan_364,clan_21,27,76,2
clan_39092,clan_46317,27,78,2
clan_9489,clan_40167,27,78,2
clan_37375,clan_40159,27,78,2
clan_16208,clan_38721,27,78,2
clan_21061,clan_44835,27,78,2
clan_37623,clan_38396,27,78,2
clan_20798,clan_43218,27,78,2
clan_5121,clan_22596,27,78,2
clan_20619,clan_41486,27,78,2
clan_20076,clan_32965,27,78,2
clan_293,clan_47030,27,78,2
clan_21963,clan_41359,27,78,2
clan_39894,clan_48526,27,78,2
clan_34630,clan_47663,27,78,2
clan_38832,clan_48551,27,78,2
clan_11840,clan_1892,27,78,2
clan_35471,clan_47451,27,78,2
clan_10186,clan_42578,27,78,2
clan_43619,clan_43428,27,78,2
clan_47976,clan_1914,27,78,2
clan_45658,clan_20140,27,78,2
clan_6600,clan_32177,27,78,2
clan_32899,clan_39735,27,78,2
clan_9658,clan_22616,27,78,2
clan_47574,clan_1778,27,78,2
clan_47260,clan_815,27,78,2
clan_17210,clan_7733,27,78,2
clan_22452,clan_24324,27,78,2
clan_44846,clan_2187,27,78,2
clan_44941,clan_43005,27,79,2
clan_8139,clan_29444,27,81,2
clan_11327,clan_41331,27,81,2
clan_707,clan_37086,27,81,2
clan_29161,clan_13,27,81,2
clan_27913,clan_31512,27,81,2
clan_40495,clan_46496,27,81,2
clan_18363,clan_20526,27,81,2
clan_45853,clan_234,27,81,2
clan_22470,clan_27051,27,81,2
clan_33374,clan_47966,27,81,2
clan_10027,clan_27987,27,81,2
clan_31801,clan_48515,27,81,2
clan_1032,clan_47941,27,81,2
clan_34436,clan_30458,27,81,2
clan_2080,clan_17323,27,81,2
clan_27298,clan_40776,27,81,2
clan_46038,clan_45659,27,81,2
clan_42077,clan_687,27,81,2
clan_5365,clan_42974,27,81,2
clan_39712,clan_46596,27,81,2
clan_2803,clan_31848,27,81,2
clan_4161,clan_35611,27,81,2
clan_38072,clan_12643,27,81,2
clan_11452,clan_40482,27,81,2
clan_30831,clan_33246,27,81,2
clan_9874,clan_38785,27,81,2
clan_816,clan_30078,27,81,2
clan_16632,clan_34423,27,81,2
clan_2294,clan_47732,27,81,2
clan_39238,clan_48297,27,81,2
clan_24054,clan_5080,27,81,2
clan_2933,clan_32008,27,81,2
clan_48296,clan_46021,27,81,2
clan_31336,clan_17253,27,81,2
clan_15966,clan_29882,27,81,2
clan_5247,clan_40727,27,81,2
clan_16301,clan_30220,27,81,2
clan_24004,clan_34177,27,81,2
clan_15762,clan_33752,27,81,2
clan_40884,clan_37297,27,81,2
clan_32876,clan_41937,27,81,2
clan_2883,clan_28415,27,81,2
clan_12077,clan_48255,27,81,2
clan_17157,clan_44825,27,81,2
clan_28494,clan_19058,27,81,2
clan_30820,clan_19854,27,81,2
clan_8603,clan_42173,27,81,2
clan_43248,clan_43039,27,81,2
clan_3552,clan_4657,27,81,2
clan_46293,clan_44881,27,81,2
clan_4714,clan_28063,27,81,2
clan_42539,clan_26820,27,81,2
clan_10841,clan_29894,27,81,2
clan_44957,clan_42676,27,81,2
clan_46094,clan_47161,27,81,2
clan_26894,clan_26625,27,81,2
clan_7223,clan_32475,27,81,2
clan_4972,clan_18665,27,81,2
clan_20053,clan_33715,27,81,2
clan_26281,clan_46432,27,81,2
clan_9423,clan_4364,27,81,2
clan_16844,clan_33694,27,81,2
clan_28096,clan_17326,27,81,2
clan_15689,clan_16088,27,81,2
clan_36915,clan_41155,27,81,2
clan_4669,clan_45654,27,81,2
clan_36571,clan_40416,27,81,2
clan_6517,clan_13085,27,81,2
clan_26049,clan_29176,27,81,2
clan_40634,clan_218,27,81,2
clan_35290,clan_44786,27,81,2
clan_15209,clan_15050,27,81,2
clan_7105,clan_42880,27,81,2
clan_17021,clan_1702,27,81,2
clan_20302,clan_29135,27,81,2
clan_23420,clan_38644,27,81,2
clan_20287,clan_32339,27,81,2
clan_43517,clan_48207,27,81,2
clan_13312,clan_33819,27,81,2
clan_10083,clan_48076,27,81,2
clan_16353,clan_30701,27,81,2
clan_2691,clan_42874,27,81,2
clan_24026,clan_28829,27,81,2
clan_26710,clan_42728,27,81,2
clan_32170,clan_1209,27,81,2
clan_23259,clan_28398,27,81,2
clan_15345,clan_39275,27,81,2
clan_37257,clan_1295,27,81,2
clan_46965,clan_47977,27,81,2
clan_3831,clan_9784,27,81,2
clan_6552,clan_28217,27,81,2
clan_12729,clan_43029,27,81,2
clan_19893,clan_23535,27,81,2
clan_987,clan_1270,27,81,2
clan_39146,clan_46387,27,81,2
clan_28341,clan_38572,27,81,2
clan_6753,clan_33869,27,81,2
clan_43604,clan_45117,27,84,2
clan_48136,clan_46093,27,84,2
clan_1772,clan_882,27,87,2
clan_423,clan_254,27,96,2
clan_291,clan_763,27,96,2
clan_36320,clan_44055,27,97,2
clan_47068,clan_1356,27,99,2
clan_962,clan_43722,27,102,2
clan_43164,clan_426,27,105,2
clan_4742,clan_14064,28,19,1
clan_17898,clan_12545,28,26,1
clan_7593,clan_7974,28,34,2
clan_19352,clan_11134,28,36,2
clan_15282,clan_5575,28,41,2
clan_6491,clan_11460,28,41,2
clan_16313,clan_24694,28,42,2
clan_43078,clan_33367,28,44,2
clan_8515,clan_14239,28,45,2
clan_2627,clan_4499,28,45,2
clan_9290,clan_17114,28,46,2
clan_3108,clan_26128,28,46,2
clan_13196,clan_4028,28,47,2
clan_18290,clan_21337,28,47,2
clan_10845,clan_9526,28,47,2
clan_40153,clan_48089,28,48,2
clan_10303,clan_19501,28,49,2
clan_9589,clan_6591,28,50,2
clan_6201,clan_4824,28,50,2
clan_13477,clan_23072,28,50,2
clan_2475,clan_28810,28,50,2
clan_15252,clan_2894,28,50,2
clan_8366,clan_6346,28,50,2
clan_36803,clan_13869,28,50,2
clan_13303,clan_18322,28,50,2
clan_2773,clan_13733,28,51,2
clan_20062,clan_13532,28,53,2
clan_45423,clan_46104,28,54,2
clan_23876,clan_12194,28,54,2
clan_6070,clan_24931,28,54,2
clan_34414,clan_25542,28,54,2
clan_45880,clan_44975,28,54,2
clan_23977,clan_6251,28,54,2
clan_4554,clan_18863,28,55,2
clan_24264,clan_13126,28,56,2
clan_13191,clan_10053,28,56,2
clan_40054,clan_43447,28,56,2
clan_4246,clan_16288,28,56,2
clan_2346,clan_24372,28,56,2
clan_3261,clan_23858,28,56,2
clan_18060,clan_42440,28,56,2
clan_12427,clan_11185,28,57,2
clan_32273,clan_28852,28,57,2
clan_32098,clan_45415,28,57,2
clan_16248,clan_3324,28,57,2
clan_7900,clan_10590,28,57,2
clan_16927,clan_9961,28,58,2
clan_38619,clan_36021,28,59,2
clan_9555,clan_15955,28,59,2
clan_32323,clan_43149,28,59,2
clan_42636,clan_41701,28,59,2
clan_25375,clan_16946,28,59,2
clan_39879,clan_38513,28,59,2
clan_36732,clan_27736,28,59,2
clan_5429,clan_13154,28,59,2
clan_19159,clan_296,28,60,2
clan_28155,clan_19849,28,60,2
clan_21521,clan_35090,28,60,2
clan_27173,clan_17374,28,60,2
clan_20429,clan_22510,28,60,2
clan_45757,clan_47431,28,60,2
clan_16642,clan_7947,28,60,2
clan_35586,clan_43859,28,60,2
clan_18312,clan_19508,28,61,2
clan_41482,clan_1740,28,61,2
clan_33549,clan_43508,28,61,2
clan_4736,clan_24604,28,61,2
clan_8092,clan_14577,28,62,2
clan_19197,clan_30821,28,62,2
clan_7744,clan_11818,28,62,2
clan_3704,clan_20605,28,62,2
clan_11729,clan_3151,28,62,2
clan_12789,clan_20705,28,62,2
clan_3694,clan_27712,28,63,2
clan_44840,clan_1409,28,63,2
clan_7746,clan_26033,28,63,2
clan_7624,clan_24963,28,63,2
clan_41825,clan_1949,28,63,2
clan_19664,clan_29695,28,64,2
clan_21315,clan_7108,28,65,2
clan_5139,clan_27661,28,65,2
clan_30454,clan_34731,28,66,2
clan_40119,clan_45792,28,66,2
clan_18703,clan_27775,28,66,2
clan_20203,clan_2708,28,66,2
clan_2761,clan_22862,28,67,2
clan_14576,clan_19023,28,67,2
clan_12530,clan_11936,28,67,2
clan_4036,clan_22302,28,68,2
clan_38400,clan_45638,28,69,2
clan_20915,clan_20692,28,69,2
clan_32695,clan_39099,28,69,2
clan_22537,clan_26977,28,69,2
clan_19888,clan_24448,28,69,2
clan_17375,clan_7258,28,69,2
clan_4330,clan_10925,28,69,2
clan_15184,clan_27463,28,69,2
clan_811,clan_1138,28,72,2
clan_27339,clan_14119,28,75,2
clan_16164,clan_37879,28,75,2
clan_2508,clan_3448,29,16,1
clan_18811,clan_2790,29,31,2
clan_14212,clan_19227,29,34,2
clan_12340,clan_6231,29,44,2
clan_17692,clan_6376,29,44,2
clan_7040,clan_17359,29,44,2
clan_12500,clan_18448,29,44,2
clan_13057,clan_16934,29,45,2
clan_10753,clan_21111,29,45,2
clan_14103,clan_34005,29,45,2
clan_27635,clan_33091,29,46,2
clan_21875,clan_9023,29,47,2
clan_19527,clan_2733,29,47,2
clan_9313,clan_6808,29,47,2
clan_34698,clan_36854,29,47,2
clan_15427,clan_7719,29,47,2
clan_26864,clan_4404,29,48,2
clan_29672,clan_15964,29,48,2
clan_22777,clan_16412,29,48,2
clan_9742,clan_9152,29,49,2
clan_46365,clan_40679,29,49,2
clan_27989,clan_14579,29,49,2
clan_3013,clan_3684,29,50,2
clan_16481,clan_16707,29,50,2
clan_15821,clan_3475,29,50,2
clan_12796,clan_3509,29,51,2
clan_29787,clan_27596,29,51,2
clan_21332,clan_16337,29,51,2
clan_3969,clan_28425,29,51,2
clan_3303,clan_6563,29,52,2
clan_9267,clan_21021,29,52,2
clan_28058,clan_2396,29,52,2
clan_4391,clan_19838,29,53,2
clan_23443,clan_13917,29,53,2
clan_9124,clan_18521,29,53,2
clan_10869,clan_481,29,53,2
clan_30331,clan_10995,29,53,2
clan_6799,clan_14928,29,53,2
clan_16171,clan_7397,29,54,2
clan_29947,clan_7539,29,54,2
clan_12981,clan_26073,29,54,2
clan_28909,clan_40751,29,54,2
clan_11382,clan_24287,29,54,2
clan_7334,clan_17889,29,54,2
clan_20807,clan_29340,29,54,2
clan_282,clan_12219,29,55,2
clan_21604,clan_6290,29,55,2
clan_21026,clan_3633,29,55,2
clan_3187,clan_4078,29,55,2
clan_5597,clan_10138,29,56,2
clan_30068,clan_35730,29,56,2
clan_19104,clan_42401,29,56,2
clan_24258,clan_20862,29,56,2
clan_10197,clan_12237,29,56,2
clan_8324,clan_27410,29,57,2
clan_5859,clan_6492,29,57,2
clan_18556,clan_6036,29,57,2
clan_3622,clan_20487,29,57,2
clan_13707,clan_20012,29,57,2
clan_7581,clan_22484,29,57,2
clan_36000,clan_27565,29,57,2
clan_2315,clan_23795,29,57,2
clan_38151,clan_42058,29,57,2
clan_10018,clan_37819,29,57,2
clan_445,clan_840,29,57,2
clan_20594,clan_15980,29,57,2
clan_20962,clan_29159,29,58,2
clan_14494,clan_9443,29,58,2
clan_44737,clan_40707,29,58,2
clan_11827,clan_20475,29,58,2
clan_24011,clan_14010,29,58,2
clan_27125,clan_12236,29,58,2
clan_10792,clan_4834,29,59,2
clan_18557,clan_8443,29,59,2
clan_8222,clan_17327,29,59,2
clan_11070,clan_7042,29,59,2
clan_22227,clan_10887,29,59,2
clan_10296,clan_30814,29,59,2
clan_24480,clan_16801,29,59,2
clan_29868,clan_33180,29,59,2
clan_4064,clan_22337,29,59,2
clan_48121,clan_46569,29,59,2
clan_31453,clan_12383,29,59,2
clan_28502,clan_35240,29,59,2
clan_3690,clan_36420,29,59,2
clan_25501,clan_17022,29,59,2
clan_19762,clan_8540,29,60,2
clan_11661,clan_39764,29,60,2
clan_45886,clan_41510,29,60,2
clan_27211,clan_44183,29,60,2
clan_29222,clan_30749,29,60,2
clan_2682,clan_30836,29,60,2
clan_11704,clan_22379,29,60,2
clan_16448,clan_2998,29,60,2
clan_10488,clan_22629,29,60,2
clan_26893,clan_30947,29,60,2
clan_15335,clan_21017,29,60,2
clan_19913,clan_24373,29,60,2
clan_4672,clan_11617,29,60,2
clan_28044,clan_30468,29,60,2
clan_26300,clan_23605,29,61,2
clan_40397,clan_44325,29,62,2
clan_4242,clan_34016,29,62,2
clan_2849,clan_15428,29,62,2
clan_16384,clan_26490,29,62,2
clan_16662,clan_22666,29,62,2
clan_24955,clan_11124,29,62,2
clan_47696,clan_44064,29,62,2
clan_30050,clan_21945,29,63,2
clan_27032,clan_6680,29,63,2
clan_36072,clan_48284,29,63,2
clan_38612,clan_38530,29,63,2
clan_20049,clan_41924,29,63,2
clan_19560,clan_7975,29,63,2
clan_12041,clan_26236,29,63,2
clan_24105,clan_2595,29,63,2
clan_18314,clan_14175,29,63,2
clan_18861,clan_30907,29,63,2
clan_17109,clan_13190,29,63,2
clan_23493,clan_32209,29,63,2
clan_28073,clan_35299,29,63,2
clan_7274,clan_20669,29,64,2
clan_6003,clan_26401,29,64,2
clan_47967,clan_37202,29,64,2
clan_30625,clan_43482,29,65,2
clan_15133,clan_21421,29,65,2
clan_25331,clan_29536,29,65,2
clan_47735,clan_42813,29,65,2
clan_18580,clan_8407,29,65,2
clan_7455,clan_46140,29,65,2
clan_43562,clan_24932,29,65,2
clan_15458,clan_31835,29,65,2
clan_44138,clan_36016,29,65,2
clan_27526,clan_4465,29,66,2
clan_1299,clan_47962,29,66,2
clan_32997,clan_675,29,66,2
clan_26322,clan_32784,29,66,2
clan_37472,clan_30564,29,66,2
clan_23804,clan_35621,29,66,2
clan_47114,clan_20144,29,66,2
clan_40880,clan_24095,29,66,2
clan_13010,clan_35052,29,66,2
clan_25241,clan_47474,29,66,2
clan_47643,clan_44751,29,66,2
clan_35482,clan_37055,29,66,2
clan_18114,clan_18963,29,66,2
clan_25516,clan_13113,29,66,2
clan_10277,clan_10020,29,66,2
clan_26131,clan_40181,29,66,2
clan_1370,clan_48155,29,66,2
clan_36126,clan_44189,29,66,2
clan_23144,clan_19122,29,66,2
clan_22599,clan_36208,29,66,2
clan_5821,clan_40591,29,66,2
clan_40663,clan_20688,29,66,2
clan_26258,clan_34615,29,66,2
clan_38217,clan_39105,29,66,2
clan_10230,clan_8844,29,66,2
clan_31048,clan_42879,29,67,2
clan_15774,clan_8979,29,67,2
clan_24180,clan_23834,29,68,2
clan_32510,clan_30736,29,68,2
clan_1637,clan_42821,29,68,2
clan_23660,clan_25195,29,68,2
clan_6401,clan_21143,29,68,2
clan_8259,clan_20717,29,68,2
clan_13338,clan_40519,29,68,2
clan_3138,clan_9344,29,68,2
clan_39313,clan_130,29,69,2
clan_22774,clan_34501,29,69,2
clan_16765,clan_31499,29,69,2
clan_21702,clan_38777,29,69,2
clan_23103,clan_23751,29,69,2
clan_33750,clan_28589,29,69,2
clan_37762,clan_22143,29,69,2
clan_2854,clan_40080,29,69,2
clan_22931,clan_8334,29,69,2
clan_24691,clan_45026,29,69,2
clan_26945,clan_32096,29,69,2
clan_20668,clan_13340,29,69,2
clan_25619,clan_38290,29,69,2
clan_45791,clan_46401,29,69,2
clan_47201,clan_44090,29,69,2
clan_26059,clan_9259,29,69,2
clan_10350,clan_32730,29,69,2
clan_28234,clan_42356,29,69,2
clan_45171,clan_37440,29,69,2
clan_37424,clan_39987,29,69,2
clan_13384,clan_24541,29,69,2
clan_42466,clan_43367,29,69,2
clan_21433,clan_35668,29,69,2
clan_1681,clan_48342,29,69,2
clan_42426,clan_33684,29,69,2
clan_42660,clan_46503,29,69,2
clan_17690,clan_15480,29,69,2
clan_47060,clan_48203,29,69,2
clan_23437,clan_40083,29,71,2
clan_44216,clan_40218,29,71,2
clan_36455,clan_30897,29,71,2
clan_13498,clan_772,29,71,2
clan_9449,clan_6068,29,71,2
clan_43598,clan_48259,29,72,2
clan_30475,clan_33142,29,72,2
clan_39171,clan_43992,29,72,2
clan_10528,clan_6608,29,72,2
clan_42427,clan_45064,29,74,2
clan_14092,clan_17855,29,75,2
clan_34711,clan_28174,29,75,2
clan_2570,clan_3146,29,75,2
clan_25845,clan_20150,29,75,2
clan_5903,clan_34657,29,75,2
clan_16470,clan_981,29,75,2
clan_21027,clan_26800,29,75,2
clan_13747,clan_18790,29,75,2
clan_25788,clan_48413,29,75,2
clan_272,clan_36719,29,75,2
clan_36997,clan_40095,29,75,2
clan_11360,clan_45284,29,75,2
clan_16281,clan_13483,29,75,2
clan_20635,clan_27159,29,75,2
clan_15559,clan_39869,29,75,2
clan_22497,clan_10100,29,75,2
clan_8544,clan_22197,29,75,2
clan_30218,clan_32370,29,75,2
clan_43524,clan_1043,29,75,2
clan_13983,clan_31999,29,75,2
clan_19678,clan_24567,29,75,2
clan_21720,clan_43832,29,75,2
clan_12111,clan_3562,29,75,2
clan_16874,clan_4116,29,75,2
clan_36499,clan_976,29,92,2
clan_14873,clan_4336,30,33,2
clan_3542,clan_4141,30,34,2
clan_33199,clan_33163,30,36,2
clan_26034,clan_5245,30,37,2
clan_8986,clan_8650,30,37,2
clan_6382,clan_2812,30,39,2
clan_11233,clan_9704,30,39,2
clan_9974,clan_7068,30,39,2
clan_3446,clan_17404,30,39,2
clan_29572,clan_8108,30,39,2
clan_11934,clan_4271,30,40,2
clan_17037,clan_15913,30,41,2
clan_4571,clan_9473,30,41,2
clan_20563,clan_2466,30,42,2
clan_2977,clan_4457,30,42,2
clan_18930,clan_31521,30,42,2
clan_11694,clan_30257,30,44,2
clan_10181,clan_16116,30,44,2
clan_24583,clan_13655,30,44,2
clan_20412,clan_24858,30,45,2
clan_18213,clan_16853,30,45,2
clan_12189,clan_20420,30,45,2
clan_33487,clan_17009,30,46,2
clan_4386,clan_6889,30,47,2
clan_15176,clan_12975,30,47,2
clan_3380,clan_18229,30,47,2
clan_14075,clan_25056,30,47,2
clan_8990,clan_18581,30,47,2
clan_6907,clan_13551,30,47,2
clan_16435,clan_9905,30,48,2
clan_42246,clan_11760,30,48,2
clan_5704,clan_7521,30,48,2
clan_43805,clan_35176,30,48,2
clan_10627,clan_22854,30,48,2
clan_14218,clan_37161,30,48,2
clan_31277,clan_42080,30,48,2
clan_20841,clan_30678,30,48,2
clan_23460,clan_28823,30,48,2
clan_437,clan_12966,30,49,2
clan_10970,clan_30204,30,49,2
clan_25777,clan_8394,30,50,2
clan_29432,clan_21328,30,50,2
clan_24596,clan_36133,30,50,2
clan_16983,clan_28907,30,50,2
clan_41328,clan_32976,30,50,2
clan_17802,clan_23274,30,50,2
clan_21113,clan_18212,30,50,2
clan_23962,clan_34424,30,50,2
clan_46421,clan_2191,30,50,2
clan_22817,clan_21789,30,51,2
clan_5525,clan_19133,30,51,2
clan_9806,clan_8736,30,51,2
clan_24276,clan_31873,30,51,2
clan_28106,clan_7094,30,51,2
clan_37213,clan_33966,30,51,2
clan_15288,clan_17363,30,51,2
clan_16155,clan_4572,30,52,2
clan_6869,clan_14872,30,52,2
clan_6430,clan_3212,30,52,2
clan_11301,clan_4574,30,52,2
clan_40400,clan_40284,30,52,2
clan_2459,clan_7146,30,52,2
clan_29284,clan_14733,30,53,2
clan_24724,clan_46731,30,53,2
clan_13902,clan_42845,30,53,2
clan_40134,clan_40506,30,53,2
clan_24952,clan_36191,30,53,2
clan_4683,clan_24210,30,53,2
clan_31343,clan_41764,30,53,2
clan_23400,clan_7550,30,53,2
clan_6551,clan_41571,30,53,2
clan_2419,clan_36667,30,53,2
clan_24154,clan_14338,30,53,2
clan_16524,clan_5951,30,53,2
clan_12389,clan_25837,30,53,2
clan_12646,clan_3247,30,53,2
clan_18385,clan_16778,30,54,2
clan_34993,clan_16901,30,54,2
clan_8392,clan_3849,30,54,2
clan_17312,clan_22142,30,54,2
clan_17740,clan_3340,30,54,2
clan_4652,clan_5934,30,54,2
clan_30661,clan_8172,30,54,2
clan_5820,clan_7669,30,54,2
clan_8850,clan_32694,30,54,2
clan_20372,clan_25381,30,54,2
clan_4281,clan_10945,30,54,2
clan_2313,clan_34650,30,54,2
clan_30784,clan_455,30,54,2
clan_24812,clan_10422,30,54,2
clan_24018,clan_4788,30,54,2
clan_30500,clan_11178,30,54,2
clan_15567,clan_3386,30,54,2
clan_40019,clan_35642,30,54,2
clan_1130,clan_30314,30,54,2
clan_19210,clan_1184,30,55,2
clan_28555,clan_24138,30,55,2
clan_26308,clan_14610,30,55,2
clan_28468,clan_15692,30,55,2
clan_7079,clan_16911,30,55,2
clan_22113,clan_8834,30,55,2
clan_41193,clan_43120,30,55,2
clan_8457,clan_24832,30,56,2
clan_12899,clan_39939,30,56,2
clan_17861,clan_5495,30,56,2
clan_4861,clan_37782,30,56,2
clan_45866,clan_39323,30,56,2
clan_13545,clan_13042,30,56,2
clan_20486,clan_6074,30,56,2
clan_22189,clan_4822,30,56,2
clan_16503,clan_13457,30,56,2
clan_12980,clan_25209,30,57,2
clan_2388,clan_22637,30,57,2
clan_34945,clan_1083,30,57,2
clan_18932,clan_28679,30,57,2
clan_7476,clan_29588,30,57,2
clan_16081,clan_11877,30,57,2
clan_26048,clan_18913,30,57,2
clan_44711,clan_44970,30,57,2
clan_35678,clan_35915,30,57,2
clan_13421,clan_21411,30,57,2
clan_27684,clan_15301,30,57,2
clan_31784,clan_1723,30,57,2
clan_14917,clan_28994,30,57,2
clan_15007,clan_20281,30,57,2
clan_18612,clan_4974,30,57,2
clan_26276,clan_26287,30,57,2
clan_13841,clan_3493,30,57,2
clan_17905,clan_14365,30,57,2
clan_28650,clan_21091,30,57,2
clan_5788,clan_26575,30,57,2
clan_207,clan_1267,30,57,2
clan_4050,clan_22136,30,57,2
clan_9769,clan_21172,30,57,2
clan_3967,clan_18135,30,57,2
clan_5320,clan_13379,30,57,2
clan_29817,clan_28219,30,57,2
clan_7653,clan_26787,30,57,2
clan_16656,clan_16342,30,57,2
clan_29700,clan_13788,30,57,2
clan_17161,clan_30498,30,57,2
clan_22873,clan_7310,30,57,2
clan_9504,clan_6396,30,57,2
clan_22214,clan_24053,30,57,2
clan_44464,clan_294,30,57,2
clan_13146,clan_24109,30,57,2
clan_7554,clan_17639,30,57,2
clan_12481,clan_19085,30,57,2
clan_35568,clan_44969,30,58,2
clan_8821,clan_22323,30,58,2
clan_25712,clan_28677,30,58,2
clan_45730,clan_8883,30,58,2
clan_36956,clan_39407,30,58,2
clan_9210,clan_20637,30,58,2
clan_15296,clan_40643,30,59,2
clan_15283,clan_19101,30,59,2
clan_17276,clan_8376,30,59,2
clan_42662,clan_41627,30,59,2
clan_41372,clan_22045,30,59,2
clan_19003,clan_18342,30,59,2
clan_16605,clan_30999,30,59,2
clan_22566,clan_45646,30,59,2
clan_21066,clan_16820,30,59,2
clan_40186,clan_42937,30,59,2
clan_11264,clan_2477,30,59,2
clan_12348,clan_7836,30,59,2
clan_43045,clan_1938,30,59,2
clan_32306,clan_18739,30,59,2
clan_3011,clan_15235,30,59,2
clan_6228,clan_20375,30,60,2
clan_41348,clan_36047,30,60,2
clan_42179,clan_48147,30,60,2
clan_18276,clan_15862,30,60,2
clan_7611,clan_31116,30,60,2
clan_2625,clan_40324,30,60,2
clan_26548,clan_23346,30,60,2
clan_6178,clan_16712,30,60,2
clan_37206,clan_28142,30,60,2
clan_16969,clan_9538,30,60,2
clan_30622,clan_927,30,60,2
clan_8592,clan_39241,30,60,2
clan_20655,clan_32287,30,60,2
clan_10482,clan_39995,30,60,2
clan_11470,clan_8818,30,60,2
clan_15618,clan_22124,30,60,2
clan_7499,clan_28884,30,60,2
clan_16926,clan_28963,30,60,2
clan_1262,clan_48003,30,60,2
clan_5464,clan_38539,30,60,2
clan_21653,clan_14848,30,60,2
clan_16005,clan_7187,30,60,2
clan_19919,clan_16952,30,60,2
clan_16689,clan_13186,30,60,2
clan_22655,clan_14780,30,60,2
clan_17384,clan_31160,30,60,2
clan_40074,clan_43407,30,60,2
clan_12993,clan_12221,30,60,2
clan_2530,clan_21651,30,60,2
clan_5242,clan_3482,30,60,2
clan_2735,clan_24037,30,60,2
clan_15230,clan_14318,30,60,2
clan_3640,clan_8383,30,60,2
clan_13703,clan_14662,30,60,2
clan_21855,clan_14550,30,60,2
clan_13347,clan_25592,30,60,2
clan_44992,clan_39150,30,60,2
clan_35446,clan_35604,30,60,2
clan_4552,clan_38492,30,60,2
clan_32723,clan_1242,30,60,2
clan_17633,clan_29823,30,60,2
clan_21803,clan_27753,30,60,2
clan_18068,clan_7951,30,60,2
clan_28847,clan_37199,30,60,2
clan_42536,clan_39112,30,60,2
clan_25416,clan_4868,30,61,2
clan_22745,clan_23361,30,61,2
clan_27181,clan_24981,30,61,2
clan_29337,clan_34375,30,61,2
clan_34114,clan_39018,30,61,2
clan_14051,clan_5794,30,62,2
clan_15658,clan_22912,30,62,2
clan_20515,clan_14922,30,62,2
clan_18476,clan_29208,30,62,2
clan_42744,clan_39509,30,62,2
clan_28774,clan_32354,30,62,2
clan_7714,clan_10047,30,62,2
clan_4496,clan_35451,30,62,2
clan_8414,clan_5284,30,62,2
clan_38848,clan_750,30,62,2
clan_10895,clan_35550,30,62,2
clan_18921,clan_5200,30,62,2
clan_23805,clan_36259,30,62,2
clan_27698,clan_17281,30,62,2
clan_5729,clan_14727,30,62,2
clan_10621,clan_5466,30,62,2
clan_9255,clan_14135,30,62,2
clan_9977,clan_44378,30,62,2
clan_1104,clan_43855,30,62,2
clan_1824,clan_37824,30,62,2
clan_29543,clan_36856,30,62,2
clan_24945,clan_34917,30,62,2
clan_10399,clan_3999,30,62,2
clan_25402,clan_42658,30,62,2
clan_31196,clan_25879,30,62,2
clan_46628,clan_45425,30,62,2
clan_6022,clan_21708,30,63,2
clan_20175,clan_7812,30,63,2
clan_5225,clan_9331,30,63,2
clan_43453,clan_39176,30,63,2
clan_6488,clan_38429,30,63,2
clan_33189,clan_47959,30,63,2
clan_1324,clan_46336,30,63,2
clan_15932,clan_4251,30,63,2
clan_2949,clan_22514,30,63,2
clan_31357,clan_35625,30,63,2
clan_39856,clan_12979,30,63,2
clan_4986,clan_28147,30,63,2
clan_28450,clan_40871,30,63,2
clan_32145,clan_38841,30,63,2
clan_47043,clan_48304,30,63,2
clan_33198,clan_2059,30,63,2
clan_35315,clan_9633,30,63,2
clan_28659,clan_26622,30,63,2
clan_36929,clan_36608,30,63,2
clan_24397,clan_35369,30,63,2
clan_2452,clan_10164,30,63,2
clan_27383,clan_26205,30,63,2
clan_348,clan_25063,30,63,2
clan_3808,clan_24228,30,63,2
clan_46016,clan_41904,30,63,2
clan_2568,clan_13586,30,63,2
clan_28175,clan_28818,30,63,2
clan_6330,clan_24846,30,63,2
clan_11635,clan_2743,30,63,2
clan_25601,clan_40163,30,63,2
clan_7450,clan_32387,30,63,2
clan_8943,clan_7694,30,63,2
clan_23199,clan_35422,30,63,2
clan_25037,clan_17864,30,63,2
clan_11425,clan_8735,30,63,2
clan_28356,clan_19258,30,63,2
clan_28439,clan_24939,30,63,2
clan_8468,clan_10700,30,63,2
clan_34171,clan_45812,30,63,2
clan_33671,clan_33216,30,63,2
clan_36825,clan_35685,30,63,2
clan_10827,clan_15894,30,63,2
clan_19170,clan_45926,30,63,2
clan_20079,clan_42346,30,63,2
clan_5416,clan_34094,30,63,2
clan_32961,clan_36457,30,63,2
clan_9233,clan_5810,30,63,2
clan_32508,clan_22757,30,63,2
clan_35161,clan_15885,30,63,2
clan_18910,clan_29759,30,63,2
clan_2676,clan_32864,30,63,2
clan_7102,clan_21289,30,63,2
clan_7402,clan_39706,30,63,2
clan_15807,clan_45190,30,63,2
clan_3948,clan_19040,30,63,2
clan_38550,clan_20449,30,63,2
clan_11917,clan_3881,30,63,2
clan_6383,clan_5800,30,63,2
clan_41653,clan_38951,30,63,2
clan_25127,clan_20570,30,63,2
clan_11730,clan_4298,30,63,2
clan_33170,clan_44270,30,63,2
clan_8680,clan_15486,30,63,2
clan_4308,clan_14379,30,63,2
clan_39972,clan_21297,30,63,2
clan_11783,clan_23092,30,64,2
clan_25702,clan_41015,30,64,2
clan_14717,clan_2668,30,64,2
clan_21561,clan_37780,30,65,2
clan_5653,clan_22773,30,65,2
clan_19269,clan_12298,30,65,2
clan_35906,clan_39492,30,65,2
clan_33186,clan_33990,30,65,2
clan_13128,clan_31340,30,65,2
clan_24755,clan_22788,30,65,2
clan_1463,clan_47063,30,65,2
clan_43605,clan_45804,30,65,2
clan_26732,clan_39139,30,65,2
clan_43756,clan_47664,30,65,2
clan_37642,clan_37459,30,65,2
clan_8751,clan_22651,30,65,2
clan_733,clan_42161,30,65,2
clan_16351,clan_32814,30,65,2
clan_8482,clan_30968,30,65,2
clan_31483,clan_40823,30,66,2
clan_47494,clan_48171,30,66,2
clan_9314,clan_23221,30,66,2
clan_12683,clan_35291,30,66,2
clan_39345,clan_36650,30,66,2
clan_38698,clan_38664,30,66,2
clan_11393,clan_28059,30,66,2
clan_31103,clan_8948,30,66,2
clan_25691,clan_2182,30,66,2
clan_35786,clan_46290,30,66,2
clan_12613,clan_31142,30,66,2
clan_46443,clan_47799,30,66,2
clan_26979,clan_32155,30,66,2
clan_22844,clan_15021,30,66,2
clan_16016,clan_24330,30,66,2
clan_12316,clan_138,30,66,2
clan_45175,clan_1734,30,66,2
clan_1305,clan_460,30,66,2
clan_4680,clan_13793,30,66,2
clan_35541,clan_17902,30,66,2
clan_6935,clan_35102,30,66,2
clan_27150,clan_16186,30,66,2
clan_42076,clan_31404,30,66,2
clan_24331,clan_30702,30,66,2
clan_29989,clan_13758,30,66,2
clan_35029,clan_36643,30,66,2
clan_30591,clan_42639,30,66,2
clan_48038,clan_1861,30,66,2
clan_23330,clan_34456,30,66,2
clan_10453,clan_10260,30,66,2
clan_33253,clan_42325,30,66,2
clan_33470,clan_32355,30,66,2
clan_5166,clan_7667,30,66,2
clan_25750,clan_15687,30,66,2
clan_16098,clan_44571,30,66,2
clan_11875,clan_21582,30,66,2
clan_11918,clan_30811,30,66,2
clan_21976,clan_34519,30,66,2
clan_18061,clan_15782,30,66,2
clan_9311,clan_35407,30,66,2
clan_11508,clan_22713,30,66,2
clan_20853,clan_12699,30,66,2
clan_4073,clan_24725,30,66,2
clan_29689,clan_17780,30,66,2
clan_33403,clan_8175,30,66,2
clan_32092,clan_39725,30,66,2
clan_9424,clan_24266,30,66,2
clan_42180,clan_48323,30,66,2
clan_1649,clan_149,30,66,2
clan_13455,clan_18401,30,66,2
clan_20780,clan_23808,30,66,2
clan_22015,clan_48179,30,66,2
clan_13161,clan_28231,30,66,2
clan_29681,clan_25808,30,66,2
clan_35928,clan_6547,30,66,2
clan_14184,clan_17615,30,66,2
clan_18102,clan_4495,30,66,2
clan_30924,clan_38139,30,66,2
clan_22880,clan_43079,30,66,2
clan_26828,clan_6695,30,66,2
clan_41709,clan_47037,30,66,2
clan_41978,clan_372,30,66,2
clan_16984,clan_5844,30,66,2
clan_19988,clan_45444,30,66,2
clan_6888,clan_47641,30,66,2
clan_34474,clan_45247,30,66,2
clan_8210,clan_15347,30,66,2
clan_30113,clan_47445,30,66,2
clan_8960,clan_35312,30,66,2
clan_25654,clan_21247,30,66,2
clan_45139,clan_44229,30,66,2
clan_42360,clan_222,30,66,2
clan_16497,clan_26507,30,66,2
clan_18444,clan_41472,30,66,2
clan_5299,clan_9694,30,66,2
clan_33258,clan_33872,30,66,2
clan_36624,clan_28787,30,66,2
clan_17803,clan_26645,30,66,2
clan_8135,clan_26286,30,66,2
clan_37353,clan_39773,30,66,2
clan_40287,clan_44350,30,66,2
clan_37684,clan_25921,30,66,2
clan_18560,clan_22784,30,66,2
clan_273,clan_48343,30,66,2
clan_42422,clan_37380,30,66,2
clan_13300,clan_27045,30,66,2
clan_5475,clan_23622,30,66,2
clan_11551,clan_19523,30,66,2
clan_28100,clan_8536,30,66,2
clan_37895,clan_33448,30,66,2
clan_7127,clan_12157,30,66,2
clan_35527,clan_28471,30,66,2
clan_9338,clan_38718,30,66,2
clan_10146,clan_29946,30,66,2
clan_3028,clan_32516,30,66,2
clan_43363,clan_41536,30,66,2
clan_21841,clan_10141,30,66,2
clan_198,clan_27481,30,66,2
clan_29154,clan_31628,30,66,2
clan_7083,clan_20775,30,66,2
clan_19703,clan_4445,30,66,2
clan_30049,clan_33393,30,66,2
clan_23243,clan_16150,30,66,2
clan_13119,clan_25787,30,67,2
clan_6182,clan_12801,30,67,2
clan_25011,clan_33526,30,67,2
clan_46078,clan_47267,30,68,2
clan_8231,clan_8046,30,68,2
clan_31842,clan_41533,30,68,2
clan_5345,clan_24246,30,68,2
clan_34491,clan_38488,30,68,2
clan_13725,clan_13846,30,68,2
clan_568,clan_43726,30,68,2
clan_42159,clan_20890,30,68,2
clan_44506,clan_41405,30,68,2
clan_20300,clan_40432,30,68,2
clan_10530,clan_24477,30,68,2
clan_42971,clan_2171,30,68,2
clan_3166,clan_35904,30,68,2
clan_21775,clan_31575,30,68,2
clan_46300,clan_44327,30,68,2
clan_33390,clan_29315,30,68,2
clan_39050,clan_36153,30,68,2
clan_35436,clan_42408,30,68,2
clan_20975,clan_19816,30,69,2
clan_24609,clan_40376,30,69,2
clan_32978,clan_40030,30,69,2
clan_15997,clan_39102,30,69,2
clan_767,clan_1465,30,69,2
clan_45221,clan_46081,30,69,2
clan_2821,clan_27110,30,69,2
clan_43829,clan_47556,30,69,2
clan_28609,clan_32584,30,69,2
clan_22707,clan_27787,30,69,2
clan_5738,clan_13708,30,69,2
clan_7447,clan_15222,30,69,2
clan_14194,clan_13728,30,69,2
clan_23485,clan_4381,30,69,2
clan_21970,clan_15354,30,69,2
clan_33381,clan_42805,30,69,2
clan_41352,clan_32499,30,69,2
clan_25818,clan_18400,30,69,2
clan_14887,clan_2088,30,69,2
clan_47834,clan_44014,30,69,2
clan_40549,clan_47667,30,69,2
clan_2546,clan_9621,30,69,2
clan_38663,clan_37329,30,69,2
clan_9216,clan_31452,30,69,2
clan_18968,clan_20863,30,69,2
clan_9969,clan_13306,30,69,2
clan_34562,clan_39783,30,69,2
clan_24080,clan_42808,30,69,2
clan_36694,clan_33475,30,69,2
clan_13258,clan_15073,30,69,2
clan_34916,clan_41905,30,69,2
clan_6522,clan_23571,30,69,2
clan_5973,clan_12528,30,69,2
clan_40032,clan_576,30,69,2
clan_36232,clan_5547,30,69,2
clan_14080,clan_37249,30,69,2
clan_28724,clan_42580,30,69,2
clan_42416,clan_41744,30,69,2
clan_35574,clan_32284,30,69,2
clan_23763,clan_38124,30,69,2
clan_41227,clan_34658,30,69,2
clan_31132,clan_39724,30,69,2
clan_38759,clan_29219,30,69,2
clan_11782,clan_12638,30,69,2
clan_18895,clan_44333,30,69,2
clan_22501,clan_33738,30,69,2
clan_2554,clan_17965,30,69,2
clan_41048,clan_41191,30,69,2
clan_44577,clan_45278,30,69,2
clan_1542,clan_9493,30,69,2
clan_13365,clan_16604,30,69,2
clan_25211,clan_26766,30,69,2
clan_31763,clan_42603,30,69,2
clan_20050,clan_28280,30,69,2
clan_10641,clan_6216,30,69,2
clan_29231,clan_39341,30,69,2
clan_15525,clan_33421,30,69,2
clan_18526,clan_35068,30,69,2
clan_21948,clan_32614,30,69,2
clan_47183,clan_40669,30,69,2
clan_10672,clan_32181,30,69,2
clan_1944,clan_45687,30,69,2
clan_21489,clan_9413,30,69,2
clan_31751,clan_37139,30,69,2
clan_43012,clan_43574,30,69,2
clan_2195,clan_46437,30,69,2
clan_12228,clan_45135,30,69,2
clan_44719,clan_44831,30,69,2
clan_37961,clan_35076,30,69,2
clan_18607,clan_41874,30,69,2
clan_47911,clan_42838,30,69,2
clan_27504,clan_38510,30,69,2
clan_22675,clan_35800,30,69,2
clan_5301,clan_30343,30,69,2
clan_1191,clan_46214,30,69,2
clan_45381,clan_48222,30,69,2
clan_5009,clan_4403,30,69,2
clan_21302,clan_13005,30,69,2
clan_27187,clan_33437,30,69,2
clan_22726,clan_21723,30,69,2
clan_503,clan_1114,30,69,2
clan_29012,clan_36573,30,69,2
clan_23732,clan_33493,30,69,2
clan_47637,clan_46873,30,69,2
clan_32338,clan_35007,30,69,2
clan_38361,clan_23070,30,69,2
clan_14146,clan_6319,30,69,2
clan_36468,clan_30872,30,69,2
clan_22364,clan_45694,30,69,2
clan_15678,clan_37031,30,69,2
clan_11823,clan_11658,30,69,2
clan_15305,clan_4154,30,69,2
clan_8474,clan_36971,30,69,2
clan_6193,clan_1962,30,69,2
clan_47878,clan_47105,30,69,2
clan_30151,clan_34394,30,69,2
clan_46489,clan_41884,30,69,2
clan_35133,clan_40021,30,69,2
clan_39572,clan_40837,30,69,2
clan_36333,clan_34811,30,69,2
clan_3366,clan_18273,30,69,2
clan_26107,clan_27834,30,69,2
clan_9514,clan_14855,30,69,2
clan_30854,clan_11542,30,69,2
clan_2528,clan_23966,30,69,2
clan_15993,clan_41849,30,69,2
clan_35246,clan_38340,30,69,2
clan_16822,clan_15026,30,69,2
clan_10188,clan_20930,30,69,2
clan_14403,clan_16091,30,69,2
clan_29242,clan_38256,30,69,2
clan_4987,clan_23218,30,69,2
clan_45160,clan_46173,30,69,2
clan_262,clan_42488,30,69,2
clan_31382,clan_44703,30,69,2
clan_28421,clan_28294,30,69,2
clan_13013,clan_33357,30,69,2
clan_34727,clan_7582,30,69,2
clan_6955,clan_13215,30,69,2
clan_3376,clan_23965,30,69,2
clan_10425,clan_13426,30,69,2
clan_25568,clan_37587,30,69,2
clan_45824,clan_48468,30,69,2
clan_3680,clan_32536,30,69,2
clan_7412,clan_31601,30,69,2
clan_17382,clan_19811,30,69,2
clan_2797,clan_28530,30,69,2
clan_13537,clan_35764,30,69,2
clan_23275,clan_9720,30,69,2
clan_30930,clan_24873,30,69,2
clan_47454,clan_39699,30,69,2
clan_14669,clan_16993,30,69,2
clan_45628,clan_41437,30,69,2
clan_17731,clan_17272,30,70,2
clan_46936,clan_44874,30,71,2
clan_17489,clan_42654,30,71,2
clan_1738,clan_28204,30,71,2
clan_30264,clan_35714,30,71,2
clan_25944,clan_28054,30,71,2
clan_25012,clan_26443,30,71,2
clan_44174,clan_41882,30,71,2
clan_46142,clan_45101,30,71,2
clan_19939,clan_36463,30,71,2
clan_27016,clan_4261,30,72,2
clan_11025,clan_31545,30,72,2
clan_21227,clan_28259,30,72,2
clan_39696,clan_14460,30,72,2
clan_20310,clan_35493,30,72,2
clan_27823,clan_22239,30,72,2
clan_1614,clan_42908,30,72,2
clan_13222,clan_5792,30,72,2
clan_19099,clan_14913,30,72,2
clan_32410,clan_45906,30,72,2
clan_40811,clan_47189,30,72,2
clan_21488,clan_45901,30,72,2
clan_32277,clan_8308,30,72,2
clan_24842,clan_22716,30,72,2
clan_3268,clan_31915,30,72,2
clan_11093,clan_12516,30,72,2
clan_7753,clan_14300,30,72,2
clan_21662,clan_35829,30,72,2
clan_22590,clan_26469,30,72,2
clan_26649,clan_31916,30,72,2
clan_5161,clan_36628,30,72,2
clan_37324,clan_42398,30,72,2
clan_7518,clan_3168,30,72,2
clan_19694,clan_1027,30,72,2
clan_5735,clan_15941,30,72,2
clan_2914,clan_27903,30,72,2
clan_14094,clan_24206,30,72,2
clan_16215,clan_38152,30,72,2
clan_24025,clan_26866,30,72,2
clan_33272,clan_18222,30,72,2
clan_38483,clan_42614,30,72,2
clan_42981,clan_44955,30,72,2
clan_26448,clan_34099,30,72,2
clan_12206,clan_24475,30,72,2
clan_11649,clan_39487,30,72,2
clan_31188,clan_26242,30,72,2
clan_19109,clan_10790,30,72,2
clan_37443,clan_48253,30,72,2
clan_34426,clan_46347,30,72,2
clan_33308,clan_20802,30,72,2
clan_36848,clan_48344,30,72,2
clan_41563,clan_44597,30,72,2
clan_13613,clan_6742,30,72,2
clan_35573,clan_17796,30,72,2
clan_43664,clan_45192,30,72,2
clan_28135,clan_40517,30,72,2
clan_12349,clan_39134,30,72,2
clan_10726,clan_39057,30,72,2
clan_29937,clan_27047,30,72,2
clan_21612,clan_9523,30,72,2
clan_8353,clan_14836,30,72,2
clan_46500,clan_37817,30,72,2
clan_6870,clan_4265,30,72,2
clan_30043,clan_46141,30,72,2
clan_13691,clan_37863,30,72,2
clan_4096,clan_2616,30,72,2
clan_8757,clan_4087,30,72,2
clan_32329,clan_47821,30,72,2
clan_39959,clan_40656,30,72,2
clan_37177,clan_44372,30,72,2
clan_1309,clan_46934,30,72,2
clan_7217,clan_37280,30,72,2
clan_17175,clan_15033,30,72,2
clan_28462,clan_25854,30,72,2
clan_26814,clan_31797,30,72,2
clan_4344,clan_37453,30,72,2
clan_12002,clan_31688,30,72,2
clan_5698,clan_24070,30,72,2
clan_21114,clan_39828,30,72,2
clan_35087,clan_40149,30,72,2
clan_8900,clan_19245,30,72,2
clan_25768,clan_25337,30,72,2
clan_5914,clan_22848,30,72,2
clan_17770,clan_9207,30,72,2
clan_25911,clan_47032,30,72,2
clan_12258,clan_18490,30,72,2
clan_1210,clan_45790,30,72,2
clan_12849,clan_11270,30,72,2
clan_30189,clan_32432,30,72,2
clan_32703,clan_37480,30,74,2
clan_18524,clan_33532,30,74,2
clan_41541,clan_45410,30,74,2
clan_40899,clan_47688,30,74,2
clan_28149,clan_7552,30,74,2
clan_47209,clan_42201,30,74,2
clan_41823,clan_41833,30,74,2
clan_7425,clan_37088,30,74,2
clan_11767,clan_33617,30,74,2
clan_316,clan_48437,30,75,2
clan_44925,clan_40258,30,75,2
clan_35204,clan_44980,30,75,2
clan_26757,clan_44259,30,75,2
clan_43281,clan_43239,30,75,2
clan_40638,clan_34980,30,75,2
clan_10001,clan_32412,30,75,2
clan_5805,clan_34899,30,75,2
clan_1019,clan_42392,30,75,2
clan_647,clan_1933,30,75,2
clan_46185,clan_47630,30,75,2
clan_39178,clan_21226,30,75,2
clan_22152,clan_45305,30,75,2
clan_5418,clan_12022,30,75,2
clan_44267,clan_45105,30,75,2
clan_10227,clan_46913,30,75,2
clan_25422,clan_23631,30,75,2
clan_33601,clan_45922,30,75,2
clan_28568,clan_47934,30,75,2
clan_13139,clan_22004,30,75,2
clan_42186,clan_773,30,75,2
clan_26217,clan_36912,30,75,2
clan_46921,clan_40126,30,75,2
clan_10426,clan_30903,30,75,2
clan_18525,clan_47360,30,75,2
clan_27012,clan_30302,30,75,2
clan_133,clan_40655,30,75,2
clan_34280,clan_32425,30,75,2
clan_5444,clan_6841,30,75,2
clan_14400,clan_39836,30,75,2
clan_18997,clan_26330,30,75,2
clan_4595,clan_14911,30,75,2
clan_45076,clan_45587,30,75,2
clan_39355,clan_44791,30,75,2
clan_26282,clan_5827,30,75,2
clan_48008,clan_397,30,75,2
clan_35944,clan_29918,30,75,2
clan_33314,clan_30818,30,75,2
clan_36342,clan_19454,30,75,2
clan_28953,clan_31125,30,75,2
clan_26206,clan_27179,30,75,2
clan_29128,clan_37724,30,75,2
clan_32583,clan_7570,30,75,2
clan_45851,clan_1757,30,75,2
clan_8008,clan_34556,30,75,2
clan_44440,clan_40249,30,75,2
clan_12447,clan_11970,30,75,2
clan_18828,clan_47210,30,75,2
clan_41133,clan_46974,30,75,2
clan_2416,clan_30172,30,75,2
clan_46772,clan_44683,30,75,2
clan_7441,clan_22222,30,75,2
clan_46188,clan_47992,30,75,2
clan_23246,clan_24720,30,75,2
clan_12989,clan_8942,30,75,2
clan_18445,clan_5671,30,75,2
clan_44222,clan_44681,30,75,2
clan_8747,clan_38654,30,75,2
clan_12442,clan_36532,30,75,2
clan_43610,clan_33520,30,75,2
clan_35656,clan_36471,30,75,2
clan_39103,clan_40271,30,75,2
clan_32682,clan_42091,30,75,2
clan_20535,clan_41254,30,75,2
clan_15273,clan_9981,30,75,2
clan_27116,clan_22301,30,75,2
clan_18692,clan_20626,30,75,2
clan_25880,clan_42409,30,75,2
clan_36135,clan_37428,30,75,2
clan_42213,clan_620,30,75,2
clan_11003,clan_47913,30,75,2
clan_10805,clan_31837,30,75,2
clan_42804,clan_47544,30,75,2
clan_45495,clan_26539,30,75,2
clan_3156,clan_24433,30,75,2
clan_32146,clan_39876,30,75,2
clan_27290,clan_24684,30,75,2
clan_28016,clan_20005,30,75,2
clan_38192,clan_41828,30,75,2
clan_34421,clan_41607,30,75,2
clan_28088,clan_16377,30,75,2
clan_21142,clan_27480,30,75,2
clan_29871,clan_43801,30,75,2
clan_375,clan_45977,30,75,2
clan_3528,clan_10960,30,75,2
clan_42622,clan_1783,30,75,2
clan_11642,clan_38260,30,75,2
clan_14058,clan_45213,30,75,2
clan_1049,clan_48200,30,75,2
clan_21729,clan_41286,30,75,2
clan_35777,clan_44392,30,75,2
clan_28036,clan_7644,30,75,2
clan_30710,clan_39536,30,75,2
clan_16239,clan_44704,30,75,2
clan_1894,clan_407,30,75,2
clan_30890,clan_30891,30,75,2
clan_30948,clan_25687,30,75,2
clan_35839,clan_43072,30,75,2
clan_46599,clan_42943,30,75,2
clan_6403,clan_6187,30,75,2
clan_36699,clan_33579,30,75,2
clan_2126,clan_424,30,75,2
clan_33523,clan_17194,30,75,2
clan_42353,clan_31908,30,75,2
clan_246,clan_48403,30,77,2
clan_49,clan_186,30,78,2
clan_48093,clan_43139,30,79,2
clan_35354,clan_48086,30,81,2
clan_42905,clan_38538,30,81,2
clan_450,clan_134,30,81,2
clan_46894,clan_512,30,82,2
clan_46801,clan_42820,30,82,2
clan_48108,clan_517,30,87,2
clan_1743,clan_47138,30,90,2
clan_48444,clan_1505,30,102,2
clan_7302,clan_19402,31,30,1
clan_24346,clan_21306,31,33,2
clan_7692,clan_7056,31,33,2
clan_6458,clan_20539,31,34,2
clan_4454,clan_5993,31,39,2
clan_9100,clan_16039,31,39,2
clan_17082,clan_36124,31,40,2
clan_22800,clan_8709,31,42,2
clan_9929,clan_15054,31,43,2
clan_14140,clan_4397,31,43,2
clan_25783,clan_23343,31,44,2
clan_7699,clan_27996,31,45,2
clan_4408,clan_6779,31,45,2
clan_34733,clan_38214,31,46,2
clan_5710,clan_7663,31,46,2
clan_14110,clan_14707,31,47,2
clan_39771,clan_1190,31,47,2
clan_11295,clan_20232,31,47,2
clan_11153,clan_18032,31,47,2
clan_28645,clan_32644,31,48,2
clan_26176,clan_25487,31,48,2
clan_40841,clan_42152,31,48,2
clan_3134,clan_9208,31,48,2
clan_17308,clan_2380,31,48,2
clan_3265,clan_3206,31,49,2
clan_25094,clan_21423,31,49,2
clan_8183,clan_28137,31,49,2
clan_10754,clan_7594,31,50,2
clan_22199,clan_8740,31,50,2
clan_9761,clan_30123,31,51,2
clan_17512,clan_25202,31,51,2
clan_9480,clan_11320,31,52,2
clan_11788,clan_25373,31,52,2
clan_5170,clan_38433,31,53,2
clan_8136,clan_3664,31,53,2
clan_3685,clan_12347,31,53,2
clan_4597,clan_9586,31,53,2
clan_1863,clan_34604,31,53,2
clan_41040,clan_21068,31,53,2
clan_24236,clan_19163,31,54,2
clan_3415,clan_12073,31,54,2
clan_23367,clan_15099,31,54,2
clan_11839,clan_7509,31,54,2
clan_21768,clan_3506,31,54,2
clan_39391,clan_47010,31,54,2
clan_32376,clan_26803,31,55,2
clan_9153,clan_16483,31,55,2
clan_7115,clan_12971,31,55,2
clan_27106,clan_33588,31,55,2
clan_7505,clan_9022,31,55,2
clan_8982,clan_1243,31,56,2
clan_26514,clan_6304,31,56,2
clan_41574,clan_35917,31,56,2
clan_6143,clan_21456,31,56,2
clan_18774,clan_29913,31,56,2
clan_21822,clan_24388,31,56,2
clan_21184,clan_4952,31,56,2
clan_14606,clan_37557,31,56,2
clan_8331,clan_26231,31,57,2
clan_25734,clan_13984,31,57,2
clan_12065,clan_25142,31,57,2
clan_43510,clan_40967,31,57,2
clan_30793,clan_27404,31,58,2
clan_47591,clan_46509,31,58,2
clan_34496,clan_41893,31,58,2
clan_6726,clan_4282,31,58,2
clan_18837,clan_14191,31,58,2
clan_2670,clan_12203,31,59,2
clan_7638,clan_11152,31,59,2
clan_19492,clan_6259,31,59,2
clan_15937,clan_28512,31,59,2
clan_8679,clan_25629,31,59,2
clan_10647,clan_4643,31,59,2
clan_16136,clan_6645,31,60,2
clan_47110,clan_34914,31,60,2
clan_3131,clan_16619,31,60,2
clan_22226,clan_20541,31,60,2
clan_23785,clan_25633,31,60,2
clan_40817,clan_31385,31,60,2
clan_20091,clan_19624,31,60,2
clan_26192,clan_22125,31,60,2
clan_12032,clan_14211,31,62,2
clan_27755,clan_21367,31,63,2
clan_33282,clan_20674,31,63,2
clan_12373,clan_2800,31,63,2
clan_22304,clan_29725,31,63,2
clan_29647,clan_14327,31,63,2
clan_28971,clan_19588,31,63,2
clan_6015,clan_23058,31,63,2
clan_14782,clan_14006,31,63,2
clan_31514,clan_9387,31,63,2
clan_33632,clan_45983,31,63,2
clan_23094,clan_20047,31,64,2
clan_29955,clan_32268,31,65,2
clan_20180,clan_4443,31,65,2
clan_28783,clan_11631,31,65,2
clan_18795,clan_22460,31,66,2
clan_11321,clan_23710,31,66,2
clan_25815,clan_4796,31,67,2
clan_28056,clan_12257,31,67,2
clan_16101,clan_18154,31,69,2
clan_4869,clan_3240,31,69,2
clan_18206,clan_4006,31,69,2
clan_30518,clan_11587,31,69,2
clan_14077,clan_8445,31,69,2
clan_46985,clan_38787,31,69,2
clan_39571,clan_46465,31,69,2
clan_47247,clan_41244,31,69,2
clan_40624,clan_41789,31,69,2
clan_37286,clan_678,31,69,2
clan_2029,clan_1529,31,71,2
clan_39885,clan_47845,31,72,2
clan_747,clan_1388,31,75,2
clan_189,clan_593,31,97,2
clan_42600,clan_1048,31,100,2
clan_2583,clan_7273,32,16,1
clan_37662,clan_15246,32,17,1
clan_34406,clan_28860,32,36,2
clan_12250,clan_17887,32,37,2
clan_13923,clan_8270,32,38,2
clan_10293,clan_31997,32,38,2
clan_4880,clan_6822,32,39,2
clan_17246,clan_11120,32,41,2
clan_17513,clan_17782,32,41,2
clan_6208,clan_26250,32,41,2
clan_10808,clan_16049,32,41,2
clan_5552,clan_28981,32,42,2
clan_19413,clan_5419,32,42,2
clan_17854,clan_10331,32,42,2
clan_39977,clan_27851,32,43,2
clan_7403,clan_6149,32,43,2
clan_3883,clan_2584,32,43,2
clan_11815,clan_4492,32,43,2
clan_10300,clan_15213,32,44,2
clan_29374,clan_12535,32,44,2
clan_5192,clan_36614,32,44,2
clan_1945,clan_34460,32,44,2
clan_6329,clan_22601,32,45,2
clan_19641,clan_3433,32,45,2
clan_21836,clan_14343,32,45,2
clan_33591,clan_40373,32,45,2
clan_14513,clan_3802,32,45,2
clan_16264,clan_10855,32,45,2
clan_23667,clan_6622,32,46,2
clan_28186,clan_26703,32,46,2
clan_9566,clan_20265,32,46,2
clan_7221,clan_20097,32,47,2
clan_21718,clan_2560,32,47,2
clan_27091,clan_21473,32,47,2
clan_5629,clan_14524,32,47,2
clan_7117,clan_4720,32,47,2
clan_36190,clan_47584,32,48,2
clan_3211,clan_15397,32,48,2
clan_11997,clan_6587,32,48,2
clan_6952,clan_33259,32,48,2
clan_40774,clan_45476,32,48,2
clan_3483,clan_5490,32,48,2
clan_26115,clan_9317,32,49,2
clan_17420,clan_7864,32,49,2
clan_13699,clan_17369,32,49,2
clan_31757,clan_17583,32,49,2
clan_3788,clan_17641,32,50,2
clan_17934,clan_31372,32,50,2
clan_12173,clan_14830,32,50,2
clan_13754,clan_16176,32,50,2
clan_31629,clan_22163,32,50,2
clan_47744,clan_48560,32,50,2
clan_25286,clan_25002,32,50,2
clan_8089,clan_8409,32,50,2
clan_25751,clan_18010,32,50,2
clan_20102,clan_34277,32,51,2
clan_15810,clan_27938,32,51,2
clan_29363,clan_40447,32,51,2
clan_1488,clan_45564,32,51,2
clan_18626,clan_5423,32,51,2
clan_4943,clan_26549,32,51,2
clan_2816,clan_6272,32,51,2
clan_24710,clan_31461,32,52,2
clan_7288,clan_25644,32,52,2
clan_8599,clan_22107,32,53,2
clan_23086,clan_28272,32,53,2
clan_11335,clan_7987,32,53,2
clan_12029,clan_18078,32,53,2
clan_13935,clan_36140,32,53,2
clan_14022,clan_17577,32,54,2
clan_19679,clan_16610,32,54,2
clan_19007,clan_20263,32,54,2
clan_46477,clan_47501,32,54,2
clan_30293,clan_7435,32,54,2
clan_39644,clan_42208,32,54,2
clan_28345,clan_25939,32,54,2
clan_34661,clan_41984,32,54,2
clan_30655,clan_23952,32,54,2
clan_12563,clan_29287,32,54,2
clan_7006,clan_10337,32,54,2
clan_19368,clan_8101,32,55,2
clan_48267,clan_2251,32,55,2
clan_6386,clan_23531,32,55,2
clan_6803,clan_34688,32,56,2
clan_2460,clan_40170,32,56,2
clan_26109,clan_30629,32,56,2
clan_14410,clan_25288,32,56,2
clan_23584,clan_33326,32,56,2
clan_11084,clan_25590,32,56,2
clan_5891,clan_9683,32,56,2
clan_9230,clan_5876,32,56,2
clan_35067,clan_42181,32,56,2
clan_6987,clan_24618,32,56,2
clan_24715,clan_46091,32,56,2
clan_15430,clan_26981,32,56,2
clan_6657,clan_18877,32,56,2
clan_26135,clan_31563,32,56,2
clan_3295,clan_472,32,57,2
clan_33583,clan_43393,32,57,2
clan_44070,clan_47403,32,57,2
clan_33237,clan_40717,32,57,2
clan_38602,clan_26936,32,57,2
clan_44971,clan_46399,32,57,2
clan_36040,clan_13862,32,57,2
clan_38847,clan_37093,32,57,2
clan_42858,clan_5487,32,57,2
clan_9116,clan_618,32,57,2
clan_7894,clan_22644,32,57,2
clan_34563,clan_43789,32,57,2
clan_3579,clan_22569,32,57,2
clan_9404,clan_31686,32,57,2
clan_3975,clan_8585,32,57,2
clan_22961,clan_31867,32,57,2
clan_25297,clan_36962,32,57,2
clan_17284,clan_17282,32,57,2
clan_17046,clan_16456,32,57,2
clan_8862,clan_40111,32,57,2
clan_11462,clan_18763,32,57,2
clan_8323,clan_25898,32,57,2
clan_23926,clan_11873,32,57,2
clan_12939,clan_36037,32,58,2
clan_5932,clan_11139,32,58,2
clan_36168,clan_35218,32,58,2
clan_37796,clan_48131,32,59,2
clan_7849,clan_41476,32,59,2
clan_23556,clan_26200,32,59,2
clan_9779,clan_4836,32,59,2
clan_24965,clan_6567,32,59,2
clan_2109,clan_11050,32,59,2
clan_6174,clan_13348,32,59,2
clan_41987,clan_43397,32,59,2
clan_46440,clan_43,32,59,2
clan_35302,clan_36444,32,59,2
clan_14995,clan_33896,32,59,2
clan_31003,clan_43641,32,59,2
clan_5789,clan_30022,32,59,2
clan_27750,clan_26933,32,59,2
clan_46244,clan_41594,32,59,2
clan_40345,clan_37563,32,59,2
clan_38467,clan_39225,32,59,2
clan_10796,clan_20889,32,59,2
clan_17601,clan_32542,32,59,2
clan_3592,clan_9400,32,60,2
clan_11521,clan_28654,32,60,2
clan_18806,clan_30955,32,60,2
clan_33926,clan_23225,32,60,2
clan_7875,clan_14033,32,60,2
clan_35994,clan_1205,32,60,2
clan_16698,clan_11389,32,60,2
clan_27894,clan_43179,32,60,2
clan_40266,clan_23671,32,60,2
clan_26591,clan_38715,32,60,2
clan_23756,clan_7610,32,60,2
clan_39598,clan_20623,32,60,2
clan_36364,clan_6450,32,60,2
clan_35831,clan_39446,32,60,2
clan_44823,clan_47299,32,60,2
clan_19426,clan_4458,32,60,2
clan_22571,clan_21336,32,60,2
clan_44733,clan_42881,32,60,2
clan_18057,clan_16589,32,60,2
clan_4272,clan_22311,32,61,2
clan_16378,clan_23487,32,61,2
clan_2478,clan_12155,32,61,2
clan_17693,clan_25197,32,61,2
clan_13692,clan_19926,32,61,2
clan_4890,clan_27145,32,62,2
clan_23869,clan_22083,32,62,2
clan_18566,clan_19215,32,62,2
clan_15650,clan_5528,32,62,2
clan_15967,clan_43602,32,62,2
clan_11244,clan_22910,32,62,2
clan_8247,clan_30095,32,62,2
clan_14309,clan_37608,32,62,2
clan_11336,clan_18658,32,62,2
clan_8967,clan_14450,32,62,2
clan_15016,clan_31523,32,63,2
clan_22027,clan_43809,32,63,2
clan_47687,clan_440,32,63,2
clan_6312,clan_39091,32,63,2
clan_27115,clan_38628,32,63,2
clan_27350,clan_37600,32,63,2
clan_35629,clan_31664,32,63,2
clan_25786,clan_31689,32,63,2
clan_29733,clan_30280,32,63,2
clan_35358,clan_4925,32,63,2
clan_37882,clan_29567,32,63,2
clan_41976,clan_47324,32,63,2
clan_23797,clan_32340,32,63,2
clan_39515,clan_26253,32,63,2
clan_33599,clan_20126,32,63,2
clan_26923,clan_21944,32,63,2
clan_32032,clan_47296,32,63,2
clan_23308,clan_44063,32,63,2
clan_3878,clan_31866,32,63,2
clan_6685,clan_6919,32,63,2
clan_15342,clan_19611,32,63,2
clan_29067,clan_6874,32,63,2
clan_13603,clan_41069,32,63,2
clan_14374,clan_10660,32,63,2
clan_44224,clan_47356,32,63,2
clan_32934,clan_47588,32,63,2
clan_37163,clan_39642,32,63,2
clan_36755,clan_45839,32,63,2
clan_25030,clan_7748,32,63,2
clan_8054,clan_46882,32,63,2
clan_13313,clan_28492,32,64,2
clan_46417,clan_19706,32,65,2
clan_9461,clan_48264,32,65,2
clan_11161,clan_27578,32,65,2
clan_2257,clan_33960,32,65,2
clan_24570,clan_15634,32,65,2
clan_39329,clan_48090,32,66,2
clan_26877,clan_39681,32,66,2
clan_28281,clan_26966,32,66,2
clan_8898,clan_27412,32,66,2
clan_33681,clan_32304,32,66,2
clan_18017,clan_8716,32,66,2
clan_16224,clan_19328,32,66,2
clan_27906,clan_2308,32,66,2
clan_20191,clan_25309,32,66,2
clan_2408,clan_9110,32,66,2
clan_220,clan_22287,32,66,2
clan_34363,clan_33014,32,66,2
clan_24167,clan_29994,32,66,2
clan_21150,clan_35293,32,66,2
clan_3642,clan_17561,32,66,2
clan_43984,clan_46010,32,66,2
clan_30364,clan_12372,32,66,2
clan_47242,clan_48445,32,66,2
clan_39749,clan_28060,32,66,2
clan_12705,clan_5379,32,66,2
clan_37527,clan_30169,32,66,2
clan_12581,clan_35780,32,66,2
clan_40434,clan_300,32,66,2
clan_38842,clan_34552,32,68,2
clan_28416,clan_35690,32,68,2
clan_17536,clan_11838,32,68,2
clan_10467,clan_38623,32,68,2
clan_13821,clan_12687,32,69,2
clan_19786,clan_11248,32,69,2
clan_13638,clan_13262,32,69,2
clan_42480,clan_40483,32,69,2
clan_18578,clan_31582,32,69,2
clan_30305,clan_37190,32,69,2
clan_14360,clan_39716,32,69,2
clan_17490,clan_11219,32,69,2
clan_24817,clan_29771,32,69,2
clan_38607,clan_47549,32,69,2
clan_42498,clan_37265,32,69,2
clan_25152,clan_29038,32,69,2
clan_2393,clan_35092,32,69,2
clan_12284,clan_23402,32,69,2
clan_15161,clan_38267,32,69,2
clan_8431,clan_34930,32,69,2
clan_8784,clan_36684,32,69,2
clan_37169,clan_10620,32,69,2
clan_16040,clan_28569,32,69,2
clan_40465,clan_47625,32,69,2
clan_46069,clan_48364,32,78,2
clan_21957,clan_4367,33,19,1
clan_3250,clan_6884,33,24,1
clan_3414,clan_8565,33,28,1
clan_4203,clan_3587,33,32,1
clan_21644,clan_20873,33,34,2
clan_3595,clan_23541,33,35,2
clan_27148,clan_41613,33,36,2
clan_2338,clan_5500,33,36,2
clan_4857,clan_22974,33,38,2
clan_13235,clan_6095,33,39,2
clan_3600,clan_12799,33,39,2
clan_21575,clan_9347,33,39,2
clan_13124,clan_7067,33,40,2
clan_9758,clan_8437,33,41,2
clan_20020,clan_4668,33,41,2
clan_3904,clan_3396,33,41,2
clan_28681,clan_16748,33,41,2
clan_14955,clan_5576,33,42,2
clan_28241,clan_12020,33,42,2
clan_2427,clan_8598,33,42,2
clan_6787,clan_17676,33,42,2
clan_10382,clan_21660,33,42,2
clan_10675,clan_14169,33,42,2
clan_3511,clan_21300,33,42,2
clan_15767,clan_20963,33,42,2
clan_14623,clan_26381,33,42,2
clan_6027,clan_31202,33,43,2
clan_26952,clan_14581,33,44,2
clan_10112,clan_2443,33,44,2
clan_12161,clan_4114,33,44,2
clan_8803,clan_7161,33,44,2
clan_30918,clan_3790,33,44,2
clan_11004,clan_5656,33,45,2
clan_17090,clan_35233,33,45,2
clan_48135,clan_659,33,45,2
clan_24364,clan_12185,33,45,2
clan_11576,clan_15295,33,45,2
clan_29043,clan_19545,33,46,2
clan_27646,clan_36838,33,46,2
clan_25024,clan_30088,33,46,2
clan_9269,clan_4930,33,46,2
clan_7033,clan_34331,33,46,2
clan_23132,clan_12738,33,46,2
clan_2778,clan_4456,33,47,2
clan_18141,clan_19935,33,47,2
clan_15493,clan_17921,33,47,2
clan_13918,clan_4433,33,47,2
clan_30051,clan_32091,33,47,2
clan_22794,clan_3737,33,48,2
clan_26465,clan_6949,33,48,2
clan_17852,clan_23990,33,48,2
clan_13891,clan_27671,33,48,2
clan_8258,clan_4977,33,48,2
clan_22567,clan_16546,33,48,2
clan_9670,clan_14012,33,48,2
clan_17678,clan_17405,33,48,2
clan_13232,clan_1000,33,48,2
clan_18463,clan_39251,33,48,2
clan_7702,clan_20647,33,48,2
clan_6336,clan_17148,33,49,2
clan_36238,clan_31463,33,49,2
clan_2737,clan_21408,33,49,2
clan_11629,clan_35840,33,49,2
clan_6398,clan_17463,33,49,2
clan_6722,clan_22256,33,49,2
clan_17297,clan_21081,33,50,2
clan_22112,clan_35745,33,50,2
clan_23031,clan_31640,33,50,2
clan_29235,clan_21512,33,50,2
clan_35881,clan_39433,33,50,2
clan_19885,clan_12357,33,50,2
clan_28520,clan_25839,33,50,2
clan_22959,clan_9373,33,50,2
clan_17616,clan_9451,33,50,2
clan_5740,clan_25426,33,50,2
clan_7351,clan_28863,33,51,2
clan_10657,clan_16428,33,51,2
clan_27086,clan_15534,33,51,2
clan_17201,clan_31555,33,51,2
clan_26098,clan_2900,33,51,2
clan_33544,clan_42268,33,51,2
clan_11759,clan_25912,33,51,2
clan_26314,clan_22243,33,51,2
clan_5389,clan_17412,33,51,2
clan_35014,clan_18096,33,51,2
clan_3459,clan_25735,33,51,2
clan_16539,clan_5283,33,51,2
clan_6570,clan_26023,33,51,2
clan_5451,clan_27505,33,51,2
clan_34104,clan_14411,33,51,2
clan_25259,clan_11277,33,51,2
clan_14181,clan_6653,33,51,2
clan_20577,clan_23807,33,51,2
clan_14225,clan_4608,33,51,2
clan_45,clan_866,33,51,2
clan_7766,clan_30527,33,51,2
clan_27484,clan_28423,33,51,2
clan_47342,clan_47481,33,51,2
clan_23913,clan_22111,33,51,2
clan_15537,clan_26090,33,51,2
clan_21909,clan_41562,33,51,2
clan_12621,clan_18501,33,51,2
clan_4840,clan_25007,33,51,2
clan_15112,clan_4790,33,52,2
clan_24619,clan_9987,33,52,2
clan_14270,clan_12090,33,52,2
clan_8447,clan_3714,33,52,2
clan_39402,clan_46624,33,52,2
clan_34852,clan_14533,33,52,2
clan_26151,clan_15416,33,52,2
clan_2557,clan_12652,33,52,2
clan_46192,clan_44912,33,52,2
clan_26530,clan_25847,33,52,2
clan_5493,clan_11252,33,52,2
clan_36032,clan_14968,33,52,2
clan_16857,clan_21324,33,53,2
clan_22478,clan_27092,33,53,2
clan_20451,clan_20845,33,53,2
clan_13524,clan_7828,33,53,2
clan_16860,clan_12106,33,53,2
clan_3471,clan_7134,33,53,2
clan_36289,clan_40370,33,53,2
clan_21974,clan_31540,33,53,2
clan_3902,clan_5981,33,53,2
clan_26160,clan_42512,33,53,2
clan_19362,clan_23287,33,53,2
clan_26310,clan_38445,33,53,2
clan_38087,clan_40711,33,53,2
clan_8232,clan_18503,33,53,2
clan_5546,clan_37343,33,53,2
clan_27919,clan_12811,33,53,2
clan_25307,clan_21371,33,53,2
clan_3135,clan_6765,33,54,2
clan_9368,clan_27380,33,54,2
clan_42681,clan_33484,33,54,2
clan_36230,clan_33173,33,54,2
clan_38325,clan_1710,33,54,2
clan_28869,clan_12697,33,54,2
clan_31178,clan_20718,33,54,2
clan_29644,clan_38633,33,54,2
clan_11489,clan_22240,33,54,2
clan_14412,clan_14401,33,54,2
clan_37509,clan_37175,33,54,2
clan_37534,clan_15776,33,54,2
clan_33615,clan_14477,33,54,2
clan_30636,clan_6571,33,54,2
clan_2086,clan_40848,33,54,2
clan_18455,clan_16018,33,54,2
clan_11099,clan_20643,33,54,2
clan_1051,clan_490,33,54,2
clan_14978,clan_9712,33,54,2
clan_43559,clan_41011,33,54,2
clan_24949,clan_44749,33,54,2
clan_1528,clan_10857,33,54,2
clan_4733,clan_25204,33,54,2
clan_22663,clan_3210,33,54,2
clan_13403,clan_25791,33,54,2
clan_13419,clan_32282,33,54,2
clan_6894,clan_18480,33,54,2
clan_27460,clan_34322,33,54,2
clan_22393,clan_24959,33,55,2
clan_13090,clan_14255,33,55,2
clan_5755,clan_6981,33,56,2
clan_3952,clan_5724,33,56,2
clan_29670,clan_3845,33,56,2
clan_41094,clan_43381,33,56,2
clan_29976,clan_22906,33,56,2
clan_38210,clan_34041,33,56,2
clan_9667,clan_23618,33,56,2
clan_13247,clan_24880,33,56,2
clan_15440,clan_9475,33,56,2
clan_30386,clan_9280,33,56,2
clan_3823,clan_41342,33,56,2
clan_22282,clan_29258,33,56,2
clan_38924,clan_37988,33,56,2
clan_26669,clan_8886,33,56,2
clan_8742,clan_16718,33,56,2
clan_11522,clan_12275,33,56,2
clan_39818,clan_39556,33,56,2
clan_35056,clan_42214,33,56,2
clan_17872,clan_13955,33,56,2
clan_33465,clan_14653,33,57,2
clan_19512,clan_32673,33,57,2
clan_31513,clan_26816,33,57,2
clan_33008,clan_39672,33,57,2
clan_20083,clan_13958,33,57,2
clan_41320,clan_23295,33,57,2
clan_10551,clan_24156,33,57,2
clan_12842,clan_6862,33,57,2
clan_34888,clan_21530,33,57,2
clan_38186,clan_37442,33,57,2
clan_27674,clan_38074,33,57,2
clan_24239,clan_5848,33,57,2
clan_7801,clan_27188,33,57,2
clan_24610,clan_35653,33,57,2
clan_3259,clan_18674,33,57,2
clan_45433,clan_43189,33,57,2
clan_31613,clan_41981,33,57,2
clan_6294,clan_13792,33,57,2
clan_26783,clan_22789,33,57,2
clan_19068,clan_21628,33,57,2
clan_13914,clan_17599,33,57,2
clan_31322,clan_41609,33,57,2
clan_6248,clan_9349,33,57,2
clan_41751,clan_35415,33,57,2
clan_4055,clan_15108,33,57,2
clan_8405,clan_20290,33,57,2
clan_5337,clan_19172,33,57,2
clan_30288,clan_33743,33,57,2
clan_13016,clan_33048,33,57,2
clan_29740,clan_30594,33,57,2
clan_31851,clan_1827,33,57,2
clan_12632,clan_4993,33,57,2
clan_17951,clan_17077,33,57,2
clan_21006,clan_41025,33,57,2
clan_32640,clan_23102,33,57,2
clan_18158,clan_13017,33,57,2
clan_47317,clan_45578,33,57,2
clan_5445,clan_13479,33,57,2
clan_3712,clan_17269,33,57,2
clan_34594,clan_42776,33,57,2
clan_20935,clan_29025,33,57,2
clan_13883,clan_10730,33,57,2
clan_27248,clan_22442,33,57,2
clan_7168,clan_22868,33,57,2
clan_19186,clan_15739,33,57,2
clan_46083,clan_42587,33,57,2
clan_10122,clan_31051,33,57,2
clan_12387,clan_2539,33,58,2
clan_3333,clan_21617,33,58,2
clan_25302,clan_25700,33,58,2
clan_8624,clan_25945,33,58,2
clan_42477,clan_42665,33,58,2
clan_22986,clan_3594,33,58,2
clan_35738,clan_12322,33,58,2
clan_26752,clan_21658,33,59,2
clan_40775,clan_465,33,59,2
clan_38481,clan_12988,33,59,2
clan_4415,clan_37038,33,59,2
clan_17688,clan_35822,33,59,2
clan_19705,clan_2695,33,59,2
clan_25031,clan_29746,33,59,2
clan_21383,clan_43165,33,59,2
clan_40175,clan_45755,33,59,2
clan_30472,clan_3809,33,59,2
clan_2160,clan_38825,33,59,2
clan_24024,clan_32593,33,59,2
clan_28132,clan_10513,33,59,2
clan_22010,clan_12872,33,59,2
clan_39235,clan_43954,33,59,2
clan_10228,clan_26770,33,59,2
clan_17506,clan_24714,33,59,2
clan_26068,clan_19467,33,59,2
clan_21430,clan_8266,33,59,2
clan_26654,clan_41596,33,59,2
clan_12925,clan_37812,33,59,2
clan_4917,clan_33495,33,59,2
clan_38070,clan_47634,33,59,2
clan_2571,clan_34371,33,59,2
clan_6668,clan_3429,33,60,2
clan_21567,clan_12470,33,60,2
clan_36769,clan_37432,33,60,2
clan_21633,clan_24857,33,60,2
clan_14975,clan_7428,33,60,2
clan_19614,clan_4229,33,60,2
clan_6851,clan_11366,33,60,2
clan_8045,clan_8496,33,60,2
clan_30402,clan_44507,33,60,2
clan_29990,clan_16871,33,60,2
clan_26640,clan_19757,33,60,2
clan_47772,clan_38439,33,60,2
clan_15560,clan_41889,33,60,2
clan_8828,clan_9046,33,60,2
clan_25196,clan_19223,33,60,2
clan_46148,clan_46769,33,60,2
clan_45461,clan_46239,33,60,2
clan_36374,clan_46009,33,60,2
clan_8385,clan_24023,33,60,2
clan_30385,clan_7401,33,60,2
clan_32367,clan_39324,33,60,2
clan_3267,clan_45058,33,60,2
clan_23177,clan_18916,33,60,2
clan_20167,clan_37011,33,60,2
clan_7708,clan_5824,33,60,2
clan_37962,clan_36964,33,60,2
clan_19119,clan_20220,33,60,2
clan_24686,clan_39721,33,60,2
clan_32178,clan_42185,33,60,2
clan_45206,clan_48525,33,60,2
clan_46339,clan_39671,33,60,2
clan_1113,clan_33641,33,60,2
clan_35221,clan_15921,33,60,2
clan_33558,clan_22216,33,60,2
clan_28133,clan_24516,33,60,2
clan_47935,clan_1061,33,60,2
clan_20374,clan_23599,33,60,2
clan_34354,clan_39667,33,60,2
clan_12559,clan_41107,33,60,2
clan_46868,clan_2025,33,60,2
clan_30726,clan_16149,33,60,2
clan_16311,clan_6443,33,60,2
clan_18219,clan_12914,33,60,2
clan_27361,clan_37325,33,60,2
clan_24247,clan_6123,33,60,2
clan_22554,clan_40690,33,60,2
clan_2541,clan_26846,33,60,2
clan_20840,clan_21117,33,60,2
clan_29549,clan_30677,33,60,2
clan_37390,clan_1328,33,60,2
clan_44301,clan_43889,33,60,2
clan_22072,clan_35171,33,60,2
clan_9432,clan_21914,33,60,2
clan_20834,clan_19860,33,60,2
clan_27795,clan_12096,33,60,2
clan_9839,clan_4449,33,60,2
clan_18782,clan_26656,33,60,2
clan_12617,clan_29179,33,60,2
clan_43220,clan_32902,33,60,2
clan_33679,clan_37989,33,60,2
clan_44976,clan_526,33,60,2
clan_11554,clan_25496,33,60,2
clan_8926,clan_19485,33,60,2
clan_47618,clan_798,33,60,2
clan_15798,clan_38524,33,60,2
clan_41838,clan_46641,33,60,2
clan_39689,clan_31181,33,60,2
clan_36186,clan_47188,33,60,2
clan_37364,clan_10522,33,60,2
clan_18430,clan_13456,33,60,2
clan_2177,clan_39065,33,60,2
clan_11855,clan_27123,33,61,2
clan_12292,clan_17185,33,61,2
clan_12429,clan_16523,33,61,2
clan_18778,clan_2837,33,61,2
clan_19996,clan_12998,33,61,2
clan_33680,clan_46867,33,61,2
clan_8277,clan_11332,33,61,2
clan_19295,clan_19733,33,62,2
clan_42967,clan_39137,33,62,2
clan_10404,clan_6755,33,62,2
clan_23111,clan_25849,33,62,2
clan_39167,clan_47909,33,62,2
clan_15847,clan_21258,33,62,2
clan_37940,clan_44965,33,62,2
clan_7794,clan_9972,33,62,2
clan_16236,clan_22078,33,62,2
clan_23291,clan_971,33,62,2
clan_45457,clan_36077,33,62,2
clan_23318,clan_13084,33,62,2
clan_15503,clan_30053,33,62,2
clan_538,clan_44591,33,62,2
clan_5194,clan_16374,33,62,2
clan_16960,clan_6917,33,62,2
clan_38234,clan_27357,33,62,2
clan_1576,clan_64,33,62,2
clan_32653,clan_45029,33,62,2
clan_20221,clan_43317,33,62,2
clan_32702,clan_43019,33,62,2
clan_33691,clan_42499,33,62,2
clan_11447,clan_44890,33,62,2
clan_34378,clan_37946,33,62,2
clan_18217,clan_13006,33,62,2
clan_14104,clan_38846,33,62,2
clan_5326,clan_36343,33,62,2
clan_19589,clan_25230,33,62,2
clan_21603,clan_23720,33,63,2
clan_19701,clan_25353,33,63,2
clan_21812,clan_17259,33,63,2
clan_24191,clan_32746,33,63,2
clan_37996,clan_33097,33,63,2
clan_32130,clan_33835,33,63,2
clan_20700,clan_17187,33,63,2
clan_10975,clan_15744,33,63,2
clan_23654,clan_35390,33,63,2
clan_37572,clan_30602,33,63,2
clan_21828,clan_19394,33,63,2
clan_19539,clan_38537,33,63,2
clan_774,clan_46565,33,63,2
clan_42653,clan_376,33,63,2
clan_26781,clan_30383,33,63,2
clan_30525,clan_24434,33,63,2
clan_19582,clan_4900,33,63,2
clan_22491,clan_11669,33,63,2
clan_42710,clan_23498,33,63,2
clan_44494,clan_41062,33,63,2
clan_47839,clan_333,33,63,2
clan_14091,clan_31758,33,63,2
clan_727,clan_4368,33,63,2
clan_35088,clan_45553,33,63,2
clan_43271,clan_46789,33,63,2
clan_34912,clan_19103,33,63,2
clan_1416,clan_43971,33,63,2
clan_40425,clan_45176,33,63,2
clan_34136,clan_40687,33,63,2
clan_16668,clan_4538,33,63,2
clan_2336,clan_47055,33,63,2
clan_44872,clan_45781,33,63,2
clan_47529,clan_48181,33,63,2
clan_3954,clan_4605,33,63,2
clan_22202,clan_13555,33,63,2
clan_19751,clan_10178,33,63,2
clan_25257,clan_5757,33,63,2
clan_35340,clan_38531,33,63,2
clan_41847,clan_42086,33,63,2
clan_41603,clan_45378,33,63,2
clan_14242,clan_23978,33,63,2
clan_35753,clan_34403,33,63,2
clan_24566,clan_37422,33,63,2
clan_10954,clan_18301,33,63,2
clan_48351,clan_47435,33,63,2
clan_18710,clan_29770,33,63,2
clan_45159,clan_45935,33,63,2
clan_24564,clan_16670,33,63,2
clan_4363,clan_37335,33,63,2
clan_14723,clan_10247,33,63,2
clan_33972,clan_35043,33,63,2
clan_6172,clan_15940,33,63,2
clan_19088,clan_36496,33,63,2
clan_2573,clan_15568,33,63,2
clan_11240,clan_36739,33,63,2
clan_39083,clan_48001,33,63,2
clan_24543,clan_42351,33,63,2
clan_2534,clan_36141,33,63,2
clan_48321,clan_48409,33,63,2
clan_5569,clan_6745,33,63,2
clan_25690,clan_31290,33,63,2
clan_6206,clan_39907,33,63,2
clan_20696,clan_29810,33,63,2
clan_28819,clan_33629,33,63,2
clan_19780,clan_40078,33,63,2
clan_4656,clan_35173,33,63,2
clan_40636,clan_25525,33,63,2
clan_24310,clan_34084,33,63,2
clan_31542,clan_34847,33,63,2
clan_3703,clan_32025,33,63,2
clan_37236,clan_47018,33,63,2
clan_7948,clan_16774,33,63,2
clan_42315,clan_425,33,63,2
clan_8895,clan_28771,33,63,2
clan_15786,clan_40783,33,63,2
clan_16110,clan_33828,33,63,2
clan_30327,clan_3672,33,63,2
clan_8350,clan_3041,33,63,2
clan_11985,clan_19278,33,63,2
clan_24160,clan_28892,33,63,2
clan_42743,clan_45042,33,63,2
clan_3901,clan_14056,33,63,2
clan_29864,clan_11546,33,63,2
clan_1349,clan_45191,33,63,2
clan_33100,clan_35992,33,63,2
clan_41477,clan_27966,33,63,2
clan_29832,clan_26470,33,63,2
clan_26357,clan_28412,33,64,2
clan_10071,clan_8097,33,64,2
clan_13028,clan_29709,33,64,2
clan_11569,clan_29663,33,64,2
clan_16538,clan_10438,33,64,2
clan_14011,clan_18873,33,65,2
clan_11352,clan_12946,33,65,2
clan_3825,clan_21037,33,65,2
clan_8434,clan_18040,33,65,2
clan_28151,clan_37789,33,65,2
clan_17643,clan_41839,33,65,2
clan_36383,clan_24765,33,65,2
clan_34807,clan_41897,33,65,2
clan_33341,clan_41755,33,65,2
clan_12606,clan_44094,33,65,2
clan_38601,clan_28230,33,65,2
clan_46051,clan_44530,33,65,2
clan_34729,clan_40777,33,65,2
clan_8551,clan_44109,33,65,2
clan_22382,clan_10683,33,65,2
clan_21908,clan_41750,33,65,2
clan_45145,clan_46502,33,65,2
clan_22735,clan_11639,33,65,2
clan_21118,clan_20736,33,65,2
clan_23503,clan_41713,33,65,2
clan_36064,clan_32700,33,65,2
clan_14128,clan_43054,33,65,2
clan_34791,clan_30422,33,65,2
clan_4151,clan_24394,33,65,2
clan_35298,clan_44914,33,65,2
clan_26806,clan_29188,33,66,2
clan_16823,clan_21910,33,66,2
clan_20277,clan_18851,33,66,2
clan_47234,clan_978,33,66,2
clan_2936,clan_7598,33,66,2
clan_42227,clan_42834,33,66,2
clan_25665,clan_31836,33,66,2
clan_12402,clan_24616,33,66,2
clan_32980,clan_21454,33,66,2
clan_24647,clan_27809,33,66,2
clan_15561,clan_33959,33,66,2
clan_22432,clan_3513,33,66,2
clan_2836,clan_33563,33,66,2
clan_577,clan_982,33,66,2
clan_23436,clan_16260,33,66,2
clan_38389,clan_41681,33,66,2
clan_16203,clan_4276,33,66,2
clan_31191,clan_31777,33,66,2
clan_23496,clan_36264,33,66,2
clan_47628,clan_1196,33,66,2
clan_12960,clan_31787,33,66,2
clan_5036,clan_35241,33,66,2
clan_10423,clan_22321,33,66,2
clan_16345,clan_29861,33,66,2
clan_11377,clan_9749,33,66,2
clan_26473,clan_27154,33,66,2
clan_41997,clan_45516,33,66,2
clan_7868,clan_12771,33,66,2
clan_13705,clan_20544,33,66,2
clan_30457,clan_34219,33,66,2
clan_3447,clan_33094,33,66,2
clan_12390,clan_28181,33,66,2
clan_6752,clan_38301,33,66,2
clan_5598,clan_35174,33,66,2
clan_43676,clan_46708,33,66,2
clan_16115,clan_8138,33,66,2
clan_44596,clan_37468,33,66,2
clan_35712,clan_28141,33,66,2
clan_20250,clan_34773,33,66,2
clan_26658,clan_43253,33,66,2
clan_4102,clan_33765,33,66,2
clan_5919,clan_29238,33,66,2
clan_33196,clan_15434,33,66,2
clan_30797,clan_47351,33,66,2
clan_16510,clan_382,33,66,2
clan_37865,clan_27200,33,66,2
clan_46271,clan_44234,33,66,2
clan_23774,clan_33922,33,66,2
clan_43727,clan_21950,33,66,2
clan_36241,clan_17076,33,66,2
clan_32312,clan_32441,33,66,2
clan_27649,clan_2196,33,66,2
clan_27358,clan_24847,33,66,2
clan_42048,clan_43297,33,66,2
clan_43918,clan_44829,33,66,2
clan_21019,clan_33266,33,66,2
clan_7315,clan_36467,33,66,2
clan_48299,clan_361,33,66,2
clan_43137,clan_45276,33,66,2
clan_25952,clan_17594,33,66,2
clan_19002,clan_16746,33,66,2
clan_32551,clan_16999,33,66,2
clan_17993,clan_47768,33,66,2
clan_28328,clan_29597,33,66,2
clan_16050,clan_44407,33,66,2
clan_34353,clan_35817,33,66,2
clan_19417,clan_40341,33,66,2
clan_26458,clan_28312,33,66,2
clan_19752,clan_29506,33,66,2
clan_7010,clan_18638,33,66,2
clan_33886,clan_29470,33,66,2
clan_6574,clan_34549,33,66,2
clan_45030,clan_41970,33,66,2
clan_8131,clan_29610,33,66,2
clan_31886,clan_35734,33,66,2
clan_2909,clan_6529,33,66,2
clan_39024,clan_42444,33,66,2
clan_43707,clan_29914,33,66,2
clan_35981,clan_35848,33,66,2
clan_33024,clan_38331,33,66,2
clan_22864,clan_12037,33,66,2
clan_10847,clan_37556,33,66,2
clan_43488,clan_26010,33,66,2
clan_12162,clan_29705,33,66,2
clan_6895,clan_20349,33,66,2
clan_14402,clan_32121,33,66,2
clan_13513,clan_30645,33,66,2
clan_39087,clan_19616,33,66,2
clan_42787,clan_1835,33,66,2
clan_16380,clan_23757,33,66,2
clan_33296,clan_3161,33,66,2
clan_23237,clan_14089,33,66,2
clan_12711,clan_17494,33,66,2
clan_17651,clan_34904,33,66,2
clan_35329,clan_38523,33,66,2
clan_36465,clan_22340,33,66,2
clan_29140,clan_25354,33,66,2
clan_6972,clan_38667,33,66,2
clan_7457,clan_14201,33,66,2
clan_26017,clan_22439,33,66,2
clan_25404,clan_25741,33,67,2
clan_45807,clan_1141,33,67,2
clan_33074,clan_48572,33,68,2
clan_40286,clan_38739,33,68,2
clan_17912,clan_21329,33,68,2
clan_2099,clan_44594,33,68,2
clan_27564,clan_1502,33,68,2
clan_27633,clan_26484,33,68,2
clan_24428,clan_11402,33,68,2
clan_36158,clan_36678,33,68,2
clan_32567,clan_22787,33,68,2
clan_28038,clan_37192,33,68,2
clan_29757,clan_33454,33,68,2
clan_13253,clan_17352,33,68,2
clan_10502,clan_23945,33,68,2
clan_47261,clan_45964,33,68,2
clan_26516,clan_8284,33,68,2
clan_33031,clan_34097,33,68,2
clan_5564,clan_37628,33,68,2
clan_11943,clan_36928,33,68,2
clan_13844,clan_16486,33,68,2
clan_44652,clan_38760,33,68,2
clan_34952,clan_7047,33,68,2
clan_34929,clan_37820,33,69,2
clan_2204,clan_41192,33,69,2
clan_42803,clan_20182,33,69,2
clan_36919,clan_31443,33,69,2
clan_40015,clan_5550,33,69,2
clan_39416,clan_35681,33,69,2
clan_41277,clan_32239,33,69,2
clan_35391,clan_27779,33,69,2
clan_31878,clan_37311,33,69,2
clan_35814,clan_44074,33,69,2
clan_16726,clan_31113,33,69,2
clan_7515,clan_24589,33,69,2
clan_10897,clan_36966,33,69,2
clan_3067,clan_23574,33,69,2
clan_22892,clan_18680,33,69,2
clan_20771,clan_35691,33,69,2
clan_42569,clan_44084,33,69,2
clan_11916,clan_36560,33,69,2
clan_24177,clan_24405,33,69,2
clan_18134,clan_20548,33,69,2
clan_24815,clan_30297,33,69,2
clan_37105,clan_36048,33,69,2
clan_15211,clan_34616,33,69,2
clan_38541,clan_44374,33,69,2
clan_27792,clan_34188,33,69,2
clan_36760,clan_47347,33,69,2
clan_14726,clan_38780,33,69,2
clan_23027,clan_34668,33,69,2
clan_38372,clan_44422,33,69,2
clan_34667,clan_26315,33,69,2
clan_26951,clan_29186,33,69,2
clan_25627,clan_37594,33,69,2
clan_7396,clan_37589,33,69,2
clan_81,clan_848,33,69,2
clan_37171,clan_42405,33,69,2
clan_41843,clan_39511,33,69,2
clan_29518,clan_15294,33,69,2
clan_39844,clan_34909,33,69,2
clan_9643,clan_29216,33,69,2
clan_40422,clan_19050,33,69,2
clan_12635,clan_33303,33,69,2
clan_23382,clan_11261,33,69,2
clan_32118,clan_36963,33,69,2
clan_48481,clan_41636,33,69,2
clan_12805,clan_28992,33,69,2
clan_46439,clan_47396,33,69,2
clan_24101,clan_21166,33,69,2
clan_2431,clan_37843,33,69,2
clan_1582,clan_47354,33,69,2
clan_5409,clan_20918,33,69,2
clan_41160,clan_44011,33,69,2
clan_43050,clan_39316,33,69,2
clan_22097,clan_20391,33,69,2
clan_30187,clan_34254,33,69,2
clan_33905,clan_45388,33,69,2
clan_29388,clan_2303,33,69,2
clan_33138,clan_17836,33,69,2
clan_16212,clan_32114,33,69,2
clan_4452,clan_19914,33,69,2
clan_25621,clan_28987,33,69,2
clan_23418,clan_31228,33,69,2
clan_7474,clan_30378,33,69,2
clan_7639,clan_24718,33,69,2
clan_34670,clan_44599,33,69,2
clan_2239,clan_46373,33,69,2
clan_28431,clan_12277,33,69,2
clan_32028,clan_42835,33,69,2
clan_6238,clan_14162,33,69,2
clan_24933,clan_45643,33,69,2
clan_20270,clan_11834,33,69,2
clan_6661,clan_17925,33,69,2
clan_42502,clan_40355,33,69,2
clan_42596,clan_39570,33,69,2
clan_35518,clan_45380,33,69,2
clan_46643,clan_48145,33,69,2
clan_29112,clan_29243,33,69,2
clan_18838,clan_31596,33,69,2
clan_25435,clan_33440,33,69,2
clan_45490,clan_46793,33,69,2
clan_47729,clan_46538,33,69,2
clan_47725,clan_46754,33,69,2
clan_27818,clan_45965,33,69,2
clan_47109,clan_45288,33,69,2
clan_21003,clan_33468,33,69,2
clan_11925,clan_19717,33,69,2
clan_1939,clan_48359,33,69,2
clan_45984,clan_43997,33,69,2
clan_27272,clan_38799,33,69,2
clan_26146,clan_25809,33,69,2
clan_36737,clan_4413,33,69,2
clan_42056,clan_35595,33,69,2
clan_3748,clan_21110,33,69,2
clan_42563,clan_46711,33,69,2
clan_37539,clan_44898,33,69,2
clan_37492,clan_29722,33,69,2
clan_45131,clan_45700,33,69,2
clan_40580,clan_38106,33,69,2
clan_24181,clan_33149,33,69,2
clan_32303,clan_45828,33,69,2
clan_7360,clan_7255,33,69,2
clan_28193,clan_48127,33,69,2
clan_8253,clan_35398,33,69,2
clan_26495,clan_25000,33,69,2
clan_626,clan_6711,33,69,2
clan_42462,clan_41322,33,69,2
clan_15613,clan_14796,33,69,2
clan_44178,clan_46469,33,69,2
clan_26499,clan_24092,33,69,2
clan_45150,clan_21032,33,69,2
clan_20986,clan_38535,33,69,2
clan_9753,clan_36235,33,69,2
clan_18843,clan_34497,33,69,2
clan_9622,clan_15710,33,72,2
clan_97,clan_39649,33,72,2
clan_47832,clan_46174,33,72,2
clan_21725,clan_15930,33,72,2
clan_48062,clan_285,33,72,2
clan_43872,clan_34523,33,72,2
clan_24751,clan_32962,33,72,2
clan_24903,clan_13238,33,72,2
clan_17052,clan_16796,33,72,2
clan_562,clan_47449,33,72,2
clan_42628,clan_43442,33,72,2
clan_14449,clan_33419,33,72,2
clan_1947,clan_31511,33,72,2
clan_34862,clan_36427,33,72,2
clan_37995,clan_46402,33,72,2
clan_11659,clan_14123,33,72,2
clan_36933,clan_32492,33,72,2
clan_11713,clan_26502,33,72,2
clan_7668,clan_25177,33,72,2
clan_34835,clan_33596,33,72,2
clan_20202,clan_45059,33,72,2
clan_45925,clan_48484,33,72,2
clan_26233,clan_6496,33,72,2
clan_14299,clan_38854,33,72,2
clan_47565,clan_47257,33,72,2
clan_724,clan_47842,33,72,2
clan_36202,clan_32270,33,72,2
clan_47747,clan_40890,33,72,2
clan_43291,clan_16465,33,72,2
clan_5636,clan_35899,33,72,2
clan_48497,clan_45625,33,72,2
clan_44923,clan_2057,33,72,2
clan_36400,clan_43719,33,72,2
clan_15044,clan_37939,33,72,2
clan_1430,clan_2101,33,72,2
clan_5195,clan_34546,33,72,2
clan_37439,clan_43372,33,72,2
clan_5750,clan_21074,33,72,2
clan_21826,clan_45090,33,72,2
clan_28874,clan_17330,33,72,2
clan_40574,clan_22151,33,72,2
clan_27394,clan_32469,33,72,2
clan_25104,clan_31086,33,72,2
clan_9106,clan_15046,33,72,2
clan_1341,clan_1433,33,72,2
clan_8754,clan_30460,33,72,2
clan_42241,clan_10134,33,73,2
clan_45297,clan_48424,33,75,2
clan_394,clan_48374,33,75,2
clan_46709,clan_1733,33,78,2
clan_38901,clan_48352,33,79,2
clan_403,clan_959,33,81,2
clan_2198,clan_1566,33,88,2
clan_48395,clan_48573,33,92,2
clan_1118,clan_242,33,92,2
clan_47612,clan_1038,33,92,2
clan_8413,clan_12285,34,26,1
clan_26260,clan_21876,34,28,1
clan_5477,clan_9447,34,28,1
clan_9855,clan_6554,34,31,1
clan_28560,clan_25110,34,32,1
clan_14730,clan_5991,34,35,2
clan_4429,clan_12658,34,37,2
clan_17436,clan_29251,34,37,2
clan_24263,clan_10786,34,39,2
clan_9786,clan_20772,34,39,2
clan_10369,clan_18289,34,41,2
clan_9967,clan_5808,34,41,2
clan_20156,clan_10485,34,41,2
clan_11480,clan_18077,34,41,2
clan_20166,clan_12557,34,42,2
clan_29143,clan_23203,34,42,2
clan_2886,clan_11238,34,43,2
clan_4350,clan_11890,34,44,2
clan_9783,clan_2636,34,44,2
clan_3225,clan_15869,34,44,2
clan_9873,clan_5984,34,44,2
clan_19277,clan_23220,34,44,2
clan_9922,clan_24905,34,44,2
clan_4539,clan_24642,34,45,2
clan_7730,clan_14489,34,45,2
clan_25347,clan_4519,34,45,2
clan_42627,clan_38093,34,46,2
clan_6188,clan_2612,34,46,2
clan_17618,clan_23875,34,46,2
clan_6532,clan_11227,34,46,2
clan_25585,clan_24234,34,46,2
clan_26209,clan_5580,34,47,2
clan_8589,clan_27766,34,47,2
clan_21771,clan_9592,34,47,2
clan_18504,clan_29743,34,47,2
clan_21578,clan_23396,34,47,2
clan_42926,clan_41072,34,47,2
clan_36846,clan_42040,34,47,2
clan_8976,clan_7292,34,48,2
clan_43750,clan_47225,34,49,2
clan_26865,clan_7283,34,49,2
clan_12242,clan_3816,34,49,2
clan_14596,clan_3110,34,49,2
clan_23190,clan_12642,34,49,2
clan_14422,clan_3593,34,50,2
clan_6773,clan_21002,34,50,2
clan_14775,clan_7086,34,50,2
clan_15257,clan_3079,34,50,2
clan_21688,clan_16965,34,50,2
clan_19851,clan_25437,34,51,2
clan_17942,clan_9759,34,51,2
clan_38894,clan_32135,34,51,2
clan_13131,clan_4402,34,52,2
clan_27139,clan_13387,34,52,2
clan_9409,clan_10543,34,52,2
clan_21730,clan_28271,34,52,2
clan_24391,clan_43037,34,52,2
clan_15085,clan_30578,34,53,2
clan_16849,clan_25175,34,53,2
clan_30549,clan_7114,34,53,2
clan_25895,clan_8848,34,53,2
clan_40601,clan_33207,34,53,2
clan_29189,clan_8915,34,53,2
clan_44990,clan_801,34,53,2
clan_38180,clan_15751,34,53,2
clan_23350,clan_9468,34,53,2
clan_5787,clan_28567,34,54,2
clan_28324,clan_14765,34,54,2
clan_18964,clan_37491,34,54,2
clan_26197,clan_23417,34,54,2
clan_20787,clan_16597,34,54,2
clan_19934,clan_40444,34,54,2
clan_20009,clan_14185,34,54,2
clan_19234,clan_11114,34,54,2
clan_26556,clan_25466,34,54,2
clan_33093,clan_13930,34,54,2
clan_15473,clan_20225,34,55,2
clan_37481,clan_31544,34,55,2
clan_2413,clan_15134,34,55,2
clan_2649,clan_30586,34,55,2
clan_5163,clan_9516,34,55,2
clan_27857,clan_15526,34,55,2
clan_6781,clan_6219,34,55,2
clan_7454,clan_6357,34,56,2
clan_28652,clan_24172,34,56,2
clan_42935,clan_36366,34,56,2
clan_26331,clan_23060,34,56,2
clan_12666,clan_26630,34,56,2
clan_29114,clan_20321,34,57,2
clan_4933,clan_4095,34,57,2
clan_23740,clan_36242,34,57,2
clan_22700,clan_35270,34,57,2
clan_10443,clan_20591,34,57,2
clan_10483,clan_18682,34,57,2
clan_28577,clan_29089,34,57,2
clan_19722,clan_10872,34,57,2
clan_12840,clan_19059,34,57,2
clan_28474,clan_17086,34,58,2
clan_17720,clan_21177,34,58,2
clan_23626,clan_17287,34,58,2
clan_5979,clan_3096,34,58,2
clan_39296,clan_11663,34,58,2
clan_7407,clan_30892,34,59,2
clan_17153,clan_11222,34,59,2
clan_6971,clan_15259,34,59,2
clan_7830,clan_4137,34,59,2
clan_37222,clan_47997,34,59,2
clan_30881,clan_21746,34,59,2
clan_11255,clan_24661,34,59,2
clan_38942,clan_44754,34,60,2
clan_8125,clan_21903,34,60,2
clan_8578,clan_38566,34,60,2
clan_9881,clan_37344,34,60,2
clan_5978,clan_39650,34,60,2
clan_41468,clan_46495,34,60,2
clan_41392,clan_29492,34,60,2
clan_18582,clan_40540,34,60,2
clan_19948,clan_10373,34,60,2
clan_34238,clan_31838,34,61,2
clan_5921,clan_18574,34,61,2
clan_8524,clan_18382,34,62,2
clan_28414,clan_29261,34,62,2
clan_8632,clan_11288,34,62,2
clan_25926,clan_28087,34,63,2
clan_20242,clan_36055,34,63,2
clan_5148,clan_30722,34,63,2
clan_23591,clan_13892,34,63,2
clan_27740,clan_18518,34,66,2
clan_22564,clan_21741,35,21,1
clan_11962,clan_2884,35,27,1
clan_4512,clan_7209,35,30,1
clan_7725,clan_16866,35,31,1
clan_15976,clan_26487,35,32,1
clan_32717,clan_24526,35,36,2
clan_24474,clan_34183,35,36,2
clan_5719,clan_8994,35,38,2
clan_6621,clan_15292,35,38,2
clan_20209,clan_20145,35,38,2
clan_19031,clan_8400,35,39,2
clan_41369,clan_41572,35,39,2
clan_22734,clan_21551,35,39,2
clan_8892,clan_12779,35,39,2
clan_2980,clan_8154,35,40,2
clan_4547,clan_20153,35,40,2
clan_5270,clan_13663,35,40,2
clan_20235,clan_3023,35,41,2
clan_5395,clan_16769,35,41,2
clan_22079,clan_20408,35,42,2
clan_11596,clan_2950,35,42,2
clan_6681,clan_4239,35,42,2
clan_15465,clan_21275,35,42,2
clan_15968,clan_12696,35,42,2
clan_20948,clan_6344,35,44,2
clan_18216,clan_18839,35,44,2
clan_10997,clan_6618,35,44,2
clan_15843,clan_10767,35,44,2
clan_14495,clan_3345,35,45,2
clan_21481,clan_27217,35,45,2
clan_29044,clan_28845,35,45,2
clan_32078,clan_20789,35,45,2
clan_14642,clan_13926,35,45,2
clan_22212,clan_2470,35,46,2
clan_13539,clan_15341,35,46,2
clan_20721,clan_14753,35,46,2
clan_17762,clan_26701,35,46,2
clan_16622,clan_11385,35,47,2
clan_15322,clan_13023,35,47,2
clan_5203,clan_13497,35,47,2
clan_1963,clan_31490,35,47,2
clan_36142,clan_26212,35,47,2
clan_21510,clan_3689,35,47,2
clan_24588,clan_22671,35,48,2
clan_11740,clan_11006,35,48,2
clan_5713,clan_34181,35,48,2
clan_33463,clan_34684,35,48,2
clan_16488,clan_15923,35,48,2
clan_2939,clan_43819,35,48,2
clan_6740,clan_3316,35,48,2
clan_46454,clan_47619,35,48,2
clan_12071,clan_3815,35,49,2
clan_5560,clan_7138,35,49,2
clan_1840,clan_10170,35,49,2
clan_41716,clan_28077,35,49,2
clan_12123,clan_7189,35,49,2
clan_12343,clan_14381,35,49,2
clan_42014,clan_37531,35,50,2
clan_40092,clan_184,35,50,2
clan_8386,clan_22398,35,50,2
clan_27134,clan_37546,35,50,2
clan_43419,clan_36180,35,50,2
clan_22011,clan_38993,35,50,2
clan_5233,clan_7821,35,50,2
clan_34639,clan_29097,35,50,2
clan_45499,clan_34897,35,50,2
clan_20644,clan_28051,35,50,2
clan_18617,clan_29059,35,50,2
clan_19156,clan_20855,35,51,2
clan_20939,clan_19235,35,51,2
clan_2444,clan_17467,35,51,2
clan_17167,clan_15682,35,51,2
clan_22140,clan_12080,35,51,2
clan_35670,clan_48057,35,51,2
clan_11813,clan_28202,35,51,2
clan_6613,clan_22744,35,51,2
clan_40000,clan_38712,35,51,2
clan_30887,clan_17784,35,51,2
clan_20529,clan_3207,35,51,2
clan_13335,clan_3430,35,52,2
clan_19482,clan_44602,35,52,2
clan_41029,clan_45386,35,52,2
clan_3976,clan_22963,35,52,2
clan_10440,clan_9013,35,52,2
clan_6899,clan_11568,35,52,2
clan_22009,clan_25138,35,52,2
clan_6075,clan_21553,35,53,2
clan_12160,clan_19005,35,53,2
clan_15764,clan_26273,35,53,2
clan_7914,clan_2312,35,53,2
clan_2684,clan_4183,35,53,2
clan_36179,clan_44134,35,53,2
clan_13764,clan_7964,35,53,2
clan_18977,clan_30064,35,53,2
clan_25442,clan_16385,35,53,2
clan_21276,clan_9375,35,53,2
clan_30653,clan_27522,35,53,2
clan_12723,clan_43699,35,53,2
clan_19928,clan_3242,35,53,2
clan_25046,clan_24833,35,53,2
clan_32618,clan_23388,35,54,2
clan_44574,clan_45971,35,54,2
clan_584,clan_48534,35,54,2
clan_42928,clan_46665,35,54,2
clan_21242,clan_28831,35,54,2
clan_15724,clan_25557,35,54,2
clan_21038,clan_41688,35,54,2
clan_41763,clan_44640,35,54,2
clan_45202,clan_41003,35,54,2
clan_8319,clan_20891,35,54,2
clan_42100,clan_46079,35,54,2
clan_24120,clan_35480,35,54,2
clan_13845,clan_6878,35,54,2
clan_3661,clan_10257,35,54,2
clan_17517,clan_9361,35,54,2
clan_40474,clan_34672,35,54,2
clan_17920,clan_37066,35,54,2
clan_44503,clan_1751,35,54,2
clan_3548,clan_25863,35,54,2
clan_10583,clan_5240,35,54,2
clan_874,clan_41410,35,54,2
clan_6776,clan_11562,35,54,2
clan_43285,clan_12494,35,54,2
clan_38265,clan_42607,35,54,2
clan_29704,clan_6797,35,54,2
clan_3679,clan_28751,35,54,2
clan_39354,clan_6900,35,54,2
clan_3313,clan_10054,35,55,2
clan_16802,clan_3052,35,55,2
clan_17604,clan_9907,35,55,2
clan_12067,clan_18393,35,56,2
clan_16509,clan_15031,35,56,2
clan_9103,clan_25930,35,56,2
clan_46980,clan_173,35,56,2
clan_23551,clan_1836,35,56,2
clan_27163,clan_114,35,56,2
clan_29960,clan_21345,35,56,2
clan_31134,clan_37897,35,56,2
clan_5168,clan_7664,35,56,2
clan_46187,clan_1129,35,57,2
clan_31899,clan_32119,35,57,2
clan_7123,clan_16876,35,57,2
clan_35569,clan_40343,35,57,2
clan_20560,clan_14607,35,57,2
clan_20636,clan_31416,35,57,2
clan_3801,clan_5091,35,57,2
clan_39817,clan_44593,35,57,2
clan_24123,clan_37758,35,57,2
clan_35125,clan_3266,35,57,2
clan_45825,clan_439,35,57,2
clan_41210,clan_22772,35,57,2
clan_4863,clan_16325,35,57,2
clan_38668,clan_26468,35,57,2
clan_3833,clan_25411,35,57,2
clan_17208,clan_33630,35,57,2
clan_10412,clan_39311,35,57,2
clan_16896,clan_34469,35,57,2
clan_5888,clan_19412,35,57,2
clan_28886,clan_21483,35,57,2
clan_20561,clan_35117,35,58,2
clan_6440,clan_31911,35,58,2
clan_5634,clan_18890,35,58,2
clan_32463,clan_21392,35,58,2
clan_31348,clan_35148,35,59,2
clan_33813,clan_37079,35,59,2
clan_10143,clan_12031,35,59,2
clan_3335,clan_19259,35,59,2
clan_21630,clan_35335,35,59,2
clan_27704,clan_47456,35,59,2
clan_11043,clan_18733,35,59,2
clan_31207,clan_42742,35,59,2
clan_13277,clan_29535,35,59,2
clan_22708,clan_20268,35,59,2
clan_28098,clan_35801,35,59,2
clan_21682,clan_15115,35,59,2
clan_24260,clan_20574,35,59,2
clan_26741,clan_41784,35,59,2
clan_34306,clan_36789,35,60,2
clan_7767,clan_14261,35,60,2
clan_14900,clan_42620,35,60,2
clan_32247,clan_30338,35,60,2
clan_19921,clan_36656,35,60,2
clan_10240,clan_37873,35,60,2
clan_23746,clan_7711,35,60,2
clan_43679,clan_39217,35,60,2
clan_47814,clan_45519,35,60,2
clan_8623,clan_26747,35,60,2
clan_15501,clan_16157,35,60,2
clan_17377,clan_42218,35,60,2
clan_16788,clan_5376,35,60,2
clan_32362,clan_35013,35,60,2
clan_1102,clan_47162,35,60,2
clan_9358,clan_17134,35,60,2
clan_41324,clan_3553,35,60,2
clan_21792,clan_17189,35,60,2
clan_36587,clan_39220,35,60,2
clan_1237,clan_860,35,60,2
clan_11211,clan_41080,35,60,2
clan_28973,clan_41002,35,60,2
clan_7277,clan_30413,35,60,2
clan_29344,clan_36970,35,60,2
clan_44262,clan_44539,35,60,2
clan_42111,clan_40829,35,60,2
clan_41505,clan_29741,35,60,2
clan_25662,clan_26853,35,60,2
clan_2819,clan_25801,35,61,2
clan_5611,clan_35141,35,62,2
clan_1585,clan_41611,35,62,2
clan_12571,clan_8737,35,62,2
clan_20799,clan_4727,35,62,2
clan_769,clan_32681,35,62,2
clan_9466,clan_30198,35,63,2
clan_3489,clan_14292,35,63,2
clan_32189,clan_10210,35,63,2
clan_34411,clan_30856,35,63,2
clan_1255,clan_19671,35,63,2
clan_3454,clan_12996,35,63,2
clan_24147,clan_33075,35,63,2
clan_30354,clan_42428,35,63,2
clan_29352,clan_16024,35,63,2
clan_24426,clan_16279,35,63,2
clan_44495,clan_47719,35,63,2
clan_30547,clan_21715,35,63,2
clan_7650,clan_17572,35,63,2
clan_46750,clan_35349,35,63,2
clan_13739,clan_20159,35,63,2
clan_25683,clan_29417,35,63,2
clan_14269,clan_31215,35,63,2
clan_30456,clan_34222,35,63,2
clan_33881,clan_40224,35,65,2
clan_29726,clan_35276,35,65,2
clan_31365,clan_39011,35,65,2
clan_44985,clan_42901,35,65,2
clan_37766,clan_38650,35,66,2
clan_11547,clan_4315,35,66,2
clan_23921,clan_24971,35,66,2
clan_48345,clan_47826,35,66,2
clan_39200,clan_36884,35,66,2
clan_7204,clan_29784,35,66,2
clan_4956,clan_33709,35,66,2
clan_12422,clan_12457,35,66,2
clan_6082,clan_16507,35,66,2
clan_1464,clan_48568,35,66,2
clan_39754,clan_35255,35,66,2
clan_3496,clan_29233,35,66,2
clan_23184,clan_28667,35,66,2
clan_32711,clan_1574,35,66,2
clan_25465,clan_9296,35,66,2
clan_27654,clan_29963,35,66,2
clan_34656,clan_46235,35,66,2
clan_41030,clan_44263,35,66,2
clan_31684,clan_42941,35,66,2
clan_2928,clan_11986,36,6,1
clan_12824,clan_14612,36,11,1
clan_13744,clan_13071,36,21,1
clan_16458,clan_23514,36,24,1
clan_13842,clan_21998,36,31,1
clan_11191,clan_10788,36,33,1
clan_6256,clan_18871,36,34,1
clan_9422,clan_11626,36,34,1
clan_10121,clan_10984,36,35,1
clan_26917,clan_17290,36,37,2
clan_28090,clan_12664,36,38,2
clan_9061,clan_20207,36,38,2
clan_40698,clan_39510,36,38,2
clan_25342,clan_6538,36,39,2
clan_22336,clan_15074,36,39,2
clan_3853,clan_12444,36,39,2
clan_34138,clan_37145,36,39,2
clan_27622,clan_8626,36,40,2
clan_25907,clan_15761,36,40,2
clan_3806,clan_21574,36,40,2
clan_5278,clan_17472,36,41,2
clan_13308,clan_8809,36,41,2
clan_15051,clan_9310,36,42,2
clan_11468,clan_5663,36,42,2
clan_22472,clan_11680,36,42,2
clan_12774,clan_14180,36,42,2
clan_15262,clan_17694,36,42,2
clan_23767,clan_10859,36,42,2
clan_4179,clan_5758,36,42,2
clan_12653,clan_29301,36,42,2
clan_10568,clan_13763,36,42,2
clan_6979,clan_8051,36,42,2
clan_5230,clan_24496,36,42,2
clan_6285,clan_6317,36,42,2
clan_29953,clan_29308,36,43,2
clan_17591,clan_20504,36,43,2
clan_7780,clan_6025,36,43,2
clan_21934,clan_27819,36,44,2
clan_4716,clan_14738,36,44,2
clan_10444,clan_16981,36,44,2
clan_20313,clan_28321,36,44,2
clan_36334,clan_32037,36,44,2
clan_16998,clan_20141,36,44,2
clan_7148,clan_14958,36,44,2
clan_18570,clan_7956,36,44,2
clan_42025,clan_39759,36,44,2
clan_36322,clan_39488,36,45,2
clan_3606,clan_6964,36,45,2
clan_31448,clan_37216,36,45,2
clan_6168,clan_4214,36,45,2
clan_29707,clan_13633,36,45,2
clan_28684,clan_8827,36,45,2
clan_14909,clan_25333,36,45,2
clan_16023,clan_1540,36,45,2
clan_6083,clan_17509,36,45,2
clan_13446,clan_28795,36,45,2
clan_24707,clan_13474,36,45,2
clan_1916,clan_4025,36,45,2
clan_14817,clan_11915,36,45,2
clan_25606,clan_28289,36,45,2
clan_45372,clan_45656,36,45,2
clan_23394,clan_19630,36,45,2
clan_22997,clan_19659,36,45,2
clan_34612,clan_27718,36,46,2
clan_41748,clan_34957,36,46,2
clan_4750,clan_5275,36,46,2
clan_18391,clan_6664,36,46,2
clan_32940,clan_44438,36,46,2
clan_21698,clan_38808,36,46,2
clan_14549,clan_13734,36,46,2
clan_3609,clan_15592,36,47,2
clan_48014,clan_6,36,47,2
clan_40731,clan_38518,36,47,2
clan_27663,clan_3437,36,47,2
clan_25413,clan_14871,36,47,2
clan_39784,clan_41488,36,47,2
clan_23208,clan_12478,36,47,2
clan_39821,clan_32485,36,47,2
clan_1044,clan_9567,36,48,2
clan_38696,clan_35652,36,48,2
clan_8464,clan_16692,36,48,2
clan_45795,clan_37008,36,48,2
clan_13834,clan_2422,36,48,2
clan_15773,clan_18193,36,48,2
clan_20085,clan_13805,36,48,2
clan_14835,clan_29507,36,48,2
clan_2935,clan_16400,36,48,2
clan_22960,clan_17256,36,48,2
clan_29338,clan_4938,36,48,2
clan_22313,clan_22677,36,48,2
clan_10098,clan_24500,36,48,2
clan_10709,clan_22402,36,48,2
clan_30668,clan_8206,36,48,2
clan_7945,clan_13506,36,48,2
clan_41382,clan_39766,36,48,2
clan_21907,clan_23558,36,48,2
clan_7530,clan_42716,36,48,2
clan_43280,clan_48347,36,48,2
clan_15056,clan_14153,36,48,2
clan_22177,clan_41116,36,48,2
clan_27993,clan_17631,36,48,2
clan_23276,clan_2621,36,48,2
clan_11217,clan_3394,36,48,2
clan_42042,clan_35259,36,48,2
clan_16655,clan_8493,36,48,2
clan_5536,clan_7734,36,48,2
clan_14711,clan_21107,36,48,2
clan_19628,clan_23444,36,48,2
clan_14878,clan_3226,36,49,2
clan_27048,clan_19576,36,49,2
clan_43770,clan_1545,36,49,2
clan_16401,clan_28397,36,49,2
clan_10245,clan_11199,36,49,2
clan_29230,clan_43867,36,49,2
clan_7984,clan_18182,36,49,2
clan_1668,clan_47982,36,49,2
clan_16583,clan_32334,36,49,2
clan_45818,clan_45821,36,49,2
clan_29635,clan_40490,36,50,2
clan_8436,clan_11155,36,50,2
clan_3605,clan_22954,36,50,2
clan_2932,clan_17163,36,50,2
clan_42145,clan_974,36,50,2
clan_2355,clan_7895,36,50,2
clan_6960,clan_26375,36,50,2
clan_2912,clan_17950,36,50,2
clan_726,clan_38197,36,50,2
clan_1617,clan_46040,36,50,2
clan_2661,clan_23297,36,50,2
clan_21039,clan_18284,36,50,2
clan_15498,clan_4388,36,50,2
clan_13256,clan_20399,36,50,2
clan_6850,clan_11176,36,50,2
clan_9540,clan_18417,36,51,2
clan_9039,clan_23832,36,51,2
clan_7706,clan_12859,36,51,2
clan_37140,clan_34088,36,51,2
clan_30709,clan_31117,36,51,2
clan_18961,clan_6014,36,51,2
clan_9872,clan_14776,36,51,2
clan_24889,clan_15939,36,51,2
clan_38172,clan_30155,36,51,2
clan_26081,clan_6069,36,51,2
clan_44256,clan_40769,36,51,2
clan_38729,clan_1630,36,51,2
clan_6882,clan_29497,36,51,2
clan_7192,clan_12174,36,51,2
clan_8322,clan_16409,36,51,2
clan_5394,clan_7701,36,51,2
clan_18948,clan_15208,36,51,2
clan_1491,clan_44951,36,51,2
clan_14849,clan_43436,36,51,2
clan_2862,clan_18499,36,51,2
clan_21661,clan_35112,36,51,2
clan_37379,clan_15606,36,51,2
clan_21086,clan_10241,36,51,2
clan_23290,clan_24495,36,51,2
clan_26990,clan_10508,36,51,2
clan_41411,clan_39470,36,51,2
clan_10462,clan_24186,36,51,2
clan_28270,clan_21699,36,52,2
clan_33478,clan_4732,36,52,2
clan_23193,clan_4725,36,52,2
clan_39988,clan_41208,36,52,2
clan_27975,clan_19493,36,53,2
clan_13069,clan_31300,36,53,2
clan_20970,clan_16121,36,53,2
clan_34983,clan_9581,36,53,2
clan_10153,clan_17999,36,53,2
clan_19366,clan_28080,36,53,2
clan_4772,clan_16563,36,53,2
clan_21969,clan_43059,36,53,2
clan_17149,clan_32798,36,53,2
clan_26144,clan_14088,36,53,2
clan_19429,clan_20456,36,53,2
clan_31517,clan_16565,36,53,2
clan_3770,clan_16242,36,53,2
clan_18775,clan_9029,36,53,2
clan_3423,clan_13330,36,53,2
clan_29727,clan_39490,36,53,2
clan_17133,clan_13863,36,53,2
clan_7287,clan_41294,36,53,2
clan_46442,clan_40384,36,54,2
clan_7173,clan_8552,36,54,2
clan_37133,clan_38758,36,54,2
clan_19977,clan_32866,36,54,2
clan_43950,clan_13218,36,54,2
clan_24227,clan_33846,36,54,2
clan_15336,clan_39933,36,54,2
clan_42741,clan_41358,36,54,2
clan_43016,clan_37555,36,54,2
clan_6809,clan_17231,36,54,2
clan_31604,clan_30120,36,54,2
clan_20137,clan_10931,36,54,2
clan_22825,clan_38224,36,54,2
clan_12630,clan_6303,36,54,2
clan_22786,clan_4532,36,54,2
clan_38324,clan_45702,36,54,2
clan_45010,clan_571,36,54,2
clan_21989,clan_22139,36,54,2
clan_22350,clan_23195,36,54,2
clan_27562,clan_2143,36,54,2
clan_15392,clan_18599,36,54,2
clan_16574,clan_38837,36,54,2
clan_17130,clan_15517,36,54,2
clan_37521,clan_34374,36,54,2
clan_48562,clan_35248,36,54,2
clan_20057,clan_19272,36,54,2
clan_38544,clan_35036,36,54,2
clan_24272,clan_34014,36,54,2
clan_7230,clan_18468,36,54,2
clan_9213,clan_25232,36,54,2
clan_9728,clan_27023,36,54,2
clan_29090,clan_9628,36,54,2
clan_17299,clan_36632,36,54,2
clan_33735,clan_40604,36,54,2
clan_6783,clan_29313,36,54,2
clan_30374,clan_22614,36,54,2
clan_8209,clan_4297,36,54,2
clan_12310,clan_5638,36,54,2
clan_25129,clan_7244,36,54,2
clan_6592,clan_13718,36,54,2
clan_652,clan_41925,36,54,2
clan_9942,clan_37234,36,54,2
clan_28611,clan_1775,36,54,2
clan_26342,clan_15189,36,54,2
clan_3752,clan_11206,36,54,2
clan_7925,clan_3321,36,54,2
clan_25781,clan_37631,36,54,2
clan_38328,clan_12010,36,54,2
clan_7025,clan_8674,36,54,2
clan_32665,clan_28085,36,54,2
clan_27155,clan_28621,36,54,2
clan_9653,clan_13095,36,54,2
clan_45891,clan_22211,36,54,2
clan_34770,clan_41318,36,54,2
clan_9860,clan_23724,36,54,2
clan_21770,clan_17424,36,54,2
clan_24316,clan_6359,36,54,2
clan_3036,clan_7907,36,54,2
clan_26610,clan_5515,36,54,2
clan_4783,clan_20903,36,54,2
clan_20061,clan_22426,36,54,2
clan_41199,clan_47123,36,54,2
clan_19593,clan_12297,36,54,2
clan_1181,clan_45823,36,54,2
clan_27666,clan_21230,36,54,2
clan_4339,clan_4477,36,54,2
clan_21155,clan_4385,36,54,2
clan_19350,clan_23299,36,54,2
clan_38657,clan_6380,36,55,2
clan_9196,clan_25725,36,55,2
clan_14803,clan_16472,36,55,2
clan_34850,clan_26280,36,55,2
clan_32572,clan_6505,36,55,2
clan_2834,clan_28539,36,55,2
clan_14670,clan_6782,36,56,2
clan_23610,clan_24622,36,56,2
clan_31457,clan_35297,36,56,2
clan_5081,clan_10104,36,56,2
clan_7014,clan_30341,36,56,2
clan_31081,clan_23180,36,56,2
clan_21587,clan_21780,36,56,2
clan_30658,clan_22064,36,56,2
clan_18742,clan_19433,36,56,2
clan_18797,clan_21357,36,56,2
clan_19711,clan_11254,36,56,2
clan_32417,clan_1335,36,56,2
clan_46014,clan_43263,36,56,2
clan_18677,clan_20868,36,56,2
clan_3588,clan_11216,36,56,2
clan_38937,clan_16922,36,56,2
clan_29825,clan_11682,36,56,2
clan_7772,clan_2056,36,56,2
clan_18686,clan_21528,36,56,2
clan_2728,clan_21564,36,56,2
clan_32715,clan_22603,36,56,2
clan_43267,clan_31804,36,56,2
clan_22002,clan_8843,36,56,2
clan_1629,clan_45954,36,56,2
clan_39469,clan_34530,36,56,2
clan_37001,clan_7887,36,56,2
clan_16298,clan_16391,36,57,2
clan_12576,clan_24656,36,57,2
clan_41423,clan_35352,36,57,2
clan_30076,clan_30606,36,57,2
clan_3124,clan_30823,36,57,2
clan_19030,clan_4348,36,57,2
clan_2301,clan_46252,36,57,2
clan_15694,clan_28866,36,57,2
clan_22352,clan_25927,36,57,2
clan_47046,clan_41656,36,57,2
clan_39726,clan_39851,36,57,2
clan_21316,clan_37693,36,57,2
clan_6986,clan_33480,36,57,2
clan_8904,clan_11105,36,57,2
clan_19341,clan_36855,36,57,2
clan_16824,clan_6925,36,57,2
clan_12908,clan_20683,36,57,2
clan_47502,clan_32446,36,57,2
clan_23699,clan_37849,36,57,2
clan_38974,clan_45613,36,57,2
clan_11129,clan_35447,36,57,2
clan_541,clan_18197,36,57,2
clan_33026,clan_43160,36,57,2
clan_6912,clan_28010,36,57,2
clan_4794,clan_27133,36,57,2
clan_35614,clan_29692,36,57,2
clan_3351,clan_35739,36,57,2
clan_14569,clan_8664,36,57,2
clan_43385,clan_44504,36,57,2
clan_40688,clan_37431,36,57,2
clan_39611,clan_29769,36,57,2
clan_12081,clan_36515,36,57,2
clan_41951,clan_35438,36,57,2
clan_16908,clan_34778,36,57,2
clan_1732,clan_1648,36,57,2
clan_1040,clan_46225,36,57,2
clan_12319,clan_26961,36,57,2
clan_27613,clan_38798,36,57,2
clan_22869,clan_27854,36,57,2
clan_17036,clan_25583,36,57,2
clan_8872,clan_40742,36,57,2
clan_17535,clan_3064,36,57,2
clan_5294,clan_23518,36,57,2
clan_39095,clan_8846,36,57,2
clan_40276,clan_420,36,57,2
clan_13177,clan_32804,36,57,2
clan_22355,clan_7239,36,57,2
clan_23598,clan_22719,36,57,2
clan_24852,clan_20693,36,57,2
clan_45427,clan_47848,36,57,2
clan_2309,clan_14718,36,57,2
clan_23542,clan_9550,36,57,2
clan_34764,clan_30029,36,57,2
clan_12190,clan_7142,36,57,2
clan_16015,clan_10714,36,57,2
clan_15151,clan_40929,36,57,2
clan_48291,clan_2167,36,57,2
clan_15742,clan_12614,36,57,2
clan_21712,clan_5272,36,57,2
clan_7093,clan_23085,36,57,2
clan_20179,clan_35254,36,57,2
clan_25235,clan_31749,36,57,2
clan_30834,clan_10757,36,57,2
clan_24956,clan_20988,36,57,2
clan_37705,clan_2236,36,57,2
clan_26153,clan_14235,36,57,2
clan_5905,clan_13231,36,57,2
clan_8245,clan_37272,36,57,2
clan_29583,clan_22897,36,57,2
clan_29675,clan_32062,36,57,2
clan_39798,clan_47568,36,57,2
clan_47211,clan_43405,36,57,2
clan_2185,clan_47552,36,57,2
clan_11423,clan_33986,36,57,2
clan_30143,clan_39790,36,57,2
clan_32743,clan_42369,36,57,2
clan_1764,clan_2279,36,57,2
clan_36836,clan_31115,36,57,2
clan_12690,clan_4710,36,57,2
clan_3319,clan_5246,36,57,2
clan_43348,clan_45961,36,57,2
clan_3312,clan_38037,36,57,2
clan_23527,clan_22344,36,57,2
clan_12878,clan_3921,36,58,2
clan_32893,clan_14517,36,58,2
clan_12580,clan_31371,36,59,2
clan_44457,clan_42544,36,59,2
clan_11553,clan_36655,36,59,2
clan_715,clan_39990,36,59,2
clan_1316,clan_7496,36,59,2
clan_37923,clan_37657,36,59,2
clan_48085,clan_1568,36,59,2
clan_14473,clan_33000,36,59,2
clan_25512,clan_7064,36,59,2
clan_6543,clan_33297,36,59,2
clan_36157,clan_21535,36,59,2
clan_18737,clan_40065,36,59,2
clan_30376,clan_30370,36,59,2
clan_35145,clan_39350,36,59,2
clan_44180,clan_1475,36,59,2
clan_10135,clan_16231,36,59,2
clan_41946,clan_47107,36,59,2
clan_21047,clan_44158,36,59,2
clan_40779,clan_40696,36,59,2
clan_45478,clan_44050,36,59,2
clan_39729,clan_36080,36,59,2
clan_2579,clan_8317,36,59,2
clan_31887,clan_24131,36,60,2
clan_16365,clan_45997,36,60,2
clan_35278,clan_46433,36,60,2
clan_161,clan_47103,36,60,2
clan_27598,clan_7857,36,60,2
clan_26371,clan_23754,36,60,2
clan_30486,clan_21785,36,60,2
clan_12475,clan_23947,36,60,2
clan_22939,clan_15540,36,60,2
clan_36329,clan_1612,36,60,2
clan_47968,clan_45634,36,60,2
clan_10554,clan_40184,36,60,2
clan_19051,clan_38618,36,60,2
clan_19321,clan_4283,36,60,2
clan_18177,clan_37813,36,60,2
clan_22859,clan_31870,36,60,2
clan_44630,clan_46764,36,60,2
clan_8700,clan_33913,36,60,2
clan_12910,clan_3360,36,60,2
clan_27153,clan_19164,36,60,2
clan_13694,clan_34694,36,60,2
clan_28936,clan_2148,36,60,2
clan_25247,clan_17357,36,60,2
clan_31581,clan_46383,36,60,2
clan_18697,clan_35426,36,60,2
clan_18051,clan_11679,36,60,2
clan_32641,clan_37032,36,60,2
clan_7374,clan_2889,36,60,2
clan_2536,clan_43454,36,60,2
clan_8523,clan_11894,36,60,2
clan_46719,clan_45526,36,60,2
clan_11952,clan_8035,36,60,2
clan_28033,clan_18708,36,60,2
clan_32850,clan_18202,36,60,2
clan_21293,clan_23714,36,60,2
clan_23892,clan_40125,36,60,2
clan_45505,clan_42067,36,60,2
clan_16349,clan_37769,36,60,2
clan_2302,clan_47756,36,60,2
clan_45810,clan_35266,36,60,2
clan_33197,clan_37323,36,60,2
clan_15969,clan_7225,36,60,2
clan_24974,clan_29779,36,60,2
clan_41491,clan_17977,36,60,2
clan_27793,clan_32443,36,60,2
clan_19781,clan_31626,36,60,2
clan_17316,clan_5664,36,60,2
clan_46971,clan_905,36,60,2
clan_28716,clan_19270,36,60,2
clan_13266,clan_7472,36,60,2
clan_4317,clan_32473,36,60,2
clan_40842,clan_45994,36,60,2
clan_26907,clan_34774,36,60,2
clan_3803,clan_12462,36,60,2
clan_22796,clan_1627,36,60,2
clan_3730,clan_39207,36,60,2
clan_28146,clan_27182,36,60,2
clan_23441,clan_9300,36,60,2
clan_2004,clan_462,36,60,2
clan_21387,clan_30212,36,60,2
clan_15244,clan_21129,36,60,2
clan_15088,clan_13226,36,60,2
clan_30387,clan_30721,36,60,2
clan_35902,clan_40180,36,60,2
clan_45754,clan_38990,36,60,2
clan_21767,clan_3749,36,60,2
clan_14772,clan_29424,36,60,2
clan_15278,clan_28351,36,60,2
clan_26036,clan_22123,36,60,2
clan_8693,clan_28558,36,60,2
clan_27951,clan_40048,36,60,2
clan_23239,clan_25151,36,60,2
clan_19461,clan_14884,36,60,2
clan_46177,clan_47517,36,60,2
clan_38517,clan_28182,36,60,2
clan_39232,clan_34118,36,60,2
clan_15934,clan_41638,36,60,2
clan_3008,clan_22224,36,60,2
clan_44897,clan_43331,36,60,2
clan_6145,clan_20197,36,60,2
clan_22299,clan_11463,36,60,2
clan_6118,clan_22944,36,60,2
clan_20459,clan_18787,36,60,2
clan_41402,clan_45862,36,60,2
clan_29512,clan_21589,36,60,2
clan_28385,clan_12976,36,60,2
clan_45437,clan_47212,36,60,2
clan_20039,clan_3872,36,60,2
clan_16327,clan_2513,36,60,2
clan_4555,clan_9018,36,60,2
clan_37168,clan_24968,36,60,2
clan_9718,clan_18889,36,60,2
clan_17125,clan_7413,36,60,2
clan_44977,clan_7976,36,60,2
clan_42178,clan_16335,36,60,2
clan_4926,clan_23082,36,60,2
clan_47425,clan_709,36,60,2
clan_13714,clan_13183,36,60,2
clan_21592,clan_40233,36,60,2
clan_14446,clan_19822,36,61,2
clan_17425,clan_35661,36,61,2
clan_320,clan_39093,36,61,2
clan_18423,clan_6028,36,61,2
clan_30136,clan_33302,36,61,2
clan_6974,clan_20452,36,62,2
clan_5033,clan_18507,36,62,2
clan_7566,clan_13877,36,62,2
clan_15942,clan_24399,36,62,2
clan_24831,clan_31565,36,62,2
clan_30166,clan_48473,36,62,2
clan_21082,clan_48270,36,62,2
clan_38627,clan_4864,36,62,2
clan_30244,clan_17115,36,62,2
clan_45758,clan_41854,36,62,2
clan_31093,clan_19473,36,62,2
clan_29371,clan_8122,36,62,2
clan_9182,clan_25685,36,62,2
clan_33894,clan_38835,36,62,2
clan_18563,clan_35134,36,62,2
clan_20628,clan_22792,36,62,2
clan_34230,clan_4290,36,62,2
clan_19445,clan_47710,36,63,2
clan_3120,clan_9158,36,63,2
clan_41055,clan_36935,36,63,2
clan_30540,clan_16439,36,63,2
clan_28092,clan_26367,36,63,2
clan_34390,clan_21231,36,63,2
clan_9180,clan_41384,36,63,2
clan_18231,clan_36550,36,63,2
clan_22865,clan_13936,36,63,2
clan_11048,clan_9531,36,63,2
clan_10555,clan_27313,36,63,2
clan_41289,clan_44046,36,63,2
clan_36421,clan_16271,36,63,2
clan_18601,clan_20069,36,63,2
clan_34509,clan_47368,36,63,2
clan_37601,clan_43822,36,63,2
clan_24030,clan_17442,36,63,2
clan_38525,clan_43550,36,63,2
clan_2599,clan_3094,36,63,2
clan_41725,clan_43125,36,63,2
clan_47282,clan_74,36,63,2
clan_7844,clan_13249,36,63,2
clan_10448,clan_8341,36,63,2
clan_11819,clan_38727,36,63,2
clan_41665,clan_46696,36,63,2
clan_30052,clan_40653,36,63,2
clan_28448,clan_37523,36,63,2
clan_31843,clan_37783,36,63,2
clan_20508,clan_23778,36,63,2
clan_47761,clan_43286,36,63,2
clan_13832,clan_19339,36,63,2
clan_43027,clan_41741,36,63,2
clan_27959,clan_10355,36,63,2
clan_41749,clan_1854,36,63,2
clan_46398,clan_41552,36,63,2
clan_7927,clan_7908,36,63,2
clan_24764,clan_22992,36,63,2
clan_32991,clan_30061,36,63,2
clan_6323,clan_28616,36,63,2
clan_3514,clan_9140,36,63,2
clan_6039,clan_16547,36,63,2
clan_44721,clan_37350,36,63,2
clan_46053,clan_24518,36,63,2
clan_4104,clan_42721,36,63,2
clan_12915,clan_7870,36,63,2
clan_27588,clan_47707,36,63,2
clan_35321,clan_44858,36,63,2
clan_26871,clan_45460,36,63,2
clan_17368,clan_6181,36,63,2
clan_38147,clan_444,36,63,2
clan_46215,clan_45834,36,63,2
clan_6798,clan_28357,36,63,2
clan_36619,clan_32835,36,63,2
clan_44296,clan_44622,36,63,2
clan_21322,clan_14439,36,63,2
clan_24345,clan_42846,36,63,2
clan_21308,clan_31995,36,63,2
clan_35548,clan_30651,36,63,2
clan_30108,clan_8102,36,63,2
clan_10280,clan_18133,36,63,2
clan_7878,clan_34961,36,63,2
clan_32085,clan_14993,36,63,2
clan_32040,clan_46139,36,63,2
clan_14719,clan_10470,36,63,2
clan_34840,clan_27858,36,63,2
clan_13517,clan_3624,36,63,2
clan_40242,clan_44006,36,63,2
clan_35706,clan_39428,36,63,2
clan_33459,clan_10803,36,63,2
clan_46066,clan_794,36,63,2
clan_22548,clan_44595,36,63,2
clan_34086,clan_39417,36,63,2
clan_47064,clan_46135,36,63,2
clan_44388,clan_39110,36,63,2
clan_33340,clan_23841,36,63,2
clan_3244,clan_37799,36,63,2
clan_26700,clan_30441,36,63,2
clan_2491,clan_37262,36,63,2
clan_5085,clan_16394,36,63,2
clan_33781,clan_17539,36,63,2
clan_24706,clan_38114,36,63,2
clan_41280,clan_33035,36,63,2
clan_17499,clan_33707,36,63,2
clan_33200,clan_32048,36,63,2
clan_31863,clan_40449,36,63,2
clan_37831,clan_45186,36,63,2
clan_34524,clan_35419,36,63,2
clan_47213,clan_47007,36,63,2
clan_11637,clan_32059,36,63,2
clan_28991,clan_22832,36,63,2
clan_18456,clan_24891,36,63,2
clan_14744,clan_16366,36,63,2
clan_45876,clan_45870,36,63,2
clan_28642,clan_34518,36,63,2
clan_10780,clan_25513,36,63,2
clan_672,clan_45953,36,63,2
clan_48068,clan_761,36,63,2
clan_18844,clan_20120,36,63,2
clan_7322,clan_20077,36,63,2
clan_41641,clan_45355,36,63,2
clan_5554,clan_41168,36,63,2
clan_33227,clan_35203,36,63,2
clan_7898,clan_11492,36,63,2
clan_247,clan_1218,36,63,2
clan_37544,clan_31505,36,63,2
clan_34544,clan_39473,36,63,2
clan_32950,clan_20135,36,63,2
clan_7289,clan_15864,36,63,2
clan_45600,clan_40084,36,63,2
clan_47152,clan_46431,36,63,2
clan_15640,clan_8055,36,63,2
clan_30954,clan_33291,36,63,2
clan_6363,clan_17924,36,63,2
clan_43977,clan_20031,36,63,2
clan_23747,clan_25575,36,63,2
clan_10721,clan_10340,36,65,2
clan_47158,clan_48040,36,65,2
clan_28671,clan_21094,36,65,2
clan_47614,clan_47361,36,65,2
clan_34461,clan_35606,36,65,2
clan_14604,clan_22747,36,65,2
clan_18532,clan_35182,36,66,2
clan_26779,clan_30259,36,66,2
clan_8789,clan_24547,36,66,2
clan_42415,clan_41815,36,66,2
clan_32398,clan_39596,36,66,2
clan_19370,clan_33900,36,66,2
clan_14983,clan_41150,36,66,2
clan_40904,clan_47564,36,66,2
clan_22928,clan_41418,36,66,2
clan_9616,clan_29606,36,66,2
clan_11991,clan_30380,36,66,2
clan_8888,clan_22882,36,66,2
clan_15079,clan_25624,36,66,2
clan_18870,clan_6220,36,66,2
clan_4352,clan_33030,36,66,2
clan_16529,clan_18841,36,66,2
clan_29755,clan_21305,36,66,2
clan_22933,clan_21824,36,66,2
clan_23327,clan_39371,36,66,2
clan_35110,clan_25148,36,66,2
clan_2259,clan_47899,36,66,2
clan_33363,clan_21764,36,66,2
clan_30140,clan_28972,36,66,2
clan_46506,clan_30554,36,66,2
clan_11031,clan_29935,36,66,2
clan_34527,clan_38620,36,66,2
clan_12047,clan_17340,36,66,2
clan_9623,clan_35281,36,66,2
clan_9886,clan_25749,36,66,2
clan_9571,clan_22847,36,66,2
clan_36851,clan_39424,36,66,2
clan_37081,clan_46026,36,66,2
clan_42568,clan_1994,36,66,2
clan_22766,clan_26351,36,66,2
clan_15548,clan_28490,36,66,2
clan_3530,clan_22353,36,66,2
clan_33912,clan_26433,36,66,2
clan_46445,clan_43662,36,66,2
clan_40695,clan_46085,36,66,2
clan_33069,clan_21645,36,66,2
clan_25904,clan_35169,36,66,2
clan_47901,clan_46606,36,66,2
clan_38437,clan_5372,36,66,2
clan_47921,clan_41869,36,66,2
clan_12132,clan_34591,36,66,2
clan_20342,clan_12376,36,66,2
clan_37805,clan_48163,36,66,2
clan_24411,clan_39602,36,66,2
clan_16211,clan_27749,36,66,2
clan_30553,clan_36828,36,66,2
clan_41509,clan_48514,36,66,2
clan_21925,clan_35665,36,66,2
clan_30659,clan_2018,36,66,2
clan_44271,clan_35740,36,66,2
clan_921,clan_711,36,66,2
clan_17049,clan_17938,36,66,2
clan_5269,clan_15494,36,66,2
clan_175,clan_47769,36,66,2
clan_40623,clan_46389,36,66,2
clan_11284,clan_41500,36,66,2
clan_6627,clan_31143,36,66,2
clan_14376,clan_39802,36,66,2
clan_21274,clan_26985,36,66,2
clan_16685,clan_37444,36,66,2
clan_4131,clan_4808,36,66,2
clan_22619,clan_11197,36,66,2
clan_11379,clan_26643,36,66,2
clan_25335,clan_38229,36,66,2
clan_38497,clan_38370,36,66,2
clan_27683,clan_37352,36,66,2
clan_36127,clan_2181,36,66,2
clan_20503,clan_32188,36,66,2
clan_45695,clan_34618,36,66,2
clan_29481,clan_40592,36,66,2
clan_19960,clan_13572,36,66,2
clan_33212,clan_31933,36,66,2
clan_47038,clan_1303,36,66,2
clan_39765,clan_43531,36,66,2
clan_18903,clan_23563,36,66,2
clan_20024,clan_26793,36,66,2
clan_17830,clan_5693,36,66,2
clan_19981,clan_38440,36,66,2
clan_37858,clan_37985,36,66,2
clan_10255,clan_34179,36,66,2
clan_39612,clan_2001,36,66,2
clan_4816,clan_25443,36,66,2
clan_2525,clan_15518,36,66,2
clan_30215,clan_31996,36,66,2
clan_8346,clan_3888,36,66,2
clan_5857,clan_34433,36,66,2
clan_37700,clan_8860,36,66,2
clan_23013,clan_30738,36,66,2
clan_27799,clan_34535,36,66,2
clan_32009,clan_36073,36,66,2
clan_41115,clan_45369,36,66,2
clan_16463,clan_14098,36,66,2
clan_33981,clan_40951,36,66,2
clan_21362,clan_24353,36,66,2
clan_14344,clan_7834,36,66,2
clan_26959,clan_11883,36,66,2
clan_43596,clan_47713,36,66,2
clan_41565,clan_44615,36,66,2
clan_45035,clan_40597,36,66,2
clan_13628,clan_36511,36,66,2
clan_44763,clan_41671,36,66,2
clan_10452,clan_6813,36,66,2
clan_36636,clan_42309,36,66,2
clan_38023,clan_45087,36,66,2
clan_15856,clan_29442,36,66,2
clan_23376,clan_4961,36,66,2
clan_27738,clan_31738,36,66,2
clan_14767,clan_23702,36,66,2
clan_12445,clan_3996,36,66,2
clan_530,clan_44331,36,66,2
clan_18323,clan_27469,36,66,2
clan_28109,clan_30381,36,66,2
clan_33045,clan_20801,36,66,2
clan_17723,clan_38448,36,66,2
clan_33637,clan_34288,36,66,2
clan_809,clan_43733,36,66,2
clan_42989,clan_36195,36,66,2
clan_35071,clan_45424,36,66,2
clan_7417,clan_9939,36,66,2
clan_22799,clan_33032,36,66,2
clan_34286,clan_42549,36,66,2
clan_43044,clan_45731,36,66,2
clan_21320,clan_5798,36,66,2
clan_702,clan_159,36,66,2
clan_17257,clan_27274,36,66,2
clan_45892,clan_1359,36,66,2
clan_9288,clan_23950,36,66,2
clan_29037,clan_15142,36,66,2
clan_48028,clan_41623,36,66,2
clan_34384,clan_43701,36,66,2
clan_24538,clan_12025,36,66,2
clan_1768,clan_47622,36,66,2
clan_10346,clan_23967,36,66,2
clan_42829,clan_476,36,66,2
clan_1496,clan_46316,36,66,2
clan_31516,clan_18250,36,66,2
clan_47699,clan_46507,36,66,2
clan_33191,clan_29437,36,66,2
clan_16898,clan_23961,36,66,2
clan_14826,clan_11697,36,66,2
clan_28822,clan_34132,36,66,2
clan_36685,clan_8226,36,66,2
clan_22116,clan_6061,36,66,2
clan_38501,clan_38438,36,66,2
clan_18262,clan_9333,36,66,2
clan_48168,clan_46253,36,66,2
clan_43024,clan_47831,36,66,2
clan_19663,clan_35774,36,66,2
clan_38367,clan_29058,36,66,2
clan_25745,clan_30813,36,66,2
clan_4258,clan_11052,36,66,2
clan_22421,clan_46337,36,66,2
clan_25147,clan_31227,36,66,2
clan_468,clan_346,36,68,2
clan_27013,clan_14375,36,69,2
clan_20038,clan_4909,36,69,2
clan_20796,clan_25970,36,69,2
clan_14081,clan_39248,36,69,2
clan_19167,clan_43301,36,69,2
clan_46265,clan_45326,36,69,2
clan_41336,clan_39255,36,69,2
clan_35201,clan_40522,36,69,2
clan_42978,clan_43657,36,69,2
clan_22397,clan_42307,36,69,2
clan_14705,clan_42692,36,69,2
clan_11378,clan_34547,36,69,2
clan_27087,clan_27517,36,69,2
clan_12739,clan_6545,36,69,2
clan_17366,clan_24143,36,69,2
clan_48004,clan_47154,36,69,2
clan_9776,clan_15745,36,69,2
clan_45761,clan_43541,36,69,2
clan_26422,clan_13860,36,69,2
clan_41652,clan_35949,36,69,2
clan_14953,clan_45509,36,69,2
clan_34122,clan_26449,36,69,2
clan_43061,clan_2278,36,69,2
clan_20041,clan_35933,36,69,2
clan_22001,clan_36039,36,69,2
clan_42242,clan_964,36,69,2
clan_13643,clan_24017,36,69,2
clan_45252,clan_47214,36,69,2
clan_17582,clan_20805,36,69,2
clan_37155,clan_38749,36,69,2
clan_1012,clan_43688,36,69,2
clan_43339,clan_18800,36,69,2
clan_4202,clan_25500,36,69,2
clan_4191,clan_28177,36,69,2
clan_35552,clan_8543,36,69,2
clan_24418,clan_20559,36,69,2
clan_27227,clan_4424,36,69,2
clan_24292,clan_43198,36,69,2
clan_16397,clan_36843,36,69,2
clan_6375,clan_38642,36,69,2
clan_41524,clan_43665,36,69,2
clan_27453,clan_42036,36,69,2
clan_6094,clan_23506,36,69,2
clan_35031,clan_30270,36,69,2
clan_40992,clan_44932,36,69,2
clan_33050,clan_44891,36,69,2
clan_25642,clan_1364,36,72,2
clan_15093,clan_37065,36,72,2
clan_3272,clan_24365,36,72,2
clan_808,clan_1151,36,72,2
clan_41200,clan_46222,36,72,2
clan_27407,clan_33118,36,72,2
clan_11765,clan_38454,36,72,2
clan_44551,clan_47140,36,72,2
clan_43673,clan_40136,36,72,2
clan_25316,clan_29102,36,72,2
clan_15452,clan_42609,36,72,2
clan_22186,clan_42668,36,72,2
clan_14822,clan_38076,36,72,2
clan_10944,clan_17786,36,72,2
clan_35637,clan_42222,36,72,2
clan_10410,clan_26100,36,72,2
clan_23113,clan_29849,36,72,2
clan_19408,clan_36260,36,72,2
clan_39622,clan_45052,36,72,2
clan_10251,clan_30369,36,72,2
clan_18702,clan_32540,36,72,2
clan_11541,clan_32379,36,72,2
clan_14949,clan_13656,36,72,2
clan_9419,clan_29116,36,72,2
clan_12493,clan_21987,36,72,2
clan_7308,clan_34311,36,72,2
clan_10820,clan_36835,36,72,2
clan_2023,clan_46694,36,72,2
clan_16077,clan_35348,36,72,2
clan_2180,clan_40257,36,72,2
clan_46722,clan_47919,36,72,2
clan_5530,clan_42729,36,72,2
clan_36344,clan_40689,36,72,2
clan_23686,clan_38209,36,72,2
clan_25140,clan_18727,36,72,2
clan_8013,clan_31214,36,72,2
clan_47781,clan_25,36,72,2
clan_45432,clan_43206,36,72,2
clan_16951,clan_13505,36,72,2
clan_10406,clan_46747,36,72,2
clan_34350,clan_44307,36,72,2
clan_38756,clan_28264,36,72,2
clan_11472,clan_12072,36,72,2
clan_3457,clan_5306,36,72,2
clan_17685,clan_34020,36,72,2
clan_854,clan_43420,36,72,2
clan_3258,clan_12289,36,72,2
clan_21602,clan_16776,36,72,2
clan_23705,clan_26659,36,72,2
clan_13395,clan_39991,36,72,2
clan_4023,clan_8817,36,72,2
clan_32996,clan_43895,36,72,2
clan_40162,clan_42071,36,72,2
clan_16900,clan_26134,36,72,2
clan_1072,clan_47541,36,72,2
clan_42670,clan_48519,36,72,2
clan_22371,clan_38376,36,72,2
clan_21259,clan_8841,36,72,2
clan_28276,clan_16310,36,72,2
clan_40131,clan_41474,36,72,2
clan_19246,clan_26644,36,72,2
clan_30098,clan_12370,36,72,2
clan_9771,clan_33506,36,72,2
clan_39213,clan_40418,36,72,2
clan_15577,clan_17820,36,72,2
clan_26860,clan_39687,36,72,2
clan_43851,clan_127,36,72,2
clan_38080,clan_46572,36,72,2
clan_18498,clan_35185,36,72,2
clan_33714,clan_46735,36,72,2
clan_1560,clan_19746,36,72,2
clan_12145,clan_39958,36,72,2
clan_36024,clan_42366,36,72,2
clan_7229,clan_37703,36,72,2
clan_16276,clan_7172,36,72,2
clan_41327,clan_35434,36,72,2
clan_21837,clan_45100,36,72,2
clan_28499,clan_32324,36,72,2
clan_15902,clan_37633,36,72,2
clan_28781,clan_16819,36,72,2
clan_47017,clan_47923,36,72,2
clan_19783,clan_44412,36,72,2
clan_17266,clan_18457,36,72,2
clan_1153,clan_32341,36,72,2
clan_34310,clan_835,36,72,2
clan_1239,clan_32637,36,72,2
clan_22526,clan_38940,36,72,2
clan_41811,clan_2314,36,72,2
clan_1670,clan_1128,36,72,2
clan_8788,clan_21011,36,72,2
clan_22041,clan_6306,36,72,2
clan_13494,clan_9396,36,72,2
clan_18237,clan_37260,36,72,2
clan_10166,clan_61,36,72,2
clan_6735,clan_33704,36,72,2
clan_9533,clan_15670,36,72,2
clan_16122,clan_3049,36,72,2
clan_33181,clan_43996,36,72,2
clan_35224,clan_34089,36,72,2
clan_24958,clan_28267,36,72,2
clan_29117,clan_42337,36,72,2
clan_35985,clan_40535,36,72,2
clan_28827,clan_34894,36,72,2
clan_24693,clan_24240,36,72,2
clan_25785,clan_43924,36,72,2
clan_34984,clan_39999,36,72,2
clan_34513,clan_9817,36,72,2
clan_22763,clan_31876,36,72,2
clan_23801,clan_39819,36,72,2
clan_32015,clan_38252,36,72,2
clan_34157,clan_43221,36,72,2
clan_1290,clan_48192,36,72,2
clan_13293,clan_32183,36,72,2
clan_40277,clan_42043,36,72,2
clan_15779,clan_36370,36,72,2
clan_13049,clan_42903,36,72,2
clan_8112,clan_37507,36,72,2
clan_31055,clan_36163,36,72,2
clan_23019,clan_26838,36,72,2
clan_15370,clan_41612,36,72,2
clan_3723,clan_29288,36,72,2
clan_4107,clan_36076,36,72,2
clan_8344,clan_40453,36,72,2
clan_16525,clan_48091,36,72,2
clan_25899,clan_44114,36,72,2
clan_7216,clan_6342,36,72,2
clan_5587,clan_44947,36,72,2
clan_7904,clan_42041,36,72,2
clan_5561,clan_39981,36,72,2
clan_42332,clan_33999,36,72,2
clan_48312,clan_332,36,72,2
clan_47742,clan_2295,36,72,2
clan_42052,clan_23607,36,72,2
clan_8780,clan_31788,36,72,2
clan_44111,clan_44913,36,72,2
clan_35649,clan_25430,36,72,2
clan_27304,clan_3900,36,72,2
clan_3404,clan_27406,36,72,2
clan_27898,clan_31608,36,72,2
clan_32281,clan_38991,36,72,2
clan_37013,clan_46675,36,72,2
clan_42753,clan_38723,36,72,2
clan_1047,clan_1692,36,72,2
clan_38036,clan_42684,36,72,2
clan_26651,clan_12926,36,72,2
clan_20200,clan_36401,36,72,2
clan_42945,clan_44003,36,72,2
clan_1376,clan_47682,36,75,2
clan_117,clan_1951,36,75,2
clan_42162,clan_43312,36,75,2
clan_45340,clan_1805,36,78,2
clan_43900,clan_38373,36,78,2
clan_5863,clan_2103,36,78,2
clan_1183,clan_46844,36,80,2
clan_48328,clan_48454,36,81,2
clan_48531,clan_732,36,88,2
clan_579,clan_636,36,92,2
clan_8178,clan_4021,37,32,1
clan_9936,clan_7805,37,32,1
clan_16759,clan_9445,37,33,1
clan_22474,clan_3416,37,35,1
clan_6144,clan_4031,37,35,1
clan_15646,clan_11574,37,36,1
clan_7773,clan_13393,37,39,2
clan_10666,clan_24214,37,39,2
clan_30926,clan_35489,37,39,2
clan_203,clan_19871,37,40,2
clan_3735,clan_20661,37,40,2
clan_15375,clan_9074,37,41,2
clan_16146,clan_23800,37,41,2
clan_30543,clan_9119,37,41,2
clan_10831,clan_21516,37,42,2
clan_2658,clan_32605,37,42,2
clan_26496,clan_29674,37,43,2
clan_9634,clan_23034,37,43,2
clan_35273,clan_42402,37,43,2
clan_23408,clan_5790,37,43,2
clan_10396,clan_26290,37,43,2
clan_20470,clan_20118,37,44,2
clan_8455,clan_13831,37,44,2
clan_12158,clan_19827,37,44,2
clan_5142,clan_8096,37,44,2
clan_22783,clan_19915,37,45,2
clan_17170,clan_22845,37,45,2
clan_14689,clan_30674,37,45,2
clan_5210,clan_6883,37,45,2
clan_4940,clan_30603,37,45,2
clan_16833,clan_2929,37,45,2
clan_34761,clan_34373,37,46,2
clan_20289,clan_3746,37,46,2
clan_21613,clan_5462,37,47,2
clan_15909,clan_18176,37,47,2
clan_9416,clan_20878,37,47,2
clan_31264,clan_34458,37,47,2
clan_131,clan_46,37,47,2
clan_3968,clan_21632,37,47,2
clan_12871,clan_19360,37,47,2
clan_36035,clan_27885,37,47,2
clan_6487,clan_14789,37,48,2
clan_41462,clan_41143,37,48,2
clan_9745,clan_27743,37,48,2
clan_24010,clan_25678,37,48,2
clan_9260,clan_25936,37,49,2
clan_2665,clan_7346,37,49,2
clan_22625,clan_20320,37,49,2
clan_15659,clan_2556,37,49,2
clan_5969,clan_21650,37,49,2
clan_24577,clan_33427,37,50,2
clan_11019,clan_39623,37,50,2
clan_8532,clan_28927,37,50,2
clan_23433,clan_18054,37,50,2
clan_8169,clan_8587,37,50,2
clan_42102,clan_33139,37,51,2
clan_24110,clan_18882,37,51,2
clan_30414,clan_21178,37,51,2
clan_7304,clan_13595,37,51,2
clan_24323,clan_37174,37,51,2
clan_18447,clan_32925,37,51,2
clan_11504,clan_38738,37,51,2
clan_20552,clan_5775,37,51,2
clan_14295,clan_5581,37,51,2
clan_6431,clan_7968,37,52,2
clan_6136,clan_12450,37,52,2
clan_20790,clan_4691,37,52,2
clan_15661,clan_10718,37,52,2
clan_19973,clan_9342,37,53,2
clan_20659,clan_41100,37,53,2
clan_32267,clan_7385,37,53,2
clan_18781,clan_13639,37,53,2
clan_1839,clan_27735,37,53,2
clan_10656,clan_23943,37,53,2
clan_21165,clan_25543,37,53,2
clan_3284,clan_40502,37,53,2
clan_4636,clan_10500,37,54,2
clan_384,clan_227,37,54,2
clan_29162,clan_34721,37,54,2
clan_37248,clan_25085,37,54,2
clan_20407,clan_29356,37,54,2
clan_19419,clan_7700,37,54,2
clan_31623,clan_40146,37,54,2
clan_23770,clan_15972,37,54,2
clan_28861,clan_47292,37,54,2
clan_27837,clan_30706,37,54,2
clan_4645,clan_3519,37,54,2
clan_24602,clan_3062,37,54,2
clan_38422,clan_34680,37,54,2
clan_8609,clan_30561,37,54,2
clan_5676,clan_25560,37,54,2
clan_31249,clan_30202,37,54,2
clan_25055,clan_29401,37,54,2
clan_5496,clan_36371,37,54,2
clan_9482,clan_30389,37,54,2
clan_5126,clan_10270,37,56,2
clan_16628,clan_12936,37,56,2
clan_3742,clan_21057,37,56,2
clan_19920,clan_11664,37,56,2
clan_29429,clan_32581,37,57,2
clan_46114,clan_47737,37,57,2
clan_13129,clan_3007,37,57,2
clan_26270,clan_32504,37,57,2
clan_14409,clan_31254,37,57,2
clan_17968,clan_8320,37,57,2
clan_19338,clan_16185,37,57,2
clan_38181,clan_39140,37,57,2
clan_34466,clan_11665,37,57,2
clan_13059,clan_13056,37,57,2
clan_23078,clan_20405,37,58,2
clan_6585,clan_10007,37,58,2
clan_27349,clan_41234,37,58,2
clan_22529,clan_2537,37,58,2
clan_39953,clan_14336,37,59,2
clan_14429,clan_29274,37,59,2
clan_23901,clan_28785,37,59,2
clan_20233,clan_35585,37,59,2
clan_33580,clan_32095,37,60,2
clan_42969,clan_25935,37,60,2
clan_17241,clan_8535,37,60,2
clan_23322,clan_35478,37,60,2
clan_8295,clan_3986,37,60,2
clan_12713,clan_30733,37,60,2
clan_2328,clan_7938,37,63,2
clan_24035,clan_21475,37,66,2
clan_6476,clan_9248,37,66,2
clan_13246,clan_13065,37,66,2
clan_11817,clan_22976,37,66,2
clan_6457,clan_8833,38,19,1
clan_7442,clan_22622,38,21,1
clan_2666,clan_17313,38,27,1
clan_16494,clan_6867,38,27,1
clan_6029,clan_13229,38,29,1
clan_29909,clan_32222,38,30,1
clan_18281,clan_20134,38,32,1
clan_11427,clan_29971,38,34,1
clan_5088,clan_5977,38,36,1
clan_28020,clan_11552,38,36,1
clan_25277,clan_10463,38,36,1
clan_9964,clan_12281,38,37,1
clan_12026,clan_32948,38,37,1
clan_6715,clan_18799,38,37,1
clan_10388,clan_24883,38,37,1
clan_15837,clan_8461,38,39,2
clan_3384,clan_11200,38,39,2
clan_36144,clan_8705,38,39,2
clan_14442,clan_14673,38,39,2
clan_5106,clan_2843,38,39,2
clan_2643,clan_4766,38,40,2
clan_10357,clan_23106,38,40,2
clan_26573,clan_10035,38,41,2
clan_25203,clan_41543,38,41,2
clan_17998,clan_18596,38,41,2
clan_11948,clan_17846,38,41,2
clan_35964,clan_25084,38,42,2
clan_8065,clan_30817,38,42,2
clan_32066,clan_32481,38,42,2
clan_13394,clan_8787,38,42,2
clan_31794,clan_37138,38,42,2
clan_10938,clan_23637,38,42,2
clan_18649,clan_8500,38,42,2
clan_10278,clan_8527,38,42,2
clan_338,clan_24503,38,42,2
clan_15293,clan_25636,38,42,2
clan_18746,clan_28285,38,42,2
clan_10344,clan_20303,38,42,2
clan_2446,clan_26463,38,42,2
clan_12507,clan_32588,38,43,2
clan_47344,clan_48370,38,43,2
clan_38920,clan_14627,38,43,2
clan_14462,clan_18053,38,43,2
clan_8230,clan_32294,38,43,2
clan_10821,clan_8939,38,43,2
clan_11293,clan_5125,38,43,2
clan_38774,clan_23320,38,44,2
clan_43254,clan_39839,38,44,2
clan_6148,clan_3936,38,44,2
clan_27258,clan_8744,38,44,2
clan_7992,clan_24925,38,44,2
clan_9507,clan_24238,38,44,2
clan_33090,clan_41834,38,44,2
clan_18361,clan_23752,38,44,2
clan_5140,clan_15988,38,44,2
clan_20089,clan_12504,38,45,2
clan_7265,clan_30512,38,45,2
clan_6794,clan_6875,38,45,2
clan_11374,clan_8194,38,45,2
clan_10742,clan_9763,38,45,2
clan_16856,clan_33195,38,45,2
clan_24294,clan_6830,38,45,2
clan_10208,clan_11741,38,45,2
clan_10439,clan_15462,38,45,2
clan_4713,clan_7038,38,45,2
clan_18859,clan_36672,38,45,2
clan_37506,clan_8958,38,45,2
clan_3933,clan_28222,38,45,2
clan_14521,clan_31339,38,45,2
clan_7781,clan_29713,38,45,2
clan_12212,clan_26533,38,46,2
clan_12889,clan_4583,38,46,2
clan_19025,clan_7689,38,46,2
clan_18779,clan_22926,38,46,2
clan_6748,clan_23229,38,46,2
clan_15569,clan_3005,38,47,2
clan_31830,clan_12663,38,47,2
clan_10326,clan_16205,38,47,2
clan_3149,clan_3113,38,47,2
clan_18881,clan_15914,38,47,2
clan_8867,clan_45569,38,47,2
clan_3732,clan_8098,38,47,2
clan_27880,clan_6892,38,47,2
clan_10064,clan_2461,38,47,2
clan_44679,clan_44516,38,48,2
clan_39569,clan_45829,38,48,2
clan_24797,clan_8243,38,48,2
clan_27066,clan_17556,38,48,2
clan_34173,clan_25541,38,48,2
clan_25822,clan_5809,38,48,2
clan_22105,clan_20330,38,48,2
clan_32452,clan_29499,38,48,2
clan_12496,clan_19126,38,48,2
clan_16001,clan_10579,38,48,2
clan_36266,clan_39832,38,48,2
clan_27255,clan_39061,38,48,2
clan_17562,clan_31159,38,48,2
clan_2693,clan_629,38,49,2
clan_3051,clan_21076,38,49,2
clan_16422,clan_3805,38,49,2
clan_22188,clan_11167,38,50,2
clan_44119,clan_31307,38,50,2
clan_34579,clan_43527,38,50,2
clan_13386,clan_30102,38,50,2
clan_8313,clan_19528,38,50,2
clan_22957,clan_19750,38,50,2
clan_16056,clan_13531,38,50,2
clan_19745,clan_4889,38,50,2
clan_37426,clan_5285,38,50,2
clan_11512,clan_35956,38,50,2
clan_42278,clan_33389,38,50,2
clan_42165,clan_42519,38,50,2
clan_40082,clan_35353,38,50,2
clan_40481,clan_35062,38,50,2
clan_14543,clan_32413,38,50,2
clan_31776,clan_9403,38,51,2
clan_26320,clan_32357,38,51,2
clan_26419,clan_9506,38,51,2
clan_13252,clan_12304,38,51,2
clan_7500,clan_31075,38,51,2
clan_19729,clan_20358,38,51,2
clan_2049,clan_46774,38,51,2
clan_41737,clan_11323,38,51,2
clan_19510,clan_32046,38,51,2
clan_23176,clan_12006,38,51,2
clan_35562,clan_39056,38,51,2
clan_6667,clan_4871,38,51,2
clan_30275,clan_32895,38,51,2
clan_2738,clan_11981,38,51,2
clan_41922,clan_45995,38,51,2
clan_35386,clan_29566,38,51,2
clan_18450,clan_30010,38,51,2
clan_14427,clan_32080,38,51,2
clan_27887,clan_2493,38,51,2
clan_23109,clan_13132,38,51,2
clan_17025,clan_40254,38,51,2
clan_40942,clan_41723,38,51,2
clan_32571,clan_33141,38,51,2
clan_21429,clan_12677,38,52,2
clan_4020,clan_42029,38,52,2
clan_25534,clan_34830,38,52,2
clan_14663,clan_16042,38,52,2
clan_19640,clan_23677,38,52,2
clan_31952,clan_5251,38,52,2
clan_12136,clan_11486,38,52,2
clan_19046,clan_24802,38,52,2
clan_12030,clan_31982,38,53,2
clan_4211,clan_3191,38,53,2
clan_25867,clan_16360,38,53,2
clan_23191,clan_30663,38,53,2
clan_31603,clan_22748,38,53,2
clan_4812,clan_26918,38,53,2
clan_14215,clan_37308,38,53,2
clan_4924,clan_32314,38,53,2
clan_46924,clan_33863,38,53,2
clan_12834,clan_30135,38,53,2
clan_16688,clan_13214,38,53,2
clan_36449,clan_19307,38,53,2
clan_22717,clan_21314,38,53,2
clan_29561,clan_20741,38,53,2
clan_35959,clan_36647,38,54,2
clan_27044,clan_6326,38,54,2
clan_4474,clan_5392,38,54,2
clan_1686,clan_31033,38,54,2
clan_33131,clan_15369,38,54,2
clan_2335,clan_36469,38,54,2
clan_41174,clan_39652,38,54,2
clan_33396,clan_4041,38,54,2
clan_28544,clan_19448,38,54,2
clan_4365,clan_17172,38,54,2
clan_36958,clan_37933,38,54,2
clan_7097,clan_13031,38,54,2
clan_8845,clan_12691,38,54,2
clan_37126,clan_35264,38,54,2
clan_19006,clan_18704,38,54,2
clan_35070,clan_14818,38,54,2
clan_17507,clan_43883,38,54,2
clan_4481,clan_96,38,54,2
clan_32031,clan_9304,38,54,2
clan_32896,clan_43923,38,54,2
clan_15316,clan_8340,38,54,2
clan_20994,clan_29954,38,54,2
clan_26808,clan_6236,38,54,2
clan_13482,clan_37385,38,54,2
clan_37341,clan_26709,38,54,2
clan_24072,clan_17278,38,54,2
clan_15889,clan_12791,38,54,2
clan_32966,clan_26785,38,54,2
clan_17645,clan_18018,38,54,2
clan_21309,clan_34857,38,54,2
clan_17603,clan_9687,38,54,2
clan_16053,clan_23872,38,55,2
clan_40279,clan_11612,38,55,2
clan_8430,clan_28304,38,55,2
clan_26103,clan_8547,38,55,2
clan_43993,clan_43199,38,55,2
clan_44592,clan_43100,38,56,2
clan_42433,clan_18970,38,56,2
clan_38527,clan_44447,38,56,2
clan_34033,clan_39379,38,56,2
clan_34826,clan_38907,38,56,2
clan_24867,clan_18934,38,56,2
clan_30142,clan_37678,38,56,2
clan_26044,clan_22193,38,56,2
clan_22678,clan_14468,38,56,2
clan_10785,clan_378,38,56,2
clan_32388,clan_36696,38,56,2
clan_11845,clan_17744,38,56,2
clan_17032,clan_17132,38,56,2
clan_11304,clan_23234,38,56,2
clan_12151,clan_24066,38,56,2
clan_23697,clan_3296,38,56,2
clan_19732,clan_24267,38,56,2
clan_8654,clan_4275,38,56,2
clan_10837,clan_21979,38,56,2
clan_7267,clan_6442,38,57,2
clan_34337,clan_10332,38,57,2
clan_29872,clan_18368,38,57,2
clan_914,clan_45865,38,57,2
clan_39442,clan_20431,38,57,2
clan_36981,clan_35165,38,57,2
clan_14034,clan_22173,38,57,2
clan_44660,clan_46145,38,57,2
clan_7186,clan_35849,38,57,2
clan_16938,clan_36278,38,57,2
clan_21805,clan_12097,38,57,2
clan_12685,clan_25900,38,57,2
clan_4906,clan_30505,38,57,2
clan_37737,clan_3275,38,57,2
clan_36795,clan_22276,38,57,2
clan_30384,clan_37701,38,57,2
clan_3071,clan_16082,38,57,2
clan_37033,clan_20551,38,57,2
clan_7024,clan_29961,38,57,2
clan_19372,clan_16083,38,57,2
clan_4990,clan_9615,38,57,2
clan_36433,clan_42528,38,57,2
clan_40135,clan_47155,38,57,2
clan_42526,clan_44343,38,57,2
clan_21795,clan_9341,38,57,2
clan_27415,clan_16388,38,57,2
clan_43881,clan_40420,38,57,2
clan_18418,clan_11725,38,57,2
clan_32077,clan_37688,38,57,2
clan_16715,clan_37880,38,57,2
clan_3962,clan_29764,38,57,2
clan_13030,clan_30080,38,57,2
clan_23446,clan_39525,38,57,2
clan_27072,clan_13600,38,57,2
clan_22238,clan_16093,38,58,2
clan_25004,clan_8871,38,58,2
clan_6402,clan_19961,38,58,2
clan_31667,clan_39063,38,59,2
clan_6910,clan_47033,38,59,2
clan_15920,clan_9203,38,59,2
clan_43777,clan_46237,38,59,2
clan_43639,clan_738,38,59,2
clan_46338,clan_40564,38,59,2
clan_23338,clan_18254,38,59,2
clan_36902,clan_41998,38,59,2
clan_17635,clan_20370,38,59,2
clan_43758,clan_1851,38,59,2
clan_20945,clan_1311,38,60,2
clan_18864,clan_4660,38,60,2
clan_22576,clan_19598,38,60,2
clan_7683,clan_33517,38,60,2
clan_21487,clan_34816,38,60,2
clan_9750,clan_8375,38,60,2
clan_22303,clan_26813,38,60,2
clan_36446,clan_36634,38,60,2
clan_34301,clan_13838,38,60,2
clan_42340,clan_40500,38,60,2
clan_44008,clan_48478,38,60,2
clan_235,clan_226,38,60,2
clan_18221,clan_7272,38,60,2
clan_42238,clan_47920,38,60,2
clan_17355,clan_22272,38,60,2
clan_14814,clan_28192,38,60,2
clan_33525,clan_35565,38,60,2
clan_17493,clan_36187,38,60,2
clan_29560,clan_38656,38,60,2
clan_21796,clan_30336,38,60,2
clan_36734,clan_46164,38,60,2
clan_43296,clan_48096,38,60,2
clan_6150,clan_15899,38,60,2
clan_9328,clan_3287,38,60,2
clan_32353,clan_41899,38,60,2
clan_18804,clan_20763,38,60,2
clan_2986,clan_11371,38,60,2
clan_41941,clan_32812,38,60,2
clan_38377,clan_216,38,60,2
clan_7528,clan_41302,38,60,2
clan_44257,clan_42104,38,60,2
clan_38315,clan_5489,38,60,2
clan_30382,clan_42782,38,60,2
clan_33540,clan_27326,38,60,2
clan_4052,clan_15268,38,61,2
clan_36543,clan_9241,38,62,2
clan_7722,clan_19651,38,62,2
clan_33084,clan_29706,38,62,2
clan_27461,clan_31335,38,62,2
clan_33945,clan_44491,38,62,2
clan_46813,clan_25176,38,62,2
clan_23171,clan_22729,38,62,2
clan_22627,clan_10108,38,62,2
clan_3795,clan_42927,38,62,2
clan_8111,clan_42796,38,62,2
clan_9856,clan_15005,38,62,2
clan_11137,clan_17766,38,63,2
clan_890,clan_47407,38,63,2
clan_2332,clan_2979,38,63,2
clan_15008,clan_46843,38,63,2
clan_1941,clan_43240,38,63,2
clan_40757,clan_32036,38,63,2
clan_30541,clan_6991,38,63,2
clan_4289,clan_9433,38,66,2
clan_30317,clan_36579,38,66,2
clan_38304,clan_26859,38,66,2
clan_35571,clan_21441,38,66,2
clan_24814,clan_28897,38,66,2
clan_7380,clan_15265,38,66,2
clan_28875,clan_41036,38,66,2
clan_43890,clan_31824,38,66,2
clan_47782,clan_48389,38,66,2
clan_8816,clan_36276,38,66,2
clan_39874,clan_38482,38,66,2
clan_3618,clan_29422,38,66,2
clan_16780,clan_24153,38,66,2
clan_2036,clan_38922,38,66,2
clan_15945,clan_47432,38,66,2
clan_38062,clan_31373,38,66,2
clan_20332,clan_44499,38,66,2
clan_23861,clan_19211,38,66,2
clan_27815,clan_45436,38,66,2
clan_24275,clan_18786,38,66,2
clan_7337,clan_15956,38,66,2
clan_46996,clan_32930,38,66,2
clan_7675,clan_17799,38,66,2
clan_39054,clan_42099,38,66,2
clan_23342,clan_19092,38,66,2
clan_43318,clan_13310,38,66,2
clan_25170,clan_39761,38,66,2
clan_24957,clan_2632,38,66,2
clan_20171,clan_18912,38,66,2
clan_128,clan_580,38,69,2
clan_48226,clan_41,38,72,2
clan_14965,clan_9201,39,16,1
clan_17353,clan_4767,39,18,1
clan_5665,clan_4897,39,27,1
clan_10691,clan_13333,39,29,1
clan_14469,clan_15631,39,30,1
clan_10092,clan_14179,39,31,1
clan_4502,clan_6270,39,32,1
clan_23449,clan_9777,39,32,1
clan_3106,clan_15547,39,33,1
clan_15507,clan_4758,39,34,1
clan_27986,clan_36398,39,34,1
clan_44628,clan_46307,39,35,1
clan_7156,clan_6633,39,35,1
clan_24947,clan_22583,39,35,1
clan_14804,clan_19377,39,36,1
clan_17000,clan_22446,39,36,1
clan_2916,clan_18043,39,36,1
clan_8328,clan_8719,39,36,1
clan_5771,clan_9030,39,36,1
clan_19256,clan_26672,39,36,1
clan_10262,clan_9618,39,36,1
clan_26762,clan_19872,39,38,1
clan_10200,clan_11611,39,38,1
clan_15039,clan_2382,39,38,1
clan_33737,clan_38748,39,38,1
clan_33789,clan_22932,39,38,1
clan_22967,clan_4320,39,38,1
clan_17838,clan_5459,39,38,1
clan_41478,clan_45765,39,38,1
clan_7194,clan_28802,39,40,2
clan_11941,clan_5563,39,40,2
clan_34451,clan_5102,39,40,2
clan_41528,clan_41945,39,41,2
clan_19997,clan_21225,39,41,2
clan_27024,clan_15585,39,41,2
clan_11432,clan_2698,39,41,2
clan_34765,clan_16889,39,42,2
clan_15077,clan_10588,39,42,2
clan_35137,clan_37446,39,42,2
clan_20980,clan_17342,39,42,2
clan_26374,clan_10608,39,42,2
clan_23211,clan_17126,39,42,2
clan_27722,clan_28119,39,42,2
clan_14703,clan_7561,39,42,2
clan_24111,clan_10148,39,42,2
clan_2385,clan_14470,39,42,2
clan_21348,clan_33509,39,42,2
clan_11708,clan_13913,39,42,2
clan_5668,clan_11305,39,43,2
clan_14230,clan_17704,39,43,2
clan_44834,clan_24081,39,43,2
clan_5287,clan_20557,39,43,2
clan_19470,clan_8573,39,43,2
clan_10130,clan_9952,39,43,2
clan_3362,clan_21049,39,43,2
clan_17171,clan_23206,39,43,2
clan_21597,clan_17302,39,43,2
clan_13278,clan_31780,39,44,2
clan_10471,clan_24565,39,44,2
clan_18386,clan_16810,39,44,2
clan_22346,clan_34393,39,44,2
clan_8601,clan_20952,39,44,2
clan_31872,clan_39431,39,44,2
clan_38168,clan_46068,39,44,2
clan_25851,clan_15438,39,44,2
clan_34881,clan_15146,39,44,2
clan_46558,clan_38228,39,44,2
clan_36725,clan_42039,39,44,2
clan_23399,clan_23464,39,44,2
clan_22405,clan_20107,39,44,2
clan_44688,clan_46462,39,44,2
clan_3531,clan_7249,39,44,2
clan_29263,clan_8292,39,45,2
clan_7365,clan_23672,39,45,2
clan_46556,clan_43290,39,45,2
clan_2281,clan_36857,39,45,2
clan_13200,clan_11001,39,45,2
clan_4661,clan_21154,39,45,2
clan_32693,clan_9737,39,45,2
clan_3540,clan_16389,39,45,2
clan_12180,clan_26218,39,45,2
clan_4514,clan_27652,39,45,2
clan_11015,clan_5441,39,45,2
clan_30882,clan_15032,39,45,2
clan_11058,clan_26248,39,45,2
clan_31704,clan_34891,39,45,2
clan_22319,clan_16915,39,45,2
clan_18850,clan_3320,39,45,2
clan_20149,clan_35980,39,45,2
clan_17262,clan_15239,39,45,2
clan_19064,clan_28921,39,45,2
clan_11456,clan_31850,39,46,2
clan_8130,clan_10011,39,46,2
clan_24431,clan_27691,39,46,2
clan_5770,clan_5137,39,46,2
clan_18181,clan_5967,39,46,2
clan_22630,clan_13272,39,46,2
clan_28364,clan_13757,39,46,2
clan_13454,clan_9547,39,46,2
clan_26181,clan_14234,39,46,2
clan_31635,clan_43564,39,47,2
clan_32522,clan_32642,39,47,2
clan_1862,clan_18854,39,47,2
clan_31869,clan_36936,39,47,2
clan_33293,clan_23235,39,47,2
clan_7791,clan_30753,39,47,2
clan_27978,clan_24429,39,47,2
clan_5906,clan_13780,39,47,2
clan_33739,clan_31044,39,47,2
clan_4578,clan_30419,39,47,2
clan_43234,clan_46484,39,47,2
clan_8416,clan_27511,39,47,2
clan_19586,clan_14222,39,47,2
clan_21859,clan_20105,39,47,2
clan_23798,clan_23050,39,47,2
clan_4090,clan_5847,39,47,2
clan_7321,clan_24819,39,48,2
clan_33456,clan_40939,39,48,2
clan_44274,clan_44509,39,48,2
clan_14036,clan_26296,39,48,2
clan_37992,clan_24940,39,48,2
clan_4971,clan_8586,39,48,2
clan_12837,clan_21025,39,48,2
clan_17211,clan_22269,39,48,2
clan_10139,clan_16100,39,48,2
clan_27924,clan_30262,39,48,2
clan_14944,clan_23882,39,48,2
clan_36973,clan_14288,39,48,2
clan_4257,clan_29910,39,48,2
clan_44218,clan_43863,39,48,2
clan_47377,clan_45713,39,48,2
clan_16594,clan_17810,39,48,2
clan_18547,clan_28719,39,48,2
clan_40674,clan_1198,39,48,2
clan_3377,clan_12564,39,48,2
clan_25324,clan_42806,39,48,2
clan_34199,clan_16975,39,48,2
clan_35138,clan_32799,39,48,2
clan_24966,clan_13192,39,48,2
clan_28714,clan_14515,39,48,2
clan_39541,clan_26773,39,48,2
clan_33101,clan_44893,39,48,2
clan_9415,clan_40718,39,48,2
clan_19734,clan_17975,39,48,2
clan_33323,clan_40236,39,48,2
clan_1838,clan_44387,39,48,2
clan_35894,clan_40877,39,48,2
clan_35355,clan_13605,39,48,2
clan_25062,clan_16663,39,48,2
clan_6689,clan_27737,39,48,2
clan_26402,clan_37614,39,48,2
clan_30860,clan_43098,39,48,2
clan_15792,clan_28707,39,48,2
clan_7758,clan_4611,39,48,2
clan_28239,clan_36785,39,48,2
clan_16630,clan_25985,39,48,2
clan_36910,clan_37627,39,48,2
clan_21265,clan_21015,39,48,2
clan_26527,clan_16757,39,48,2
clan_7463,clan_30528,39,48,2
clan_6018,clan_11787,39,48,2
clan_5344,clan_18672,39,49,2
clan_19879,clan_28456,39,49,2
clan_14433,clan_5681,39,49,2
clan_23062,clan_36586,39,49,2
clan_2326,clan_10304,39,50,2
clan_35037,clan_40118,39,50,2
clan_46607,clan_35465,39,50,2
clan_6345,clan_13755,39,50,2
clan_47855,clan_47681,39,50,2
clan_10706,clan_36833,39,50,2
clan_4464,clan_34490,39,50,2
clan_40273,clan_30057,39,50,2
clan_38588,clan_36440,39,50,2
clan_10849,clan_16512,39,50,2
clan_36796,clan_43826,39,50,2
clan_37278,clan_37300,39,50,2
clan_10351,clan_20887,39,50,2
clan_13963,clan_3526,39,50,2
clan_24329,clan_33270,39,50,2
clan_29021,clan_25669,39,50,2
clan_3983,clan_20532,39,50,2
clan_8502,clan_16682,39,50,2
clan_16187,clan_16396,39,50,2
clan_8356,clan_6127,39,50,2
clan_979,clan_39850,39,50,2
clan_24774,clan_41758,39,50,2
clan_535,clan_1390,39,50,2
clan_20491,clan_7027,39,50,2
clan_20690,clan_39627,39,50,2
clan_19359,clan_15098,39,50,2
clan_5340,clan_36544,39,50,2
clan_12483,clan_24463,39,50,2
clan_4962,clan_4130,39,50,2
clan_4280,clan_43504,39,50,2
clan_26512,clan_36434,39,50,2
clan_22947,clan_11709,39,50,2
clan_25634,clan_38684,39,51,2
clan_18481,clan_7715,39,51,2
clan_45084,clan_1868,39,51,2
clan_21195,clan_6976,39,51,2
clan_5712,clan_39722,39,51,2
clan_6609,clan_31092,39,51,2
clan_35907,clan_39304,39,51,2
clan_7171,clan_21339,39,51,2
clan_3722,clan_20411,39,51,2
clan_16530,clan_15202,39,51,2
clan_28959,clan_37124,39,51,2
clan_29656,clan_31587,39,51,2
clan_9548,clan_10875,39,51,2
clan_24810,clan_5133,39,51,2
clan_33352,clan_5074,39,51,2
clan_16612,clan_16809,39,51,2
clan_11653,clan_15173,39,51,2
clan_15103,clan_10093,39,51,2
clan_42123,clan_37018,39,51,2
clan_10023,clan_14732,39,51,2
clan_628,clan_9222,39,51,2
clan_17832,clan_43062,39,51,2
clan_28185,clan_28039,39,51,2
clan_36246,clan_22192,39,51,2
clan_32988,clan_35494,39,51,2
clan_24256,clan_34176,39,51,2
clan_38564,clan_28254,39,51,2
clan_3886,clan_17006,39,51,2
clan_45072,clan_31270,39,51,2
clan_34100,clan_30442,39,51,2
clan_32779,clan_8822,39,51,2
clan_33850,clan_38164,39,51,2
clan_25653,clan_36380,39,51,2
clan_33288,clan_43439,39,51,2
clan_25410,clan_6412,39,51,2
clan_15872,clan_25580,39,51,2
clan_23823,clan_2377,39,51,2
clan_29812,clan_25869,39,51,2
clan_35532,clan_30642,39,51,2
clan_22839,clan_9828,39,51,2
clan_22357,clan_7431,39,51,2
clan_16475,clan_15849,39,51,2
clan_37332,clan_39606,39,51,2
clan_20897,clan_11368,39,51,2
clan_12326,clan_8890,39,51,2
clan_16664,clan_14608,39,51,2
clan_30993,clan_37259,39,51,2
clan_12169,clan_19310,39,51,2
clan_43792,clan_30476,39,51,2
clan_7031,clan_36026,39,51,2
clan_23996,clan_22171,39,51,2
clan_12673,clan_24358,39,51,2
clan_7043,clan_3634,39,51,2
clan_12269,clan_17689,39,51,2
clan_7000,clan_15563,39,52,2
clan_23865,clan_17397,39,52,2
clan_4128,clan_24614,39,52,2
clan_39914,clan_47621,39,52,2
clan_36029,clan_41241,39,53,2
clan_4999,clan_5683,39,53,2
clan_42663,clan_45435,39,53,2
clan_9970,clan_21403,39,53,2
clan_3824,clan_21873,39,53,2
clan_34664,clan_23403,39,53,2
clan_41141,clan_45471,39,53,2
clan_18405,clan_22316,39,53,2
clan_19400,clan_27373,39,53,2
clan_42210,clan_33065,39,53,2
clan_25367,clan_12619,39,53,2
clan_16207,clan_9301,39,53,2
clan_22119,clan_28071,39,53,2
clan_21206,clan_21782,39,53,2
clan_6739,clan_18266,39,53,2
clan_46995,clan_38466,39,53,2
clan_18802,clan_39409,39,53,2
clan_1635,clan_19509,39,53,2
clan_48065,clan_47380,39,53,2
clan_35890,clan_6026,39,53,2
clan_35057,clan_20974,39,53,2
clan_37577,clan_32243,39,53,2
clan_29291,clan_19203,39,54,2
clan_37012,clan_39586,39,54,2
clan_16996,clan_31171,39,54,2
clan_22295,clan_45243,39,54,2
clan_28508,clan_25524,39,54,2
clan_18012,clan_27417,39,54,2
clan_3229,clan_28532,39,54,2
clan_27393,clan_31170,39,54,2
clan_44670,clan_32931,39,54,2
clan_34341,clan_17900,39,54,2
clan_985,clan_1811,39,54,2
clan_21342,clan_12355,39,54,2
clan_36056,clan_15067,39,54,2
clan_42322,clan_42461,39,54,2
clan_28136,clan_16665,39,54,2
clan_24951,clan_12200,39,54,2
clan_6775,clan_33193,39,54,2
clan_16080,clan_24708,39,54,2
clan_13928,clan_5277,39,54,2
clan_35672,clan_22104,39,54,2
clan_42355,clan_45228,39,54,2
clan_26927,clan_10106,39,54,2
clan_37726,clan_30399,39,54,2
clan_26897,clan_46380,39,54,2
clan_1991,clan_42572,39,54,2
clan_27336,clan_14315,39,54,2
clan_24427,clan_31167,39,54,2
clan_12320,clan_25336,39,54,2
clan_46223,clan_44054,39,54,2
clan_16804,clan_30466,39,54,2
clan_4849,clan_37856,39,54,2
clan_48530,clan_42760,39,54,2
clan_37680,clan_47596,39,54,2
clan_45522,clan_47231,39,54,2
clan_11454,clan_36043,39,54,2
clan_11032,clan_34737,39,54,2
clan_2722,clan_30501,39,54,2
clan_9520,clan_15000,39,54,2
clan_16861,clan_29205,39,54,2
clan_26166,clan_26285,39,54,2
clan_38697,clan_12084,39,54,2
clan_28454,clan_41361,39,54,2
clan_31480,clan_22420,39,54,2
clan_1689,clan_329,39,54,2
clan_9033,clan_18631,39,54,2
clan_10781,clan_18179,39,54,2
clan_9985,clan_6409,39,54,2
clan_11299,clan_34134,39,54,2
clan_5609,clan_19622,39,54,2
clan_37120,clan_30913,39,54,2
clan_18021,clan_7231,39,54,2
clan_42916,clan_41079,39,54,2
clan_47480,clan_32000,39,54,2
clan_30388,clan_46455,39,54,2
clan_40496,clan_34291,39,54,2
clan_19074,clan_4334,39,54,2
clan_31185,clan_29354,39,54,2
clan_7481,clan_2729,39,54,2
clan_10217,clan_29465,39,54,2
clan_32014,clan_16948,39,54,2
clan_13051,clan_35132,39,54,2
clan_14981,clan_25748,39,54,2
clan_10430,clan_23134,39,54,2
clan_46713,clan_35077,39,54,2
clan_5407,clan_19168,39,54,2
clan_36611,clan_36574,39,54,2
clan_35286,clan_44780,39,54,2
clan_44797,clan_35871,39,54,2
clan_16196,clan_25038,39,54,2
clan_10582,clan_23016,39,54,2
clan_24884,clan_19069,39,54,2
clan_15263,clan_36870,39,54,2
clan_1419,clan_23850,39,54,2
clan_27247,clan_44982,39,54,2
clan_19428,clan_18813,39,54,2
clan_17578,clan_6258,39,54,2
clan_36121,clan_32972,39,54,2
clan_11662,clan_27725,39,54,2
clan_42348,clan_36092,39,54,2
clan_24198,clan_29273,39,54,2
clan_37978,clan_37653,39,54,2
clan_42755,clan_47311,39,54,2
clan_11959,clan_950,39,54,2
clan_14920,clan_16046,39,54,2
clan_9437,clan_14704,39,54,2
clan_18717,clan_3564,39,54,2
clan_4476,clan_26366,39,54,2
clan_31006,clan_39234,39,54,2
clan_42574,clan_1222,39,54,2
clan_33698,clan_34745,39,54,2
clan_22718,clan_10265,39,54,2
clan_45835,clan_44828,39,54,2
clan_11798,clan_35307,39,54,2
clan_16743,clan_32826,39,54,2
clan_41855,clan_39831,39,54,2
clan_29638,clan_24450,39,54,2
clan_1221,clan_41972,39,55,2
clan_9689,clan_32527,39,55,2
clan_11364,clan_8785,39,55,2
clan_15231,clan_10942,39,55,2
clan_23222,clan_15917,39,55,2
clan_28690,clan_32687,39,55,2
clan_12502,clan_41323,39,56,2
clan_28409,clan_12238,39,56,2
clan_25862,clan_22191,39,56,2
clan_25345,clan_13236,39,56,2
clan_44241,clan_40577,39,56,2
clan_32789,clan_44693,39,56,2
clan_46476,clan_1240,39,56,2
clan_29998,clan_31450,39,56,2
clan_33446,clan_28760,39,56,2
clan_8645,clan_22096,39,56,2
clan_29104,clan_25857,39,56,2
clan_28173,clan_33539,39,56,2
clan_11700,clan_26272,39,56,2
clan_3009,clan_22656,39,56,2
clan_47221,clan_611,39,56,2
clan_26498,clan_29250,39,56,2
clan_34069,clan_38788,39,56,2
clan_10839,clan_37368,39,56,2
clan_36858,clan_45770,39,56,2
clan_34442,clan_10622,39,56,2
clan_42896,clan_36395,39,56,2
clan_29008,clan_26224,39,56,2
clan_37104,clan_37252,39,56,2
clan_6280,clan_6410,39,56,2
clan_26536,clan_33386,39,56,2
clan_27695,clan_28220,39,56,2
clan_2258,clan_1577,39,56,2
clan_19255,clan_38092,39,57,2
clan_35142,clan_21390,39,57,2
clan_29737,clan_19029,39,57,2
clan_15460,clan_24785,39,57,2
clan_42671,clan_463,39,57,2
clan_16989,clan_31426,39,57,2
clan_17825,clan_29127,39,57,2
clan_13188,clan_34654,39,57,2
clan_42372,clan_23021,39,57,2
clan_32476,clan_37734,39,57,2
clan_48549,clan_1028,39,57,2
clan_44644,clan_44534,39,57,2
clan_38416,clan_36256,39,57,2
clan_25323,clan_38928,39,57,2
clan_11017,clan_31361,39,57,2
clan_40918,clan_46080,39,57,2
clan_33087,clan_27071,39,57,2
clan_39502,clan_36273,39,57,2
clan_24794,clan_10057,39,57,2
clan_37643,clan_33741,39,57,2
clan_42783,clan_2069,39,57,2
clan_21902,clan_22631,39,57,2
clan_44101,clan_44579,39,57,2
clan_36475,clan_41766,39,57,2
clan_39411,clan_35855,39,57,2
clan_4964,clan_3474,39,57,2
clan_20016,clan_17271,39,57,2
clan_38293,clan_40933,39,57,2
clan_25925,clan_17358,39,57,2
clan_5734,clan_34352,39,57,2
clan_25074,clan_30762,39,57,2
clan_7703,clan_9671,39,57,2
clan_22016,clan_24008,39,57,2
clan_9577,clan_3141,39,57,2
clan_17869,clan_19378,39,57,2
clan_31267,clan_968,39,57,2
clan_6352,clan_27679,39,57,2
clan_30665,clan_10560,39,57,2
clan_152,clan_30439,39,57,2
clan_29895,clan_32332,39,57,2
clan_25559,clan_13414,39,57,2
clan_31789,clan_39946,39,57,2
clan_5156,clan_21947,39,57,2
clan_20689,clan_10634,39,57,2
clan_13641,clan_14864,39,57,2
clan_39736,clan_22866,39,57,2
clan_27680,clan_26518,39,57,2
clan_37290,clan_14523,39,57,2
clan_11678,clan_33047,39,57,2
clan_43902,clan_42296,39,57,2
clan_23974,clan_25959,39,57,2
clan_18486,clan_12119,39,57,2
clan_10022,clan_18127,39,57,2
clan_21185,clan_26384,39,57,2
clan_32764,clan_30122,39,57,2
clan_4252,clan_7792,39,57,2
clan_28035,clan_24532,39,57,2
clan_43136,clan_39462,39,57,2
clan_5078,clan_9015,39,57,2
clan_39236,clan_6292,39,57,2
clan_11706,clan_16722,39,57,2
clan_32196,clan_11349,39,57,2
clan_47616,clan_43760,39,57,2
clan_29170,clan_12452,39,57,2
clan_42447,clan_43812,39,57,2
clan_33761,clan_15042,39,57,2
clan_15203,clan_6546,39,57,2
clan_2840,clan_12476,39,57,2
clan_31927,clan_5071,39,57,2
clan_8248,clan_14337,39,57,2
clan_5066,clan_40349,39,57,2
clan_13331,clan_29827,39,57,2
clan_32652,clan_33504,39,57,2
clan_42962,clan_45948,39,57,2
clan_38713,clan_36998,39,57,2
clan_9833,clan_12144,39,57,2
clan_20912,clan_33507,39,57,2
clan_28740,clan_23513,39,57,2
clan_4355,clan_11276,39,57,2
clan_26663,clan_40790,39,57,2
clan_34922,clan_46836,39,57,2
clan_21921,clan_42479,39,57,2
clan_1308,clan_27254,39,57,2
clan_30174,clan_30652,39,57,2
clan_22030,clan_37828,39,57,2
clan_5011,clan_20745,39,57,2
clan_9596,clan_19114,39,57,2
clan_9421,clan_32649,39,57,2
clan_21106,clan_36091,39,57,2
clan_45440,clan_48329,39,57,2
clan_34342,clan_32879,39,57,2
clan_41938,clan_42092,39,57,2
clan_31183,clan_28395,39,57,2
clan_23855,clan_40619,39,57,2
clan_41601,clan_38805,39,57,2
clan_23142,clan_15958,39,57,2
clan_41099,clan_32295,39,58,2
clan_2709,clan_558,39,58,2
clan_6936,clan_17461,39,58,2
clan_20136,clan_28487,39,58,2
clan_9662,clan_25114,39,58,2
clan_6578,clan_18299,39,58,2
clan_26132,clan_39294,39,58,2
clan_47243,clan_47875,39,58,2
clan_15435,clan_1333,39,58,2
clan_17581,clan_38888,39,59,2
clan_25744,clan_6876,39,59,2
clan_6192,clan_9627,39,59,2
clan_46210,clan_46530,39,59,2
clan_16753,clan_6560,39,59,2
clan_39508,clan_42909,39,59,2
clan_20954,clan_15332,39,59,2
clan_43932,clan_45729,39,59,2
clan_47961,clan_31384,39,59,2
clan_43178,clan_46406,39,59,2
clan_37074,clan_42561,39,59,2
clan_19386,clan_27833,39,59,2
clan_16297,clan_28894,39,59,2
clan_15874,clan_37433,39,59,2
clan_31880,clan_26257,39,59,2
clan_22562,clan_10615,39,59,2
clan_40963,clan_43109,39,59,2
clan_9355,clan_15390,39,59,2
clan_27952,clan_23846,39,59,2
clan_22479,clan_20361,39,59,2
clan_22326,clan_22120,39,59,2
clan_47645,clan_1331,39,60,2
clan_27026,clan_22565,39,60,2
clan_24137,clan_11889,39,60,2
clan_41380,clan_48196,39,60,2
clan_20937,clan_20132,39,60,2
clan_20793,clan_3117,39,60,2
clan_37326,clan_21181,39,60,2
clan_8635,clan_24106,39,60,2
clan_24698,clan_28011,39,60,2
clan_41993,clan_27088,39,60,2
clan_38915,clan_35689,39,60,2
clan_47289,clan_48190,39,60,2
clan_14190,clan_24680,39,60,2
clan_44578,clan_47398,39,60,2
clan_28541,clan_3174,39,60,2
clan_14435,clan_16367,39,60,2
clan_38194,clan_48182,39,60,2
clan_40948,clan_44037,39,60,2
clan_18784,clan_43798,39,60,2
clan_27479,clan_28551,39,60,2
clan_5728,clan_22559,39,60,2
clan_13201,clan_30761,39,60,2
clan_42192,clan_1804,39,60,2
clan_38,clan_796,39,60,2
clan_31283,clan_22508,39,60,2
clan_7822,clan_33365,39,60,2
clan_31308,clan_41018,39,60,2
clan_30433,clan_18270,39,60,2
clan_31938,clan_44497,39,60,2
clan_2618,clan_39936,39,60,2
clan_47996,clan_40998,39,60,2
clan_29145,clan_1317,39,60,2
clan_4300,clan_3727,39,60,2
clan_44508,clan_44624,39,60,2
clan_41923,clan_40962,39,60,2
clan_7609,clan_9867,39,60,2
clan_29211,clan_4707,39,60,2
clan_28949,clan_33290,39,60,2
clan_32129,clan_39656,39,60,2
clan_7909,clan_13767,39,60,2
clan_5753,clan_21507,39,60,2
clan_30517,clan_38016,39,60,2
clan_43162,clan_38350,39,60,2
clan_12972,clan_41883,39,60,2
clan_28489,clan_17288,39,60,2
clan_31221,clan_23621,39,60,2
clan_32424,clan_15454,39,60,2
clan_8830,clan_13750,39,60,2
clan_42588,clan_15846,39,60,2
clan_17540,clan_30304,39,60,2
clan_30035,clan_20758,39,60,2
clan_43009,clan_10216,39,60,2
clan_38976,clan_46213,39,60,2
clan_42199,clan_30470,39,60,2
clan_5628,clan_16635,39,60,2
clan_36088,clan_28258,39,60,2
clan_4921,clan_40808,39,60,2
clan_8870,clan_28369,39,60,2
clan_28578,clan_44061,39,60,2
clan_8473,clan_38288,39,60,2
clan_32905,clan_45092,39,60,2
clan_20056,clan_11712,39,60,2
clan_25233,clan_7934,39,60,2
clan_29163,clan_21994,39,60,2
clan_36023,clan_40318,39,60,2
clan_41436,clan_33112,39,60,2
clan_17155,clan_15788,39,60,2
clan_10244,clan_40243,39,60,2
clan_24347,clan_38751,39,60,2
clan_9362,clan_16303,39,60,2
clan_27055,clan_41020,39,60,2
clan_24097,clan_23249,39,60,2
clan_23515,clan_15423,39,60,2
clan_26416,clan_1855,39,60,2
clan_8452,clan_5397,39,60,2
clan_24375,clan_16570,39,60,2
clan_21312,clan_16168,39,60,2
clan_1026,clan_25860,39,60,2
clan_14846,clan_33102,39,60,2
clan_42777,clan_44365,39,60,2
clan_13993,clan_35636,39,60,2
clan_19327,clan_16902,39,60,2
clan_29062,clan_27623,39,60,2
clan_44921,clan_47818,39,60,2
clan_6041,clan_20956,39,60,2
clan_31630,clan_11182,39,60,2
clan_41095,clan_46043,39,60,2
clan_8894,clan_34600,39,60,2
clan_34471,clan_37041,39,60,2
clan_7160,clan_17546,39,60,2
clan_1976,clan_45914,39,60,2
clan_21215,clan_15522,39,60,2
clan_19506,clan_10460,39,60,2
clan_10842,clan_33638,39,60,2
clan_14426,clan_29619,39,60,2
clan_24641,clan_12344,39,60,2
clan_19135,clan_41195,39,60,2
clan_25661,clan_18449,39,60,2
clan_5300,clan_15195,39,60,2
clan_10271,clan_41806,39,60,2
clan_5138,clan_23395,39,60,2
clan_13475,clan_41804,39,60,2
clan_30638,clan_31760,39,60,2
clan_11319,clan_12688,39,60,2
clan_34963,clan_42524,39,60,2
clan_33511,clan_35206,39,60,2
clan_14861,clan_32992,39,60,2
clan_23026,clan_31472,39,60,2
clan_39096,clan_153,39,60,2
clan_31960,clan_16172,39,60,2
clan_14317,clan_6183,39,60,2
clan_27770,clan_39738,39,60,2
clan_839,clan_43196,39,60,2
clan_20237,clan_37438,39,60,2
clan_5527,clan_34799,39,60,2
clan_4819,clan_3895,39,60,2
clan_11302,clan_29071,39,60,2
clan_13826,clan_4079,39,60,2
clan_43368,clan_44677,39,60,2
clan_15055,clan_12271,39,60,2
clan_20254,clan_30936,39,60,2
clan_23469,clan_10750,39,60,2
clan_16807,clan_36277,39,60,2
clan_2724,clan_23101,39,60,2
clan_31422,clan_37582,39,60,2
clan_47376,clan_1725,39,60,2
clan_34813,clan_31875,39,60,2
clan_27190,clan_19861,39,60,2
clan_32984,clan_35758,39,60,2
clan_32175,clan_42374,39,60,2
clan_48071,clan_46889,39,60,2
clan_38334,clan_36100,39,60,2
clan_41868,clan_44474,39,60,2
clan_26510,clan_39010,39,60,2
clan_9065,clan_27956,39,60,2
clan_41952,clan_36181,39,60,2
clan_17505,clan_36225,39,60,2
clan_35640,clan_41063,39,60,2
clan_36720,clan_37578,39,60,2
clan_37893,clan_13302,39,60,2
clan_8579,clan_26162,39,60,2
clan_8725,clan_15272,39,60,2
clan_13599,clan_30536,39,60,2
clan_31953,clan_12105,39,60,2
clan_8987,clan_37714,39,60,2
clan_2784,clan_36775,39,60,2
clan_41125,clan_45653,39,60,2
clan_19422,clan_22743,39,60,2
clan_45115,clan_729,39,60,2
clan_18653,clan_16658,39,62,2
clan_18761,clan_33250,39,62,2
clan_39427,clan_11633,39,62,2
clan_11677,clan_11045,39,62,2
clan_14138,clan_30105,39,62,2
clan_33801,clan_10967,39,62,2
clan_25027,clan_32509,39,62,2
clan_16034,clan_10273,39,62,2
clan_40268,clan_35331,39,62,2
clan_35639,clan_24861,39,62,2
clan_1168,clan_495,39,62,2
clan_3417,clan_4745,39,62,2
clan_24223,clan_32250,39,62,2
clan_34225,clan_41248,39,62,2
clan_18367,clan_43471,39,62,2
clan_31701,clan_7949,39,62,2
clan_44238,clan_42824,39,62,2
clan_25330,clan_25979,39,62,2
clan_24088,clan_11338,39,62,2
clan_11859,clan_25206,39,62,2
clan_16992,clan_6663,39,62,2
clan_35325,clan_45154,39,62,2
clan_15137,clan_31981,39,62,2
clan_12384,clan_15396,39,62,2
clan_19173,clan_37142,39,62,2
clan_33289,clan_42074,39,62,2
clan_19716,clan_1232,39,62,2
clan_24043,clan_22641,39,62,2
clan_29732,clan_20917,39,62,2
clan_37629,clan_38853,39,62,2
clan_10016,clan_14690,39,62,2
clan_25328,clan_26564,39,62,2
clan_18627,clan_25034,39,62,2
clan_11023,clan_22808,39,62,2
clan_40898,clan_4259,39,62,2
clan_12953,clan_40140,39,62,2
clan_297,clan_18085,39,62,2
clan_30342,clan_40854,39,63,2
clan_38852,clan_44478,39,63,2
clan_27805,clan_38133,39,63,2
clan_27760,clan_6833,39,63,2
clan_18437,clan_43001,39,63,2
clan_45542,clan_2224,39,63,2
clan_9094,clan_30868,39,63,2
clan_13075,clan_44935,39,63,2
clan_42476,clan_18693,39,63,2
clan_12056,clan_37747,39,63,2
clan_46723,clan_6738,39,63,2
clan_20794,clan_3487,39,63,2
clan_47459,clan_1460,39,63,2
clan_38949,clan_40121,39,63,2
clan_26913,clan_33731,39,63,2
clan_48239,clan_1912,39,63,2
clan_39522,clan_43535,39,63,2
clan_1846,clan_47917,39,63,2
clan_2024,clan_31014,39,63,2
clan_33022,clan_6789,39,63,2
clan_18195,clan_21788,39,63,2
clan_38762,clan_38220,39,63,2
clan_44318,clan_41278,39,63,2
clan_45531,clan_35265,39,63,2
clan_28721,clan_35448,39,63,2
clan_38204,clan_1236,39,63,2
clan_45334,clan_23262,39,63,2
clan_45683,clan_43802,39,63,2
clan_38646,clan_48469,39,63,2
clan_43316,clan_44855,39,63,2
clan_1429,clan_47647,39,63,2
clan_42493,clan_42284,39,63,2
clan_20164,clan_31482,39,63,2
clan_998,clan_43226,39,63,2
clan_31203,clan_14352,39,63,2
clan_14170,clan_42936,39,63,2
clan_17524,clan_10370,39,63,2
clan_17848,clan_25489,39,63,2
clan_46919,clan_42882,39,63,2
clan_41050,clan_41902,39,63,2
clan_32713,clan_26540,39,63,2
clan_16575,clan_38818,39,63,2
clan_40931,clan_38379,39,63,2
clan_41279,clan_25344,39,63,2
clan_5391,clan_34289,39,63,2
clan_14454,clan_28236,39,63,2
clan_39111,clan_34266,39,63,2
clan_10818,clan_20488,39,63,2
clan_30234,clan_11514,39,63,2
clan_37413,clan_9522,39,63,2
clan_32345,clan_24830,39,63,2
clan_35751,clan_34319,39,63,2
clan_47893,clan_1192,39,63,2
clan_30816,clan_43158,39,63,2
clan_28279,clan_15793,39,63,2
clan_27035,clan_22524,39,63,2
clan_18706,clan_29559,39,63,2
clan_33267,clan_25405,39,63,2
clan_45248,clan_44839,39,63,2
clan_10921,clan_29269,39,63,2
clan_31148,clan_15766,39,63,2
clan_35011,clan_18351,39,63,2
clan_11800,clan_33143,39,63,2
clan_10456,clan_29056,39,63,2
clan_16067,clan_27631,39,63,2
clan_42390,clan_43126,39,63,2
clan_34705,clan_32275,39,63,2
clan_34468,clan_19770,39,63,2
clan_26021,clan_25681,39,63,2
clan_33964,clan_38318,39,63,2
clan_29002,clan_40405,39,63,2
clan_24484,clan_15801,39,63,2
clan_21366,clan_15887,39,63,2
clan_4588,clan_25832,39,63,2
clan_768,clan_3468,39,63,2
clan_11937,clan_40044,39,63,2
clan_41306,clan_46436,39,63,2
clan_18388,clan_18259,39,63,2
clan_21738,clan_15221,39,63,2
clan_2149,clan_42460,39,63,2
clan_41872,clan_1415,39,63,2
clan_22408,clan_11162,39,63,2
clan_39136,clan_788,39,63,2
clan_31696,clan_34716,39,63,2
clan_29389,clan_37218,39,63,2
clan_5450,clan_13038,39,63,2
clan_459,clan_40056,39,63,2
clan_19177,clan_2997,39,63,2
clan_29358,clan_32018,39,63,2
clan_42929,clan_947,39,63,2
clan_4288,clan_40228,39,63,2
clan_26845,clan_47054,39,63,2
clan_43121,clan_42276,39,63,2
clan_47532,clan_41325,39,63,2
clan_35411,clan_36570,39,63,2
clan_43543,clan_48146,39,63,2
clan_35107,clan_47646,39,63,2
clan_44441,clan_43058,39,63,2
clan_2064,clan_38138,39,63,2
clan_46825,clan_40610,39,63,2
clan_24545,clan_37141,39,63,2
clan_1296,clan_18052,39,63,2
clan_7080,clan_29839,39,63,2
clan_45238,clan_44750,39,63,2
clan_13141,clan_40569,39,63,2
clan_7786,clan_8659,39,63,2
clan_38380,clan_34156,39,63,2
clan_20964,clan_19500,39,63,2
clan_41983,clan_20510,39,63,2
clan_33724,clan_39693,39,63,2
clan_42442,clan_34185,39,63,2
clan_4771,clan_6706,39,63,2
clan_17966,clan_30521,39,63,2
clan_14325,clan_6676,39,64,2
clan_22317,clan_19788,39,64,2
clan_14132,clan_10192,39,64,2
clan_34191,clan_46118,39,65,2
clan_30482,clan_22803,39,65,2
clan_28801,clan_27375,39,65,2
clan_32958,clan_12140,39,65,2
clan_37090,clan_22851,39,65,2
clan_9071,clan_21468,39,65,2
clan_9038,clan_15653,39,65,2
clan_27512,clan_29406,39,65,2
clan_8738,clan_24298,39,65,2
clan_8235,clan_37833,39,65,2
clan_45003,clan_42646,39,65,2
clan_32555,clan_3666,39,65,2
clan_2445,clan_31815,39,65,2
clan_1977,clan_34622,39,65,2
clan_1613,clan_43378,39,65,2
clan_32750,clan_8506,39,65,2
clan_31930,clan_35004,39,65,2
clan_19529,clan_23937,39,65,2
clan_40043,clan_48262,39,65,2
clan_45348,clan_42673,39,65,2
clan_46346,clan_46826,39,65,2
clan_9356,clan_23935,39,65,2
clan_7998,clan_18094,39,65,2
clan_34180,clan_40127,39,66,2
clan_4148,clan_14535,39,66,2
clan_25871,clan_42115,39,66,2
clan_4826,clan_33899,39,66,2
clan_48261,clan_29341,39,66,2
clan_21591,clan_40238,39,66,2
clan_23462,clan_23152,39,66,2
clan_10752,clan_30516,39,66,2
clan_46548,clan_43060,39,66,2
clan_44007,clan_38509,39,66,2
clan_8698,clan_40821,39,66,2
clan_39002,clan_1936,39,66,2
clan_28009,clan_33128,39,66,2
clan_21182,clan_32109,39,66,2
clan_46474,clan_34193,39,66,2
clan_31945,clan_20051,39,66,2
clan_26210,clan_41253,39,66,2
clan_35519,clan_45485,39,66,2
clan_28179,clan_37217,39,66,2
clan_11232,clan_17996,39,66,2
clan_43376,clan_47464,39,66,2
clan_27058,clan_27530,39,66,2
clan_35589,clan_42051,39,66,2
clan_40187,clan_43919,39,66,2
clan_36794,clan_41578,39,66,2
clan_12733,clan_32298,39,66,2
clan_41917,clan_827,39,66,2
clan_23158,clan_44695,39,66,2
clan_8642,clan_6246,39,66,2
clan_683,clan_41424,39,66,2
clan_17152,clan_44285,39,66,2
clan_38346,clan_39158,39,66,2
clan_33792,clan_39327,39,66,2
clan_46288,clan_34842,39,66,2
clan_5480,clan_39483,39,66,2
clan_4345,clan_36542,39,66,2
clan_14434,clan_38166,39,66,2
clan_43238,clan_45293,39,66,2
clan_28903,clan_42053,39,66,2
clan_47,clan_41340,39,66,2
clan_1856,clan_1858,39,66,2
clan_40298,clan_31107,39,66,2
clan_47283,clan_45188,39,66,2
clan_47047,clan_48325,39,66,2
clan_19192,clan_23008,39,66,2
clan_26333,clan_34978,39,66,2
clan_40660,clan_909,39,66,2
clan_41178,clan_40803,39,66,2
clan_38997,clan_41532,39,66,2
clan_12897,clan_40532,39,66,2
clan_34202,clan_47627,39,66,2
clan_18260,clan_31991,39,66,2
clan_44162,clan_2179,39,66,2
clan_42963,clan_45652,39,66,2
clan_26362,clan_40018,39,66,2
clan_44883,clan_43967,39,66,2
clan_12743,clan_23128,39,66,2
clan_14206,clan_21380,39,66,2
clan_21050,clan_24517,39,66,2
clan_45195,clan_43242,39,66,2
clan_30237,clan_2555,39,66,2
clan_27914,clan_13954,39,66,2
clan_18207,clan_24003,39,66,2
clan_41426,clan_31138,39,66,2
clan_35175,clan_14686,39,66,2
clan_21020,clan_20226,39,66,2
clan_16432,clan_797,39,66,2
clan_16592,clan_23087,39,66,2
clan_34248,clan_32320,39,66,2
clan_27747,clan_35971,39,66,2
clan_47092,clan_144,39,66,2
clan_46328,clan_47314,39,66,2
clan_14988,clan_29220,39,66,2
clan_26678,clan_27584,39,66,2
clan_26778,clan_21089,39,66,2
clan_34029,clan_35085,39,66,2
clan_47348,clan_12970,39,66,2
clan_30587,clan_33240,39,66,2
clan_4441,clan_18027,39,66,2
clan_18180,clan_41122,39,66,2
clan_10102,clan_35365,39,66,2
clan_39908,clan_29333,39,66,2
clan_933,clan_833,39,66,2
clan_48276,clan_48362,39,66,2
clan_32451,clan_36537,39,66,2
clan_33218,clan_41805,39,66,2
clan_39604,clan_42439,39,66,2
clan_1091,clan_48363,39,66,2
clan_20080,clan_11102,39,66,2
clan_19281,clan_19550,39,66,2
clan_1266,clan_33760,39,66,2
clan_15759,clan_5850,39,66,2
clan_2050,clan_35385,39,66,2
clan_36729,clan_8117,39,66,2
clan_43540,clan_44255,39,66,2
clan_33238,clan_38893,39,66,2
clan_15064,clan_15069,39,66,2
clan_30440,clan_38585,39,66,2
clan_21787,clan_37046,39,66,2
clan_47048,clan_41996,39,66,2
clan_2433,clan_2641,39,66,2
clan_326,clan_34169,39,66,2
clan_23458,clan_13567,39,66,2
clan_25892,clan_29447,39,66,2
clan_10980,clan_24960,39,66,2
clan_4295,clan_21819,39,66,2
clan_592,clan_32792,39,66,2
clan_32619,clan_45913,39,66,2
clan_47339,clan_46810,39,66,2
clan_29628,clan_4827,39,66,2
clan_13987,clan_11373,39,66,2
clan_19130,clan_38275,39,66,2
clan_38913,clan_28598,39,66,2
clan_26597,clan_36953,39,66,2
clan_48398,clan_47760,39,66,2
clan_45662,clan_43099,39,66,2
clan_34498,clan_42659,39,66,2
clan_25130,clan_23174,39,66,2
clan_16555,clan_47050,39,66,2
clan_12487,clan_21515,39,66,2
clan_37103,clan_30870,39,66,2
clan_11278,clan_23486,39,66,2
clan_1915,clan_37524,39,66,2
clan_46647,clan_47176,39,66,2
clan_19881,clan_19853,39,66,2
clan_45960,clan_46212,39,66,2
clan_33658,clan_24387,39,66,2
clan_37160,clan_6601,39,66,2
clan_35669,clan_39170,39,66,2
clan_31814,clan_9734,39,66,2
clan_22594,clan_20341,39,66,2
clan_29801,clan_47608,39,66,2
clan_46591,clan_47820,39,66,2
clan_25553,clan_36660,39,66,2
clan_15291,clan_40424,39,66,2
clan_38710,clan_42275,39,66,2
clan_38404,clan_46822,39,66,2
clan_22003,clan_5707,39,66,2
clan_11672,clan_12792,39,66,2
clan_45898,clan_45540,39,66,2
clan_12410,clan_28586,39,66,2
clan_3025,clan_18801,39,66,2
clan_41977,clan_43487,39,66,2
clan_41326,clan_46812,39,66,2
clan_23012,clan_13901,39,66,2
clan_23355,clan_31553,39,66,2
clan_5399,clan_7361,39,66,2
clan_19547,clan_15712,39,66,2
clan_46605,clan_2888,39,66,2
clan_25608,clan_41962,39,66,2
clan_47119,clan_48516,39,66,2
clan_45406,clan_46685,39,66,2
clan_36834,clan_37237,39,66,2
clan_36983,clan_43966,39,66,2
clan_29676,clan_31023,39,66,2
clan_36863,clan_35545,39,66,2
clan_22981,clan_37302,39,66,2
clan_46219,clan_40631,39,66,2
clan_34614,clan_33993,39,66,2
clan_21060,clan_5667,39,66,2
clan_39481,clan_46553,39,66,2
clan_47186,clan_47526,39,66,2
clan_33657,clan_29027,39,66,2
clan_18590,clan_9919,39,66,2
clan_7957,clan_24692,39,66,2
clan_13121,clan_47808,39,66,2
clan_20761,clan_4024,39,66,2
clan_42292,clan_32496,39,66,2
clan_36993,clan_42150,39,66,2
clan_44618,clan_37761,39,66,2
clan_35701,clan_1013,39,66,2
clan_38771,clan_40353,39,66,2
clan_9556,clan_45921,39,66,2
clan_42677,clan_42127,39,66,2
clan_35149,clan_39889,39,66,2
clan_3615,clan_31301,39,66,2
clan_1399,clan_44025,39,66,2
clan_26754,clan_38678,39,66,2
clan_34869,clan_35508,39,66,2
clan_4393,clan_28622,39,66,2
clan_32915,clan_44553,39,66,2
clan_18458,clan_22277,39,68,2
clan_46218,clan_48137,39,68,2
clan_2611,clan_29290,39,69,2
clan_44961,clan_740,39,69,2
clan_41797,clan_46536,39,69,2
clan_40488,clan_36651,39,70,2
clan_32537,clan_1708,39,71,2
clan_2300,clan_728,39,72,2
clan_791,clan_634,39,75,2
clan_48504,clan_47632,39,75,2
clan_722,clan_105,39,78,2
clan_48476,clan_48012,39,78,2
clan_47881,clan_98,39,79,2
clan_24423,clan_15351,40,25,1
clan_8402,clan_4249,40,26,1
clan_4285,clan_5414,40,27,1
clan_10589,clan_4419,40,30,1
clan_27416,clan_6913,40,31,1
clan_19267,clan_32603,40,31,1
clan_11397,clan_11928,40,32,1
clan_37462,clan_19313,40,32,1
clan_8390,clan_21783,40,33,1
clan_3208,clan_4584,40,33,1
clan_35638,clan_8558,40,34,1
clan_16395,clan_18713,40,35,1
clan_31158,clan_20404,40,35,1
clan_2942,clan_12918,40,35,1
clan_3567,clan_9607,40,35,1
clan_7285,clan_22584,40,36,1
clan_33778,clan_34637,40,36,1
clan_10713,clan_17280,40,36,1
clan_14820,clan_19936,40,36,1
clan_14355,clan_3091,40,36,1
clan_11789,clan_4133,40,37,1
clan_13671,clan_13631,40,37,1
clan_10517,clan_3165,40,37,1
clan_19737,clan_14155,40,37,1
clan_6655,clan_16457,40,37,1
clan_23270,clan_2714,40,37,1
clan_22889,clan_15261,40,37,1
clan_16578,clan_15025,40,38,1
clan_17908,clan_16980,40,38,1
clan_9066,clan_6052,40,38,1
clan_11414,clan_4590,40,38,1
clan_20686,clan_20064,40,39,1
clan_38000,clan_45349,40,39,1
clan_17727,clan_25401,40,39,1
clan_38095,clan_41344,40,39,1
clan_10778,clan_18611,40,39,1
clan_2903,clan_7153,40,39,1
clan_6718,clan_17007,40,41,2
clan_13276,clan_19773,40,41,2
clan_2701,clan_8628,40,41,2
clan_20295,clan_9564,40,41,2
clan_13024,clan_17527,40,41,2
clan_38747,clan_15408,40,42,2
clan_15065,clan_12454,40,42,2
clan_36254,clan_35789,40,42,2
clan_11411,clan_12199,40,42,2
clan_6281,clan_10055,40,42,2
clan_34113,clan_1010,40,42,2
clan_38923,clan_42675,40,42,2
clan_8283,clan_8093,40,42,2
clan_24702,clan_13874,40,42,2
clan_12612,clan_11097,40,43,2
clan_16025,clan_23755,40,43,2
clan_15138,clan_21277,40,44,2
clan_11979,clan_29520,40,44,2
clan_15995,clan_27029,40,44,2
clan_31008,clan_20722,40,44,2
clan_16914,clan_11326,40,44,2
clan_17653,clan_18705,40,44,2
clan_24307,clan_22013,40,45,2
clan_2161,clan_23905,40,45,2
clan_33965,clan_31599,40,45,2
clan_19009,clan_33555,40,45,2
clan_15971,clan_24943,40,45,2
clan_18009,clan_5349,40,45,2
clan_26693,clan_27870,40,45,2
clan_22378,clan_9747,40,45,2
clan_22258,clan_5807,40,45,2
clan_9813,clan_1275,40,46,2
clan_7578,clan_7630,40,46,2
clan_7797,clan_9322,40,46,2
clan_3116,clan_7545,40,46,2
clan_18669,clan_27102,40,46,2
clan_35108,clan_38579,40,47,2
clan_2415,clan_11652,40,47,2
clan_8563,clan_10415,40,47,2
clan_34735,clan_3611,40,47,2
clan_3602,clan_8605,40,47,2
clan_16452,clan_2642,40,47,2
clan_15861,clan_18340,40,47,2
clan_16864,clan_5396,40,47,2
clan_3744,clan_29491,40,47,2
clan_25450,clan_29928,40,47,2
clan_40285,clan_30350,40,47,2
clan_38850,clan_46978,40,48,2
clan_14396,clan_1875,40,48,2
clan_14539,clan_15188,40,48,2
clan_36078,clan_28581,40,48,2
clan_41223,clan_1759,40,48,2
clan_2581,clan_11628,40,48,2
clan_46378,clan_39643,40,48,2
clan_10323,clan_9842,40,48,2
clan_4058,clan_20642,40,48,2
clan_16225,clan_9319,40,48,2
clan_38674,clan_31019,40,48,2
clan_15001,clan_30957,40,49,2
clan_27291,clan_26066,40,49,2
clan_25582,clan_9059,40,49,2
clan_1683,clan_47011,40,50,2
clan_29618,clan_16199,40,50,2
clan_11816,clan_14368,40,50,2
clan_22373,clan_18610,40,50,2
clan_41276,clan_36990,40,50,2
clan_42367,clan_48153,40,50,2
clan_10361,clan_10814,40,50,2
clan_1438,clan_24562,40,50,2
clan_8024,clan_2775,40,50,2
clan_32422,clan_40491,40,50,2
clan_40976,clan_45808,40,50,2
clan_2904,clan_28322,40,50,2
clan_42370,clan_21214,40,51,2
clan_4581,clan_23989,40,51,2
clan_11140,clan_23957,40,51,2
clan_14516,clan_13268,40,51,2
clan_21360,clan_19568,40,51,2
clan_5491,clan_26110,40,51,2
clan_19674,clan_30958,40,51,2
clan_14854,clan_36093,40,51,2
clan_22073,clan_39646,40,51,2
clan_46220,clan_35105,40,51,2
clan_4810,clan_10759,40,52,2
clan_15238,clan_15681,40,52,2
clan_40155,clan_37791,40,52,2
clan_14182,clan_42868,40,52,2
clan_18805,clan_23566,40,52,2
clan_19282,clan_9766,40,52,2
clan_15479,clan_19700,40,52,2
clan_25807,clan_23057,40,52,2
clan_14448,clan_27448,40,53,2
clan_21911,clan_38871,40,53,2
clan_16921,clan_10760,40,53,2
clan_25057,clan_23507,40,53,2
clan_24975,clan_29915,40,53,2
clan_6724,clan_21099,40,53,2
clan_35115,clan_13082,40,53,2
clan_16783,clan_36265,40,53,2
clan_10920,clan_29611,40,53,2
clan_33239,clan_43224,40,54,2
clan_26074,clan_29551,40,54,2
clan_29155,clan_40200,40,54,2
clan_39968,clan_31022,40,54,2
clan_8393,clan_16406,40,54,2
clan_42153,clan_24100,40,54,2
clan_25272,clan_9676,40,54,2
clan_17054,clan_31432,40,54,2
clan_25428,clan_3466,40,54,2
clan_19093,clan_16881,40,54,2
clan_39286,clan_32069,40,54,2
clan_15243,clan_38661,40,54,2
clan_27745,clan_33701,40,54,2
clan_15596,clan_17798,40,55,2
clan_21228,clan_14974,40,56,2
clan_12086,clan_18380,40,56,2
clan_30785,clan_31975,40,56,2
clan_41484,clan_39398,40,57,2
clan_22943,clan_7228,40,57,2
clan_19909,clan_16675,40,57,2
clan_38175,clan_41674,40,57,2
clan_5508,clan_21495,40,58,2
clan_16471,clan_11942,40,58,2
clan_20847,clan_33976,40,59,2
clan_23664,clan_5219,40,60,2
clan_14800,clan_23863,40,60,2
clan_17681,clan_10823,40,60,2
clan_17234,clan_23524,40,60,2
clan_29667,clan_15908,40,60,2
clan_43571,clan_46703,40,60,2
clan_1402,clan_47355,40,60,2
clan_27645,clan_31895,40,60,2
clan_37975,clan_37788,40,60,2
clan_32678,clan_41498,40,60,2
clan_904,clan_404,40,89,2
clan_13444,clan_4944,41,18,1
clan_6819,clan_8749,41,29,1
clan_12797,clan_4754,41,30,1
clan_6384,clan_11534,41,31,1
clan_22793,clan_10749,41,32,1
clan_25225,clan_7809,41,33,1
clan_4223,clan_12692,41,33,1
clan_11502,clan_11449,41,34,1
clan_46544,clan_39016,41,35,1
clan_22376,clan_11157,41,35,1
clan_13264,clan_18109,41,35,1
clan_13328,clan_22320,41,35,1
clan_30807,clan_2785,41,35,1
clan_5831,clan_22782,41,35,1
clan_21333,clan_4747,41,36,1
clan_19015,clan_12414,41,36,1
clan_11960,clan_22389,41,36,1
clan_27287,clan_6232,41,36,1
clan_28482,clan_21024,41,36,1
clan_13683,clan_6030,41,37,1
clan_32580,clan_29180,41,37,1
clan_26343,clan_12466,41,37,1
clan_19801,clan_26032,41,37,1
clan_20173,clan_13969,41,38,1
clan_17450,clan_26102,41,38,1
clan_34302,clan_37744,41,38,1
clan_12881,clan_16618,41,38,1
clan_11154,clan_19918,41,38,1
clan_23411,clan_15084,41,39,1
clan_28507,clan_18896,41,39,1
clan_29134,clan_38536,41,39,1
clan_39265,clan_40388,41,39,1
clan_549,clan_28613,41,39,1
clan_35010,clan_12278,41,39,1
clan_3092,clan_6017,41,39,1
clan_13717,clan_27719,41,39,1
clan_46211,clan_278,41,40,1
clan_32094,clan_22406,41,40,1
clan_46366,clan_43637,41,42,2
clan_2940,clan_15578,41,42,2
clan_24020,clan_12168,41,42,2
clan_18348,clan_20143,41,42,2
clan_28914,clan_21627,41,42,2
clan_40895,clan_25279,41,42,2
clan_29763,clan_45980,41,42,2
clan_3504,clan_19381,41,42,2
clan_3500,clan_14617,41,42,2
clan_10211,clan_23656,41,43,2
clan_22006,clan_14025,41,43,2
clan_9177,clan_15314,41,43,2
clan_28047,clan_28958,41,43,2
clan_4356,clan_6973,41,43,2
clan_36818,clan_22503,41,43,2
clan_20537,clan_5035,41,43,2
clan_4100,clan_13950,41,43,2
clan_307,clan_34105,41,43,2
clan_16119,clan_18699,41,44,2
clan_11593,clan_7882,41,44,2
clan_34292,clan_40016,41,44,2
clan_34304,clan_24104,41,44,2
clan_45161,clan_40088,41,44,2
clan_19253,clan_26460,41,44,2
clan_43762,clan_789,41,44,2
clan_10283,clan_16449,41,44,2
clan_46676,clan_30249,41,44,2
clan_6861,clan_31672,41,44,2
clan_17746,clan_42088,41,44,2
clan_29182,clan_7995,41,44,2
clan_47522,clan_31024,41,44,2
clan_36308,clan_31070,41,44,2
clan_13458,clan_10885,41,44,2
clan_19725,clan_19947,41,44,2
clan_34841,clan_39499,41,44,2
clan_30290,clan_38545,41,45,2
clan_27286,clan_23588,41,45,2
clan_4798,clan_19821,41,45,2
clan_29380,clan_21938,41,45,2
clan_19190,clan_2594,41,45,2
clan_7046,clan_12885,41,45,2
clan_13323,clan_23061,41,45,2
clan_23282,clan_32901,41,45,2
clan_15371,clan_15090,41,45,2
clan_42441,clan_28477,41,45,2
clan_5049,clan_22175,41,45,2
clan_47012,clan_47817,41,45,2
clan_35721,clan_19083,41,45,2
clan_46204,clan_48283,41,45,2
clan_22417,clan_6141,41,46,2
clan_32488,clan_37663,41,46,2
clan_23911,clan_34110,41,46,2
clan_26544,clan_35049,41,47,2
clan_2000,clan_20831,41,47,2
clan_6279,clan_12152,41,47,2
clan_46120,clan_41126,41,47,2
clan_10330,clan_13114,41,47,2
clan_32672,clan_31620,41,47,2
clan_28347,clan_4059,41,47,2
clan_36001,clan_5053,41,47,2
clan_35579,clan_48016,41,47,2
clan_14605,clan_38966,41,47,2
clan_16482,clan_26050,41,47,2
clan_23272,clan_18516,41,47,2
clan_36727,clan_33618,41,47,2
clan_20648,clan_19677,41,47,2
clan_35708,clan_32655,41,47,2
clan_28855,clan_11520,41,47,2
clan_7036,clan_6250,41,47,2
clan_29169,clan_14921,41,48,2
clan_12103,clan_40227,41,48,2
clan_29658,clan_4268,41,48,2
clan_40966,clan_40912,41,48,2
clan_37219,clan_30673,41,48,2
clan_19612,clan_37194,41,48,2
clan_15912,clan_16273,41,48,2
clan_21358,clan_19424,41,48,2
clan_25909,clan_19950,41,48,2
clan_27310,clan_13712,41,48,2
clan_46028,clan_46313,41,48,2
clan_35911,clan_8663,41,48,2
clan_7058,clan_4046,41,48,2
clan_27387,clan_14892,41,48,2
clan_36577,clan_18776,41,48,2
clan_3705,clan_25464,41,48,2
clan_6750,clan_39453,41,48,2
clan_28104,clan_25723,41,49,2
clan_24757,clan_27369,41,49,2
clan_21211,clan_23674,41,50,2
clan_38086,clan_34345,41,50,2
clan_37825,clan_35392,41,50,2
clan_27431,clan_22223,41,50,2
clan_20437,clan_31213,41,50,2
clan_1735,clan_30375,41,50,2
clan_24820,clan_4188,41,50,2
clan_5474,clan_39922,41,50,2
clan_2679,clan_9231,41,50,2
clan_43441,clan_48009,41,50,2
clan_40999,clan_35645,41,50,2
clan_38679,clan_7468,41,50,2
clan_19626,clan_25894,41,50,2
clan_25236,clan_33829,41,50,2
clan_5701,clan_8697,41,50,2
clan_13206,clan_3646,41,50,2
clan_29761,clan_29084,41,50,2
clan_47013,clan_38089,41,50,2
clan_4562,clan_27711,41,51,2
clan_26486,clan_21825,41,51,2
clan_32208,clan_14593,41,51,2
clan_45593,clan_32292,41,51,2
clan_27302,clan_23149,41,51,2
clan_4009,clan_6927,41,51,2
clan_3159,clan_35459,41,51,2
clan_1746,clan_18555,41,51,2
clan_45208,clan_48340,41,51,2
clan_2144,clan_1688,41,51,2
clan_16573,clan_27513,41,51,2
clan_46166,clan_1314,41,51,2
clan_554,clan_43957,41,51,2
clan_25089,clan_28290,41,51,2
clan_5647,clan_14821,41,51,2
clan_33140,clan_34628,41,51,2
clan_46049,clan_977,41,51,2
clan_20124,clan_18562,41,51,2
clan_28902,clan_23851,41,51,2
clan_10949,clan_13916,41,51,2
clan_2334,clan_19037,41,51,2
clan_24603,clan_17018,41,51,2
clan_15935,clan_9644,41,51,2
clan_12944,clan_7983,41,51,2
clan_3253,clan_29123,41,51,2
clan_11136,clan_3241,41,51,2
clan_1934,clan_4174,41,51,2
clan_40908,clan_8304,41,51,2
clan_37276,clan_32906,41,51,2
clan_21417,clan_9576,41,51,2
clan_30017,clan_14364,41,52,2
clan_7939,clan_26716,41,52,2
clan_11419,clan_25994,41,52,2
clan_13048,clan_16272,41,52,2
clan_7910,clan_5322,41,52,2
clan_18936,clan_20730,41,52,2
clan_11194,clan_27561,41,52,2
clan_29277,clan_26406,41,52,2
clan_10770,clan_25228,41,52,2
clan_23253,clan_15355,41,52,2
clan_32752,clan_32484,41,53,2
clan_9744,clan_2565,41,53,2
clan_2450,clan_23716,41,53,2
clan_22814,clan_33763,41,53,2
clan_34785,clan_43026,41,53,2
clan_41339,clan_39458,41,53,2
clan_10191,clan_22023,41,53,2
clan_33980,clan_20928,41,53,2
clan_27325,clan_18894,41,53,2
clan_42875,clan_40377,41,53,2
clan_17226,clan_11847,41,53,2
clan_12480,clan_43056,41,53,2
clan_32317,clan_43492,41,53,2
clan_9539,clan_18471,41,53,2
clan_33410,clan_33656,41,53,2
clan_1050,clan_4284,41,53,2
clan_39707,clan_40874,41,53,2
clan_7993,clan_22201,41,54,2
clan_16855,clan_28079,41,54,2
clan_44452,clan_45511,41,54,2
clan_22689,clan_4400,41,54,2
clan_24667,clan_12051,41,54,2
clan_31041,clan_34170,41,54,2
clan_17141,clan_25091,41,54,2
clan_1544,clan_45453,41,54,2
clan_13370,clan_9277,41,54,2
clan_44838,clan_43205,41,54,2
clan_4884,clan_21363,41,54,2
clan_39347,clan_45947,41,54,2
clan_15984,clan_17674,41,54,2
clan_16852,clan_39173,41,54,2
clan_23461,clan_35803,41,54,2
clan_35172,clan_23098,41,54,2
clan_34396,clan_43935,41,54,2
clan_38128,clan_41819,41,54,2
clan_38635,clan_42910,41,54,2
clan_39645,clan_41389,41,54,2
clan_33818,clan_46245,41,54,2
clan_35785,clan_23123,41,54,2
clan_12793,clan_23266,41,54,2
clan_42204,clan_41985,41,54,2
clan_10275,clan_10529,41,54,2
clan_5351,clan_24592,41,54,2
clan_39429,clan_39036,41,54,2
clan_48110,clan_45459,41,54,2
clan_42468,clan_43322,41,54,2
clan_2044,clan_47939,41,54,2
clan_16402,clan_32616,41,54,2
clan_3441,clan_28516,41,54,2
clan_7810,clan_7617,41,54,2
clan_35564,clan_7516,41,54,2
clan_41775,clan_43200,41,54,2
clan_29073,clan_26043,41,54,2
clan_48482,clan_19409,41,54,2
clan_30960,clan_34743,41,54,2
clan_40914,clan_43300,41,54,2
clan_30774,clan_12253,41,54,2
clan_28674,clan_31381,41,55,2
clan_24716,clan_29115,41,55,2
clan_9908,clan_25207,41,56,2
clan_25449,clan_21552,41,56,2
clan_23349,clan_44790,41,56,2
clan_1334,clan_47827,41,56,2
clan_44018,clan_44155,41,56,2
clan_30979,clan_22137,41,56,2
clan_29278,clan_31979,41,56,2
clan_1284,clan_912,41,56,2
clan_9081,clan_23084,41,56,2
clan_47865,clan_46960,41,56,2
clan_35942,clan_44083,41,56,2
clan_11263,clan_30001,41,56,2
clan_45642,clan_42383,41,56,2
clan_19911,clan_17142,41,57,2
clan_20059,clan_22207,41,57,2
clan_7349,clan_34559,41,57,2
clan_35382,clan_42712,41,57,2
clan_30156,clan_38218,41,57,2
clan_43678,clan_47765,41,57,2
clan_11887,clan_8591,41,57,2
clan_35363,clan_5338,41,57,2
clan_24093,clan_12385,41,57,2
clan_33057,clan_15553,41,57,2
clan_21095,clan_17590,41,57,2
clan_26225,clan_3137,41,57,2
clan_22068,clan_6727,41,57,2
clan_6719,clan_18208,41,57,2
clan_43490,clan_40026,41,57,2
clan_9104,clan_6880,41,57,2
clan_44227,clan_39982,41,57,2
clan_5120,clan_46264,41,57,2
clan_18749,clan_2357,41,57,2
clan_16476,clan_22383,41,57,2
clan_18350,clan_3389,41,57,2
clan_31942,clan_18630,41,57,2
clan_1731,clan_17725,41,57,2
clan_47813,clan_38226,41,57,2
clan_14233,clan_37943,41,57,2
clan_29391,clan_15374,41,57,2
clan_9810,clan_31761,41,57,2
clan_43236,clan_43767,41,58,2
clan_20822,clan_16179,41,59,2
clan_16037,clan_17709,41,59,2
clan_34845,clan_42357,41,59,2
clan_44462,clan_38235,41,60,2
clan_9743,clan_15747,41,60,2
clan_12760,clan_5534,41,60,2
clan_2448,clan_26171,41,60,2
clan_24879,clan_37137,41,60,2
clan_12570,clan_27724,41,60,2
clan_39494,clan_27931,41,60,2
clan_18333,clan_18817,41,60,2
clan_38549,clan_24204,41,60,2
clan_45957,clan_46584,41,60,2
clan_3708,clan_16154,41,60,2
clan_2825,clan_10484,41,60,2
clan_5744,clan_38874,41,60,2
clan_27364,clan_38872,41,60,2
clan_35722,clan_1037,41,60,2
clan_7316,clan_14474,41,60,2
clan_8288,clan_26868,41,60,2
clan_31826,clan_25446,41,60,2
clan_19084,clan_4004,41,60,2
clan_5648,clan_32534,41,60,2
clan_14588,clan_28194,41,60,2
clan_22067,clan_7771,41,60,2
clan_48376,clan_23196,41,60,2
clan_35473,clan_2208,41,60,2
clan_1601,clan_48378,41,61,2
clan_36112,clan_43155,41,63,2
clan_40676,clan_38880,41,66,2
clan_45988,clan_1008,41,66,2
clan_47461,clan_48522,41,90,2
clan_11231,clan_18604,42,11,1
clan_16227,clan_10635,42,12,1
clan_6033,clan_12172,42,18,1
clan_11346,clan_11634,42,19,1
clan_36147,clan_25121,42,24,1
clan_9773,clan_10025,42,24,1
clan_20547,clan_9047,42,24,1
clan_5479,clan_34116,42,24,1
clan_3082,clan_2467,42,28,1
clan_7655,clan_23787,42,30,1
clan_18300,clan_34959,42,30,1
clan_28854,clan_23570,42,30,1
clan_43474,clan_32633,42,30,1
clan_18589,clan_19507,42,30,1
clan_33718,clan_11300,42,31,1
clan_24366,clan_6044,42,32,1
clan_5373,clan_5718,42,32,1
clan_12100,clan_17089,42,33,1
clan_31304,clan_17050,42,33,1
clan_13352,clan_24107,42,33,1
clan_5086,clan_17708,42,33,1
clan_7555,clan_5662,42,33,1
clan_5918,clan_10507,42,33,1
clan_8076,clan_23992,42,33,1
clan_4359,clan_23581,42,33,1
clan_16151,clan_15499,42,33,1
clan_9056,clan_20246,42,34,1
clan_24766,clan_21070,42,34,1
clan_34754,clan_44235,42,35,1
clan_37414,clan_37173,42,35,1
clan_8403,clan_23902,42,36,1
clan_2838,clan_5975,42,36,1
clan_19434,clan_32529,42,36,1
clan_42802,clan_35926,42,36,1
clan_22924,clan_29661,42,36,1
clan_9948,clan_17826,42,36,1
clan_16006,clan_30792,42,36,1
clan_24114,clan_22075,42,36,1
clan_20026,clan_21863,42,36,1
clan_34580,clan_34590,42,36,1
clan_21599,clan_15901,42,36,1
clan_2689,clan_19833,42,37,1
clan_33614,clan_10973,42,38,1
clan_25087,clan_39632,42,38,1
clan_10825,clan_10881,42,38,1
clan_24898,clan_4190,42,38,1
clan_9268,clan_7627,42,38,1
clan_26874,clan_18371,42,38,1
clan_22709,clan_30822,42,39,1
clan_45555,clan_34182,42,39,1
clan_2532,clan_29788,42,39,1
clan_6368,clan_5860,42,39,1
clan_32692,clan_28595,42,39,1
clan_3960,clan_3990,42,39,1
clan_20946,clan_20658,42,39,1
clan_13574,clan_18460,42,39,1
clan_16562,clan_7852,42,39,1
clan_43684,clan_47450,42,39,1
clan_9910,clan_25102,42,39,1
clan_34147,clan_27198,42,39,1
clan_8553,clan_16287,42,39,1
clan_4774,clan_25864,42,39,1
clan_10033,clan_17608,42,39,1
clan_5868,clan_18309,42,39,1
clan_17521,clan_30707,42,40,1
clan_31785,clan_34532,42,40,1
clan_45951,clan_156,42,40,1
clan_2681,clan_28019,42,40,1
clan_3257,clan_12827,42,40,1
clan_7707,clan_9069,42,40,1
clan_35101,clan_32793,42,40,1
clan_19217,clan_15781,42,41,1
clan_11037,clan_11820,42,41,1
clan_27897,clan_11330,42,41,1
clan_18538,clan_33230,42,41,1
clan_9710,clan_15907,42,41,1
clan_17797,clan_11343,42,41,1
clan_41475,clan_44277,42,41,1
clan_43424,clan_44648,42,41,1
clan_8406,clan_10811,42,41,1
clan_27716,clan_16268,42,41,1
clan_5999,clan_23380,42,41,1
clan_8444,clan_6674,42,41,1
clan_28311,clan_44789,42,41,1
clan_25993,clan_29227,42,41,1
clan_31038,clan_38449,42,41,1
clan_29586,clan_1459,42,41,1
clan_39857,clan_11919,42,41,1
clan_31097,clan_34777,42,41,1
clan_12428,clan_6885,42,41,1
clan_8075,clan_34865,42,43,2
clan_7747,clan_18954,42,43,2
clan_38160,clan_41597,42,43,2
clan_19404,clan_21303,42,43,2
clan_33755,clan_7684,42,43,2
clan_24730,clan_13520,42,43,2
clan_11707,clan_19260,42,43,2
clan_843,clan_47085,42,43,2
clan_21636,clan_8365,42,43,2
clan_5680,clan_17949,42,44,2
clan_14042,clan_17310,42,44,2
clan_19639,clan_6937,42,44,2
clan_17232,clan_35455,42,44,2
clan_9887,clan_16534,42,44,2
clan_36054,clan_34766,42,44,2
clan_24385,clan_23341,42,44,2
clan_28873,clan_4083,42,44,2
clan_22292,clan_9006,42,44,2
clan_15588,clan_36893,42,44,2
clan_4546,clan_6173,42,44,2
clan_13194,clan_26687,42,44,2
clan_19102,clan_37170,42,44,2
clan_37232,clan_41085,42,44,2
clan_34265,clan_27167,42,44,2
clan_1431,clan_46523,42,44,2
clan_28161,clan_35351,42,44,2
clan_18641,clan_43216,42,44,2
clan_30563,clan_15232,42,44,2
clan_38101,clan_48416,42,44,2
clan_3696,clan_28170,42,44,2
clan_35341,clan_43877,42,44,2
clan_12159,clan_23348,42,44,2
clan_21622,clan_35123,42,44,2
clan_29532,clan_7362,42,44,2
clan_4693,clan_3144,42,45,2
clan_39626,clan_39605,42,45,2
clan_44738,clan_46107,42,45,2
clan_23715,clan_37786,42,45,2
clan_8508,clan_1075,42,45,2
clan_39477,clan_44946,42,45,2
clan_25738,clan_28275,42,45,2
clan_25800,clan_7205,42,45,2
clan_29077,clan_16333,42,45,2
clan_32525,clan_41403,42,45,2
clan_29899,clan_42697,42,45,2
clan_15844,clan_35718,42,45,2
clan_18587,clan_10441,42,45,2
clan_10734,clan_11106,42,45,2
clan_19374,clan_5504,42,45,2
clan_5196,clan_11145,42,45,2
clan_9251,clan_14526,42,45,2
clan_2806,clan_16321,42,45,2
clan_31090,clan_11268,42,45,2
clan_34123,clan_7651,42,45,2
clan_13685,clan_9410,42,45,2
clan_10874,clan_12305,42,45,2
clan_3050,clan_10783,42,45,2
clan_8690,clan_7260,42,45,2
clan_10156,clan_15006,42,45,2
clan_25805,clan_9899,42,45,2
clan_13383,clan_10487,42,45,2
clan_19965,clan_2675,42,45,2
clan_18395,clan_13544,42,45,2
clan_42239,clan_40716,42,45,2
clan_43244,clan_25647,42,45,2
clan_39373,clan_2620,42,45,2
clan_29210,clan_19690,42,45,2
clan_4460,clan_2421,42,45,2
clan_5400,clan_2465,42,45,2
clan_12650,clan_19393,42,46,2
clan_39718,clan_8514,42,46,2
clan_41086,clan_38091,42,46,2
clan_14404,clan_19073,42,46,2
clan_8560,clan_16888,42,46,2
clan_8669,clan_11931,42,46,2
clan_5849,clan_13260,42,46,2
clan_14015,clan_7057,42,46,2
clan_34696,clan_22738,42,46,2
clan_32625,clan_18070,42,46,2
clan_27320,clan_22940,42,46,2
clan_24419,clan_13652,42,46,2
clan_19420,clan_18558,42,47,2
clan_8691,clan_35214,42,47,2
clan_1411,clan_42771,42,47,2
clan_46157,clan_785,42,47,2
clan_44709,clan_48532,42,47,2
clan_38905,clan_37790,42,47,2
clan_33858,clan_37909,42,47,2
clan_44359,clan_43170,42,47,2
clan_24511,clan_3039,42,47,2
clan_13965,clan_23792,42,47,2
clan_9824,clan_29688,42,47,2
clan_15449,clan_21128,42,47,2
clan_31389,clan_32207,42,48,2
clan_36533,clan_3529,42,48,2
clan_12033,clan_15651,42,48,2
clan_47581,clan_1366,42,48,2
clan_1283,clan_28086,42,48,2
clan_10432,clan_13521,42,48,2
clan_3755,clan_12538,42,48,2
clan_12873,clan_25379,42,48,2
clan_8490,clan_2880,42,48,2
clan_27477,clan_40214,42,48,2
clan_3961,clan_17976,42,48,2
clan_4567,clan_14334,42,48,2
clan_22624,clan_7921,42,48,2
clan_10766,clan_46370,42,48,2
clan_3031,clan_31400,42,48,2
clan_16386,clan_14046,42,48,2
clan_39886,clan_10239,42,48,2
clan_16495,clan_13589,42,48,2
clan_36479,clan_30618,42,48,2
clan_5362,clan_5132,42,48,2
clan_26641,clan_7980,42,48,2
clan_6642,clan_10852,42,48,2
clan_6267,clan_30254,42,48,2
clan_22178,clan_19171,42,48,2
clan_7271,clan_28808,42,48,2
clan_25610,clan_9028,42,48,2
clan_15047,clan_14216,42,48,2
clan_5165,clan_13285,42,48,2
clan_7266,clan_12230,42,48,2
clan_30119,clan_14926,42,48,2
clan_5565,clan_5206,42,48,2
clan_15210,clan_6339,42,48,2
clan_33941,clan_6124,42,48,2
clan_36151,clan_45932,42,48,2
clan_6864,clan_18520,42,48,2
clan_44236,clan_33322,42,48,2
clan_42730,clan_1447,42,48,2
clan_24288,clan_23183,42,48,2
clan_18121,clan_20941,42,48,2
clan_17642,clan_6287,42,48,2
clan_2108,clan_37063,42,48,2
clan_24837,clan_26588,42,48,2
clan_42850,clan_42756,42,48,2
clan_4321,clan_27213,42,48,2
clan_37363,clan_26583,42,48,2
clan_3358,clan_2613,42,48,2
clan_28268,clan_16672,42,48,2
clan_34747,clan_14,42,48,2
clan_4358,clan_34603,42,48,2
clan_22403,clan_2818,42,48,2
clan_10034,clan_28890,42,48,2
clan_33639,clan_44524,42,48,2
clan_46416,clan_45990,42,48,2
clan_38568,clan_23791,42,48,2
clan_25924,clan_18618,42,48,2
clan_38480,clan_29099,42,48,2
clan_16532,clan_11203,42,48,2
clan_23475,clan_33481,42,48,2
clan_5044,clan_10094,42,48,2
clan_7942,clan_4382,42,48,2
clan_31229,clan_25025,42,48,2
clan_9159,clan_24712,42,48,2
clan_22184,clan_2996,42,48,2
clan_15097,clan_29818,42,48,2
clan_43086,clan_28653,42,48,2
clan_37797,clan_45900,42,48,2
clan_40749,clan_45559,42,48,2
clan_6920,clan_16089,42,48,2
clan_28767,clan_19423,42,48,2
clan_9863,clan_22842,42,48,2
clan_39614,clan_42952,42,48,2
clan_9114,clan_13556,42,48,2
clan_10292,clan_15871,42,48,2
clan_29641,clan_38137,42,49,2
clan_38250,clan_35654,42,49,2
clan_10598,clan_30952,42,49,2
clan_8572,clan_25388,42,49,2
clan_13039,clan_19841,42,49,2
clan_8048,clan_8771,42,49,2
clan_22245,clan_30899,42,49,2
clan_20583,clan_18591,42,49,2
clan_2974,clan_16569,42,49,2
clan_24486,clan_27829,42,50,2
clan_17644,clan_5008,42,50,2
clan_33294,clan_7768,42,50,2
clan_47340,clan_47706,42,50,2
clan_43779,clan_46561,42,50,2
clan_10182,clan_38011,42,50,2
clan_35996,clan_29995,42,50,2
clan_25754,clan_38132,42,50,2
clan_22473,clan_27294,42,50,2
clan_14293,clan_23544,42,50,2
clan_13213,clan_17263,42,50,2
clan_21416,clan_2871,42,50,2
clan_48295,clan_42947,42,50,2
clan_48324,clan_36895,42,50,2
clan_30232,clan_36159,42,50,2
clan_28582,clan_8370,42,50,2
clan_14745,clan_1889,42,50,2
clan_44775,clan_2249,42,50,2
clan_33482,clan_35194,42,50,2
clan_6788,clan_9594,42,50,2
clan_3145,clan_14273,42,50,2
clan_7698,clan_33485,42,50,2
clan_41807,clan_43683,42,50,2
clan_4612,clan_16730,42,50,2
clan_43181,clan_39387,42,50,2
clan_18091,clan_14916,42,50,2
clan_21721,clan_31130,42,50,2
clan_29858,clan_5261,42,50,2
clan_38349,clan_4879,42,50,2
clan_40070,clan_41714,42,50,2
clan_38883,clan_31673,42,50,2
clan_5870,clan_14501,42,50,2
clan_3639,clan_17917,42,50,2
clan_3081,clan_30065,42,50,2
clan_16790,clan_5706,42,50,2
clan_6155,clan_21620,42,50,2
clan_34308,clan_34410,42,50,2
clan_31236,clan_17131,42,50,2
clan_13666,clan_13668,42,51,2
clan_41140,clan_45399,42,51,2
clan_13133,clan_21398,42,51,2
clan_21716,clan_6588,42,51,2
clan_23848,clan_17144,42,51,2
clan_8829,clan_1393,42,51,2
clan_15796,clan_23214,42,51,2
clan_26025,clan_32577,42,51,2
clan_27786,clan_46003,42,51,2
clan_6202,clan_15433,42,51,2
clan_5056,clan_3773,42,51,2
clan_40477,clan_25155,42,51,2
clan_17350,clan_18915,42,51,2
clan_18311,clan_19869,42,51,2
clan_10129,clan_28800,42,51,2
clan_13970,clan_10516,42,51,2
clan_31195,clan_31868,42,51,2
clan_43484,clan_37725,42,51,2
clan_15572,clan_18586,42,51,2
clan_36045,clan_29785,42,51,2
clan_45244,clan_46089,42,51,2
clan_37927,clan_41614,42,51,2
clan_10428,clan_40497,42,51,2
clan_10501,clan_21012,42,51,2
clan_15200,clan_46701,42,51,2
clan_6175,clan_37420,42,51,2
clan_17482,clan_3460,42,51,2
clan_28303,clan_24601,42,51,2
clan_43638,clan_46864,42,51,2
clan_27948,clan_19889,42,51,2
clan_37621,clan_39448,42,51,2
clan_12633,clan_23592,42,51,2
clan_1014,clan_1031,42,51,2
clan_9435,clan_33219,42,51,2
clan_15013,clan_41888,42,51,2
clan_23450,clan_3636,42,51,2
clan_36453,clan_27523,42,51,2
clan_40274,clan_37338,42,51,2
clan_12938,clan_9909,42,51,2
clan_34933,clan_42156,42,51,2
clan_18757,clan_17228,42,51,2
clan_22706,clan_3725,42,51,2
clan_79,clan_13959,42,51,2
clan_35736,clan_43896,42,51,2
clan_72,clan_443,42,51,2
clan_37830,clan_47948,42,51,2
clan_26555,clan_31919,42,51,2
clan_37901,clan_1127,42,51,2
clan_25137,clan_34358,42,51,2
clan_46480,clan_39691,42,51,2
clan_30800,clan_38773,42,51,2
clan_36215,clan_41836,42,51,2
clan_48558,clan_27054,42,51,2
clan_7256,clan_4853,42,51,2
clan_16240,clan_19065,42,51,2
clan_29239,clan_24046,42,51,2
clan_36010,clan_47240,42,51,2
clan_15237,clan_43320,42,51,2
clan_27004,clan_39184,42,51,2
clan_21256,clan_23803,42,51,2
clan_47362,clan_1604,42,51,2
clan_39362,clan_33556,42,51,2
clan_20070,clan_44165,42,51,2
clan_28638,clan_38117,42,51,2
clan_16178,clan_29439,42,51,2
clan_13612,clan_12063,42,51,2
clan_29537,clan_19498,42,51,2
clan_37036,clan_41870,42,51,2
clan_15471,clan_9393,42,51,2
clan_14942,clan_34237,42,51,2
clan_25616,clan_26567,42,51,2
clan_19497,clan_35535,42,51,2
clan_44212,clan_46948,42,51,2
clan_16894,clan_20854,42,51,2
clan_12780,clan_47302,42,51,2
clan_24187,clan_5383,42,51,2
clan_37558,clan_30810,42,51,2
clan_44369,clan_31607,42,51,2
clan_29451,clan_10738,42,51,2
clan_23898,clan_4121,42,51,2
clan_8327,clan_17739,42,51,2
clan_31265,clan_899,42,51,2
clan_26626,clan_30515,42,51,2
clan_13729,clan_18185,42,51,2
clan_36599,clan_25998,42,51,2
clan_20585,clan_37727,42,51,2
clan_5501,clan_14902,42,51,2
clan_5512,clan_6464,42,51,2
clan_45229,clan_41818,42,51,2
clan_46379,clan_46356,42,51,2
clan_37266,clan_25870,42,51,2
clan_27901,clan_34021,42,51,2
clan_29209,clan_38417,42,51,2
clan_41274,clan_43512,42,52,2
clan_20830,clan_16317,42,52,2
clan_11604,clan_22532,42,52,2
clan_524,clan_44770,42,52,2
clan_9953,clan_17066,42,52,2
clan_16846,clan_21928,42,52,2
clan_33082,clan_30557,42,52,2
clan_35150,clan_44481,42,52,2
clan_24946,clan_42248,42,52,2
clan_10003,clan_14463,42,52,2
clan_26993,clan_10723,42,52,2
clan_24244,clan_4366,42,53,2
clan_17907,clan_5415,42,53,2
clan_41127,clan_43566,42,53,2
clan_22723,clan_36808,42,53,2
clan_23814,clan_26504,42,53,2
clan_15009,clan_28857,42,53,2
clan_39554,clan_26117,42,53,2
clan_35737,clan_13284,42,53,2
clan_33318,clan_11615,42,53,2
clan_43077,clan_1119,42,53,2
clan_28856,clan_30894,42,53,2
clan_2659,clan_3478,42,53,2
clan_39432,clan_19650,42,53,2
clan_11286,clan_9597,42,53,2
clan_48379,clan_1279,42,53,2
clan_4066,clan_16603,42,53,2
clan_15197,clan_35164,42,53,2
clan_16490,clan_13364,42,53,2
clan_24333,clan_8792,42,53,2
clan_10042,clan_17429,42,53,2
clan_13053,clan_7253,42,53,2
clan_7616,clan_3158,42,53,2
clan_38446,clan_1562,42,53,2
clan_342,clan_29930,42,53,2
clan_24979,clan_23151,42,53,2
clan_33706,clan_27235,42,53,2
clan_41371,clan_44420,42,53,2
clan_1420,clan_48278,42,53,2
clan_47651,clan_42919,42,54,2
clan_16673,clan_15683,42,54,2
clan_8129,clan_30864,42,54,2
clan_34851,clan_27131,42,54,2
clan_4198,clan_25703,42,54,2
clan_38456,clan_40022,42,54,2
clan_14557,clan_26940,42,54,2
clan_36325,clan_37493,42,54,2
clan_44820,clan_45419,42,54,2
clan_13610,clan_45766,42,54,2
clan_19644,clan_35914,42,54,2
clan_39471,clan_658,42,54,2
clan_22645,clan_24597,42,54,2
clan_33383,clan_36251,42,54,2
clan_35456,clan_38401,42,54,2
clan_11142,clan_41573,42,54,2
clan_19477,clan_17209,42,54,2
clan_40691,clan_36801,42,54,2
clan_9579,clan_37855,42,54,2
clan_13096,clan_35403,42,54,2
clan_35856,clan_33499,42,54,2
clan_6628,clan_21485,42,54,2
clan_36527,clan_45742,42,54,2
clan_8241,clan_21558,42,54,2
clan_30160,clan_10937,42,54,2
clan_36498,clan_40632,42,54,2
clan_12876,clan_17010,42,54,2
clan_29285,clan_2006,42,54,2
clan_35767,clan_42274,42,54,2
clan_7632,clan_27888,42,54,2
clan_1005,clan_30641,42,54,2
clan_23843,clan_12848,42,54,2
clan_15834,clan_24232,42,54,2
clan_6421,clan_8251,42,54,2
clan_25842,clan_4975,42,54,2
clan_35249,clan_33310,42,54,2
clan_32464,clan_23532,42,54,2
clan_5836,clan_6288,42,54,2
clan_7007,clan_20638,42,54,2
clan_47521,clan_43081,42,54,2
clan_9846,clan_8229,42,54,2
clan_38961,clan_42219,42,54,2
clan_1509,clan_44690,42,54,2
clan_6863,clan_22575,42,54,2
clan_48101,clan_45911,42,54,2
clan_4294,clan_2762,42,54,2
clan_14563,clan_9479,42,54,2
clan_43983,clan_45481,42,54,2
clan_29093,clan_38890,42,54,2
clan_1369,clan_34212,42,54,2
clan_43691,clan_23307,42,54,2
clan_19117,clan_29119,42,54,2
clan_23810,clan_26288,42,54,2
clan_7994,clan_21933,42,54,2
clan_36196,clan_31829,42,54,2
clan_9840,clan_6432,42,54,2
clan_7335,clan_34125,42,54,2
clan_43843,clan_29405,42,54,2
clan_1826,clan_46940,42,54,2
clan_41704,clan_47298,42,54,2
clan_36167,clan_36224,42,54,2
clan_15725,clan_26441,42,54,2
clan_47323,clan_44814,42,54,2
clan_19303,clan_31475,42,54,2
clan_1922,clan_48187,42,54,2
clan_19834,clan_22365,42,54,2
clan_30529,clan_4033,42,54,2
clan_10372,clan_36885,42,54,2
clan_8485,clan_4394,42,54,2
clan_37937,clan_4060,42,54,2
clan_22334,clan_17866,42,54,2
clan_37092,clan_42482,42,54,2
clan_48552,clan_44836,42,54,2
clan_9816,clan_11983,42,54,2
clan_15555,clan_27447,42,54,2
clan_1809,clan_41364,42,54,2
clan_5741,clan_6498,42,54,2
clan_3638,clan_13871,42,54,2
clan_22315,clan_33089,42,54,2
clan_36738,clan_35919,42,54,2
clan_4199,clan_28340,42,54,2
clan_15285,clan_34102,42,54,2
clan_28776,clan_28521,42,54,2
clan_2016,clan_27209,42,54,2
clan_4679,clan_706,42,54,2
clan_16109,clan_25339,42,54,2
clan_7654,clan_14263,42,54,2
clan_251,clan_31748,42,54,2
clan_19759,clan_1002,42,54,2
clan_25625,clan_1671,42,54,2
clan_35177,clan_12421,42,54,2
clan_30616,clan_10777,42,54,2
clan_31998,clan_46006,42,54,2
clan_9306,clan_3992,42,54,2
clan_8421,clan_8557,42,54,2
clan_41005,clan_36741,42,54,2
clan_29945,clan_21249,42,54,2
clan_14372,clan_7426,42,54,2
clan_30654,clan_33749,42,54,2
clan_28308,clan_39317,42,54,2
clan_10891,clan_38565,42,54,2
clan_45283,clan_44185,42,54,2
clan_14160,clan_38225,42,54,2
clan_23840,clan_24074,42,54,2
clan_28365,clan_17575,42,54,2
clan_1667,clan_45735,42,54,2
clan_14912,clan_5499,42,54,2
clan_46727,clan_38245,42,54,2
clan_36576,clan_43152,42,54,2
clan_33553,clan_5578,42,54,2
clan_18995,clan_23786,42,54,2
clan_17034,clan_18441,42,54,2
clan_10523,clan_19753,42,54,2
clan_46733,clan_40527,42,54,2
clan_7542,clan_44424,42,54,2
clan_21295,clan_12044,42,54,2
clan_24349,clan_34779,42,54,2
clan_28775,clan_510,42,54,2
clan_29502,clan_23998,42,54,2
clan_22270,clan_2587,42,54,2
clan_33660,clan_36891,42,54,2
clan_15255,clan_6278,42,54,2
clan_11500,clan_25032,42,54,2
clan_27172,clan_22372,42,54,2
clan_11769,clan_43947,42,54,2
clan_1961,clan_40613,42,55,2
clan_106,clan_32596,42,55,2
clan_6226,clan_32377,42,55,2
clan_910,clan_40640,42,55,2
clan_10768,clan_20363,42,55,2
clan_12202,clan_32595,42,55,2
clan_31225,clan_26620,42,56,2
clan_27451,clan_9035,42,56,2
clan_6843,clan_15523,42,56,2
clan_36967,clan_9115,42,56,2
clan_20432,clan_30081,42,56,2
clan_256,clan_4490,42,56,2
clan_40706,clan_280,42,56,2
clan_9609,clan_41944,42,56,2
clan_33533,clan_40244,42,56,2
clan_45712,clan_44237,42,56,2
clan_17465,clan_28117,42,56,2
clan_17146,clan_15791,42,56,2
clan_40323,clan_37423,42,56,2
clan_34965,clan_10630,42,56,2
clan_25522,clan_18024,42,56,2
clan_22183,clan_21967,42,56,2
clan_29174,clan_6553,42,56,2
clan_1742,clan_46517,42,56,2
clan_45039,clan_24497,42,56,2
clan_40987,clan_46055,42,56,2
clan_9281,clan_40263,42,56,2
clan_3182,clan_21415,42,56,2
clan_25376,clan_43182,42,56,2
clan_27629,clan_38701,42,56,2
clan_29066,clan_32566,42,56,2
clan_21981,clan_33957,42,56,2
clan_22466,clan_32072,42,56,2
clan_29720,clan_11361,42,56,2
clan_20261,clan_32192,42,56,2
clan_17319,clan_31153,42,56,2
clan_2374,clan_8153,42,56,2
clan_5672,clan_18946,42,56,2
clan_27658,clan_11465,42,56,2
clan_15818,clan_22552,42,56,2
clan_18479,clan_5962,42,56,2
clan_29992,clan_37677,42,56,2
clan_48446,clan_44423,42,56,2
clan_40733,clan_44417,42,56,2
clan_21894,clan_36752,42,56,2
clan_38829,clan_36006,42,56,2
clan_42736,clan_41401,42,57,2
clan_3774,clan_31573,42,57,2
clan_44535,clan_45085,42,57,2
clan_36101,clan_41717,42,57,2
clan_2349,clan_40523,42,57,2
clan_38360,clan_20127,42,57,2
clan_27259,clan_30624,42,57,2
clan_26332,clan_24687,42,57,2
clan_8686,clan_12903,42,57,2
clan_31675,clan_38925,42,57,2
clan_46154,clan_42333,42,57,2
clan_32870,clan_39326,42,57,2
clan_29889,clan_16004,42,57,2
clan_26750,clan_38704,42,57,2
clan_37340,clan_3932,42,57,2
clan_19524,clan_38263,42,57,2
clan_16694,clan_879,42,57,2
clan_9852,clan_8522,42,57,2
clan_8973,clan_18223,42,57,2
clan_22653,clan_31812,42,57,2
clan_3850,clan_9229,42,57,2
clan_42509,clan_2241,42,57,2
clan_46901,clan_1492,42,57,2
clan_7739,clan_6887,42,57,2
clan_7535,clan_34763,42,57,2
clan_36295,clan_1093,42,57,2
clan_7826,clan_12741,42,57,2
clan_22047,clan_37958,42,57,2
clan_26559,clan_18164,42,57,2
clan_17354,clan_17389,42,57,2
clan_46494,clan_45534,42,57,2
clan_31637,clan_40930,42,57,2
clan_37930,clan_30750,42,57,2
clan_24555,clan_35443,42,57,2
clan_47695,clan_289,42,57,2
clan_13110,clan_4217,42,57,2
clan_41292,clan_40300,42,57,2
clan_21811,clan_27827,42,57,2
clan_47198,clan_48442,42,57,2
clan_14423,clan_3887,42,57,2
clan_2744,clan_11791,42,57,2
clan_10259,clan_2244,42,57,2
clan_25567,clan_5359,42,57,2
clan_17665,clan_3515,42,57,2
clan_46552,clan_46369,42,57,2
clan_43096,clan_34576,42,57,2
clan_38962,clan_32667,42,57,2
clan_45225,clan_46706,42,57,2
clan_32269,clan_25125,42,57,2
clan_30337,clan_19353,42,57,2
clan_13289,clan_30598,42,57,2
clan_23602,clan_1503,42,57,2
clan_35017,clan_7452,42,57,2
clan_23735,clan_13382,42,57,2
clan_31358,clan_21457,42,57,2
clan_7339,clan_21209,42,57,2
clan_45398,clan_40892,42,57,2
clan_48043,clan_46261,42,57,2
clan_3188,clan_43920,42,57,2
clan_12656,clan_39695,42,57,2
clan_23488,clan_24413,42,57,2
clan_406,clan_46490,42,57,2
clan_13142,clan_37802,42,57,2
clan_10201,clan_34843,42,57,2
clan_27950,clan_25793,42,57,2
clan_24573,clan_41242,42,57,2
clan_36382,clan_1060,42,57,2
clan_38577,clan_27391,42,57,2
clan_7541,clan_30060,42,57,2
clan_30437,clan_40567,42,57,2
clan_6723,clan_8699,42,57,2
clan_47476,clan_43687,42,57,2
clan_34776,clan_36646,42,57,2
clan_12075,clan_36652,42,57,2
clan_24200,clan_39320,42,57,2
clan_37376,clan_35618,42,57,2
clan_40314,clan_45877,42,57,2
clan_27608,clan_32952,42,57,2
clan_3304,clan_42194,42,57,2
clan_38368,clan_5503,42,57,2
clan_3829,clan_18275,42,57,2
clan_42224,clan_22754,42,57,2
clan_38980,clan_12503,42,57,2
clan_24341,clan_17225,42,57,2
clan_28361,clan_9091,42,57,2
clan_15180,clan_12783,42,57,2
clan_13170,clan_22543,42,57,2
clan_12375,clan_28912,42,57,2
clan_15468,clan_29215,42,57,2
clan_35974,clan_40875,42,57,2
clan_5330,clan_38374,42,57,2
clan_18885,clan_12924,42,57,2
clan_2824,clan_13951,42,57,2
clan_43360,clan_41363,42,57,2
clan_27490,clan_47953,42,57,2
clan_42166,clan_44312,42,57,2
clan_37165,clan_299,42,57,2
clan_33799,clan_28522,42,57,2
clan_44460,clan_43833,42,57,2
clan_8315,clan_18941,42,57,2
clan_6572,clan_30306,42,57,2
clan_33428,clan_33787,42,57,2
clan_3336,clan_28513,42,57,2
clan_40642,clan_43617,42,57,2
clan_29579,clan_34827,42,57,2
clan_33344,clan_23888,42,57,2
clan_36578,clan_34887,42,57,2
clan_28403,clan_42953,42,57,2
clan_29555,clan_26214,42,57,2
clan_36518,clan_43113,42,57,2
clan_27098,clan_35420,42,57,2
clan_4081,clan_27784,42,57,2
clan_28022,clan_7884,42,57,2
clan_4134,clan_41730,42,57,2
clan_28266,clan_43752,42,57,2
clan_46900,clan_47382,42,57,2
clan_39187,clan_42624,42,57,2
clan_39519,clan_44746,42,57,2
clan_24636,clan_39732,42,57,2
clan_41587,clan_34686,42,57,2
clan_36268,clan_40457,42,57,2
clan_20715,clan_18807,42,57,2
clan_17791,clan_26125,42,57,2
clan_28632,clan_35716,42,57,2
clan_56,clan_45268,42,57,2
clan_28031,clan_22117,42,57,2
clan_27046,clan_32627,42,57,2
clan_33877,clan_40220,42,57,2
clan_43747,clan_43592,42,57,2
clan_33840,clan_40887,42,57,2
clan_47388,clan_36431,42,57,2
clan_44184,clan_47446,42,57,2
clan_37152,clan_28148,42,57,2
clan_18392,clan_27647,42,57,2
clan_27226,clan_1780,42,58,2
clan_28224,clan_17423,42,58,2
clan_9997,clan_34480,42,58,2
clan_44747,clan_48360,42,58,2
clan_24552,clan_40075,42,58,2
clan_34666,clan_10442,42,58,2
clan_36768,clan_42097,42,58,2
clan_31494,clan_5705,42,59,2
clan_30032,clan_35396,42,59,2
clan_18750,clan_35124,42,59,2
clan_46478,clan_43456,42,59,2
clan_43227,clan_371,42,59,2
clan_3726,clan_13003,42,59,2
clan_34910,clan_42597,42,59,2
clan_14498,clan_31710,42,59,2
clan_27706,clan_28901,42,59,2
clan_41850,clan_41102,42,59,2
clan_5925,clan_17933,42,59,2
clan_25118,clan_36616,42,59,2
clan_41915,clan_602,42,59,2
clan_16133,clan_33674,42,59,2
clan_42237,clan_26275,42,59,2
clan_3418,clan_38282,42,59,2
clan_33726,clan_44313,42,59,2
clan_6931,clan_3858,42,59,2
clan_35237,clan_31987,42,59,2
clan_7456,clan_8364,42,59,2
clan_328,clan_2070,42,59,2
clan_12898,clan_43979,42,59,2
clan_47386,clan_37941,42,59,2
clan_13820,clan_7583,42,59,2
clan_45215,clan_46175,42,59,2
clan_29362,clan_28988,42,59,2
clan_35998,clan_41074,42,59,2
clan_36751,clan_19924,42,60,2
clan_26713,clan_32242,42,60,2
clan_42866,clan_36316,42,60,2
clan_7460,clan_21148,42,60,2
clan_2479,clan_17501,42,60,2
clan_7149,clan_12951,42,60,2
clan_47097,clan_48215,42,60,2
clan_2748,clan_41249,42,60,2
clan_42252,clan_25988,42,60,2
clan_17989,clan_45311,42,60,2
clan_36030,clan_40672,42,60,2
clan_44610,clan_29571,42,60,2
clan_41332,clan_37751,42,60,2
clan_37904,clan_42827,42,60,2
clan_17669,clan_25173,42,60,2
clan_46005,clan_46306,42,60,2
clan_21659,clan_26941,42,60,2
clan_40071,clan_40988,42,60,2
clan_5900,clan_16193,42,60,2
clan_32434,clan_32088,42,60,2
clan_34950,clan_21137,42,60,2
clan_24973,clan_23501,42,60,2
clan_8946,clan_6656,42,60,2
clan_41589,clan_34018,42,60,2
clan_1365,clan_42958,42,60,2
clan_35644,clan_27267,42,60,2
clan_26194,clan_35901,42,60,2
clan_36270,clan_40193,42,60,2
clan_41719,clan_47220,42,60,2
clan_38149,clan_39636,42,60,2
clan_12832,clan_27648,42,60,2
clan_1728,clan_101,42,60,2
clan_44394,clan_22314,42,60,2
clan_41319,clan_40509,42,60,2
clan_13418,clan_41814,42,60,2
clan_20423,clan_19333,42,60,2
clan_47720,clan_47484,42,60,2
clan_25408,clan_671,42,60,2
clan_38779,clan_46266,42,60,2
clan_40066,clan_42644,42,60,2
clan_33625,clan_28469,42,60,2
clan_43590,clan_24917,42,60,2
clan_4773,clan_26738,42,60,2
clan_2926,clan_14274,42,60,2
clan_11020,clan_10801,42,60,2
clan_11727,clan_39211,42,60,2
clan_1979,clan_48357,42,60,2
clan_10898,clan_44488,42,60,2
clan_46472,clan_46637,42,60,2
clan_9793,clan_35122,42,60,2
clan_48355,clan_365,42,60,2
clan_475,clan_47421,42,60,2
clan_22878,clan_35212,42,60,2
clan_39613,clan_1063,42,60,2
clan_13675,clan_37959,42,60,2
clan_29490,clan_42797,42,60,2
clan_6350,clan_10992,42,60,2
clan_32685,clan_38789,42,60,2
clan_34890,clan_36050,42,60,2
clan_5514,clan_34382,42,60,2
clan_3997,clan_6051,42,60,2
clan_46877,clan_7483,42,60,2
clan_43358,clan_4145,42,60,2
clan_16455,clan_6839,42,60,2
clan_12479,clan_26385,42,60,2
clan_45632,clan_46256,42,60,2
clan_37624,clan_7286,42,60,2
clan_15886,clan_33474,42,60,2
clan_33687,clan_38299,42,60,2
clan_23815,clan_39126,42,60,2
clan_7991,clan_8186,42,60,2
clan_18822,clan_44732,42,60,2
clan_33150,clan_6433,42,60,2
clan_7328,clan_19625,42,60,2
clan_838,clan_39576,42,60,2
clan_42886,clan_44098,42,60,2
clan_20357,clan_9830,42,60,2
clan_3264,clan_25067,42,60,2
clan_75,clan_39923,42,60,2
clan_41593,clan_43369,42,60,2
clan_16988,clan_6632,42,60,2
clan_21577,clan_19635,42,60,2
clan_32043,clan_20087,42,60,2
clan_30577,clan_18756,42,60,2
clan_44848,clan_47882,42,60,2
clan_31077,clan_36710,42,60,2
clan_21686,clan_44069,42,60,2
clan_44655,clan_38427,42,60,2
clan_40840,clan_12465,42,60,2
clan_14580,clan_20825,42,60,2
clan_41886,clan_22,42,60,2
clan_47345,clan_515,42,60,2
clan_43837,clan_46850,42,60,2
clan_43071,clan_46467,42,60,2
clan_31612,clan_35667,42,60,2
clan_5072,clan_6521,42,60,2
clan_21173,clan_35824,42,60,2
clan_37764,clan_44715,42,60,2
clan_4535,clan_33166,42,60,2
clan_37005,clan_18345,42,60,2
clan_40794,clan_45989,42,60,2
clan_33009,clan_31323,42,60,2
clan_14784,clan_42683,42,60,2
clan_46909,clan_26488,42,60,2
clan_22359,clan_30539,42,60,2
clan_42425,clan_41810,42,60,2
clan_40357,clan_35790,42,60,2
clan_21243,clan_33385,42,60,2
clan_27940,clan_31459,42,60,2
clan_32568,clan_48132,42,60,2
clan_31001,clan_148,42,60,2
clan_34160,clan_42389,42,60,2
clan_5465,clan_6879,42,60,2
clan_10779,clan_23067,42,60,2
clan_17244,clan_18852,42,60,2
clan_11193,clan_21610,42,60,2
clan_23635,clan_28066,42,60,2
clan_46341,clan_717,42,60,2
clan_34366,clan_11186,42,60,2
clan_8352,clan_15595,42,60,2
clan_36066,clan_43033,42,60,2
clan_10927,clan_40879,42,60,2
clan_44314,clan_44430,42,60,2
clan_47197,clan_46461,42,60,2
clan_35128,clan_34178,42,60,2
clan_43905,clan_47743,42,60,2
clan_1878,clan_46842,42,60,2
clan_188,clan_1490,42,60,2
clan_16019,clan_42893,42,60,2
clan_30459,clan_1622,42,63,2
clan_1094,clan_5901,42,63,2
clan_34627,clan_20708,42,63,2
clan_17565,clan_39904,42,63,2
clan_6320,clan_18897,42,63,2
clan_2522,clan_8577,42,63,2
clan_48100,clan_201,42,63,2
clan_18381,clan_5785,42,63,2
clan_2707,clan_33548,42,63,2
clan_43266,clan_37638,42,63,2
clan_37976,clan_45895,42,63,2
clan_43866,clan_28435,42,63,2
clan_20600,clan_24452,42,63,2
clan_7815,clan_591,42,63,2
clan_13111,clan_22996,42,63,2
clan_12573,clan_29978,42,63,2
clan_17623,clan_24022,42,63,2
clan_18593,clan_24976,42,63,2
clan_4097,clan_26579,42,63,2
clan_8428,clan_5266,42,63,2
clan_38116,clan_46840,42,63,2
clan_37839,clan_43298,42,63,2
clan_43533,clan_862,42,63,2
clan_5779,clan_21919,42,63,2
clan_25459,clan_4412,42,63,2
clan_45439,clan_43674,42,63,2
clan_27225,clan_34457,42,63,2
clan_8225,clan_21839,42,63,2
clan_45867,clan_36758,42,63,2
clan_26359,clan_31828,42,63,2
clan_9402,clan_30934,42,63,2
clan_31111,clan_28882,42,63,2
clan_1672,clan_41933,42,63,2
clan_37785,clan_27830,42,63,2
clan_37955,clan_30729,42,63,2
clan_47016,clan_44282,42,63,2
clan_38662,clan_15481,42,63,2
clan_14107,clan_34284,42,63,2
clan_13181,clan_11490,42,63,2
clan_10315,clan_14831,42,63,2
clan_39547,clan_40217,42,63,2
clan_27338,clan_27593,42,63,2
clan_5908,clan_11415,42,63,2
clan_22752,clan_3964,42,63,2
clan_43343,clan_39838,42,63,2
clan_5332,clan_4206,42,63,2
clan_47798,clan_208,42,63,2
clan_34573,clan_45985,42,63,2
clan_43403,clan_885,42,63,2
clan_241,clan_48431,42,63,2
clan_25626,clan_48032,42,63,2
clan_2356,clan_29934,42,63,2
clan_373,clan_1975,42,63,2
clan_45360,clan_40856,42,63,2
clan_15353,clan_27700,42,63,2
clan_24763,clan_1448,42,63,2
clan_25694,clan_2596,42,63,2
clan_22170,clan_45373,42,63,2
clan_44265,clan_45648,42,63,2
clan_36294,clan_8149,42,66,2
clan_319,clan_48546,42,66,2
clan_42520,clan_46757,42,69,2
clan_907,clan_877,42,69,2
clan_47271,clan_48576,42,69,2
clan_46568,clan_48487,42,76,2
clan_12955,clan_18505,43,20,1
clan_9931,clan_3870,43,23,1
clan_10593,clan_11946,43,23,1
clan_5678,clan_3700,43,28,1
clan_17859,clan_7967,43,30,1
clan_7498,clan_7019,43,31,1
clan_12543,clan_15797,43,32,1
clan_19830,clan_24864,43,32,1
clan_10474,clan_6268,43,34,1
clan_21059,clan_29965,43,35,1
clan_19056,clan_11165,43,35,1
clan_15233,clan_24183,43,36,1
clan_36630,clan_22080,43,36,1
clan_16147,clan_2772,43,37,1
clan_16511,clan_3160,43,37,1
clan_24921,clan_11748,43,37,1
clan_31297,clan_29699,43,38,1
clan_6909,clan_20742,43,38,1
clan_21867,clan_37180,43,39,1
clan_43857,clan_24194,43,39,1
clan_28999,clan_21461,43,39,1
clan_25389,clan_24299,43,39,1
clan_10384,clan_30601,43,39,1
clan_9851,clan_21477,43,39,1
clan_22798,clan_10214,43,39,1
clan_24002,clan_4573,43,39,1
clan_15619,clan_19397,43,39,1
clan_20472,clan_4770,43,39,1
clan_2045,clan_9709,43,39,1
clan_24519,clan_25650,43,40,1
clan_12434,clan_4753,43,40,1
clan_17159,clan_19123,43,40,1
clan_10159,clan_19232,43,40,1
clan_7548,clan_4327,43,40,1
clan_26403,clan_18084,43,40,1
clan_29853,clan_6821,43,40,1
clan_13298,clan_638,43,40,1
clan_28108,clan_12587,43,40,1
clan_11857,clan_16522,43,41,1
clan_29126,clan_35598,43,41,1
clan_5619,clan_25646,43,41,1
clan_30319,clan_31798,43,42,1
clan_20704,clan_15478,43,42,1
clan_32381,clan_31740,43,42,1
clan_12551,clan_23412,43,42,1
clan_1932,clan_480,43,42,1
clan_38690,clan_20620,43,42,1
clan_4967,clan_3322,43,42,1
clan_13501,clan_20782,43,42,1
clan_9019,clan_14739,43,42,1
clan_19900,clan_16493,43,42,1
clan_4414,clan_13136,43,42,1
clan_5388,clan_12231,43,44,2
clan_35757,clan_38845,43,44,2
clan_43927,clan_36432,43,45,2
clan_27730,clan_7479,43,45,2
clan_45661,clan_40073,43,45,2
clan_40747,clan_43681,43,45,2
clan_9042,clan_23389,43,45,2
clan_13583,clan_21233,43,45,2
clan_6190,clan_4792,43,45,2
clan_10336,clan_7556,43,45,2
clan_38148,clan_14751,43,45,2
clan_2881,clan_20543,43,45,2
clan_22805,clan_35977,43,45,2
clan_7303,clan_17980,43,45,2
clan_29462,clan_23163,43,45,2
clan_41916,clan_17460,43,45,2
clan_32106,clan_30851,43,45,2
clan_24322,clan_19558,43,46,2
clan_13311,clan_6235,43,46,2
clan_7438,clan_15699,43,46,2
clan_29762,clan_15546,43,46,2
clan_9993,clan_28584,43,46,2
clan_23512,clan_18247,43,46,2
clan_19800,clan_30992,43,46,2
clan_9199,clan_13823,43,46,2
clan_5852,clan_18404,43,47,2
clan_18989,clan_30071,43,47,2
clan_9060,clan_23227,43,47,2
clan_42732,clan_29710,43,47,2
clan_231,clan_42131,43,47,2
clan_32454,clan_43536,43,47,2
clan_22609,clan_7693,43,48,2
clan_2638,clan_8966,43,48,2
clan_14087,clan_11471,43,48,2
clan_31157,clan_44714,43,48,2
clan_37116,clan_19866,43,48,2
clan_37242,clan_38237,43,48,2
clan_18768,clan_12328,43,48,2
clan_41419,clan_44621,43,48,2
clan_2435,clan_19548,43,49,2
clan_13706,clan_7986,43,49,2
clan_29988,clan_10050,43,49,2
clan_25365,clan_5897,43,49,2
clan_35028,clan_38008,43,50,2
clan_20040,clan_40297,43,50,2
clan_5584,clan_16865,43,50,2
clan_33608,clan_17559,43,50,2
clan_1432,clan_2289,43,50,2
clan_12473,clan_27324,43,50,2
clan_4434,clan_15297,43,50,2
clan_29541,clan_4506,43,50,2
clan_16858,clan_31391,43,50,2
clan_30261,clan_21458,43,50,2
clan_6651,clan_33501,43,50,2
clan_22328,clan_16939,43,51,2
clan_9348,clan_26064,43,51,2
clan_7350,clan_12884,43,51,2
clan_22582,clan_11249,43,51,2
clan_21120,clan_7558,43,51,2
clan_26679,clan_43485,43,51,2
clan_16516,clan_4180,43,53,2
clan_7940,clan_2776,43,54,2
clan_27848,clan_22109,43,54,2
clan_47389,clan_2234,43,54,2
clan_28004,clan_7122,43,54,2
clan_30210,clan_28838,43,54,2
clan_42403,clan_1441,43,54,2
clan_20304,clan_10923,43,54,2
clan_35277,clan_17168,43,54,2
clan_28708,clan_15455,43,57,2
clan_17475,clan_23484,44,16,1
clan_11557,clan_19443,44,27,1
clan_6255,clan_24878,44,27,1
clan_5018,clan_8037,44,28,1
clan_11298,clan_9583,44,29,1
clan_11796,clan_24064,44,29,1
clan_7227,clan_14527,44,30,1
clan_2504,clan_10776,44,30,1
clan_28199,clan_27548,44,31,1
clan_29959,clan_13927,44,31,1
clan_7589,clan_25070,44,32,1
clan_30714,clan_17414,44,32,1
clan_25122,clan_14237,44,33,1
clan_9009,clan_22829,44,33,1
clan_38869,clan_18636,44,33,1
clan_22982,clan_35491,44,33,1
clan_15274,clan_8007,44,33,1
clan_55,clan_30953,44,33,1
clan_12148,clan_8566,44,34,1
clan_10437,clan_9762,44,34,1
clan_12802,clan_18201,44,34,1
clan_42686,clan_1471,44,34,1
clan_38652,clan_36027,44,35,1
clan_2727,clan_21318,44,35,1
clan_36199,clan_37695,44,36,1
clan_40049,clan_7347,44,36,1
clan_24697,clan_18623,44,36,1
clan_2564,clan_19305,44,36,1
clan_34599,clan_5579,44,36,1
clan_7050,clan_27758,44,36,1
clan_26571,clan_34076,44,36,1
clan_287,clan_4534,44,36,1
clan_4878,clan_3381,44,36,1
clan_24550,clan_5998,44,36,1
clan_6634,clan_13836,44,36,1
clan_23477,clan_37051,44,37,1
clan_5112,clan_18534,44,37,1
clan_42584,clan_20264,44,37,1
clan_42691,clan_14919,44,37,1
clan_39865,clan_30873,44,37,1
clan_8918,clan_6055,44,38,1
clan_19675,clan_38765,44,38,1
clan_5413,clan_9844,44,38,1
clan_4125,clan_19311,44,38,1
clan_27282,clan_22081,44,38,1
clan_13630,clan_23560,44,38,1
clan_15946,clan_22451,44,38,1
clan_16826,clan_14951,44,38,1
clan_5865,clan_11511,44,38,1
clan_10421,clan_12249,44,38,1
clan_5313,clan_15543,44,38,1
clan_11655,clan_5943,44,39,1
clan_3914,clan_8919,44,39,1
clan_12016,clan_12912,44,39,1
clan_27867,clan_36852,44,39,1
clan_20792,clan_24096,44,39,1
clan_31807,clan_28030,44,39,1
clan_42647,clan_12403,44,39,1
clan_28859,clan_20879,44,39,1
clan_29445,clan_12124,44,39,1
clan_3115,clan_8641,44,39,1
clan_25448,clan_26324,44,39,1
clan_14868,clan_6169,44,39,1
clan_28938,clan_35243,44,39,1
clan_13228,clan_33756,44,39,1
clan_18545,clan_2576,44,39,1
clan_20316,clan_12448,44,40,1
clan_19284,clan_15018,44,40,1
clan_6090,clan_4085,44,40,1
clan_10005,clan_7989,44,41,1
clan_34201,clan_39259,44,41,1
clan_35802,clan_39877,44,41,1
clan_15476,clan_13242,44,41,1
clan_38828,clan_33902,44,41,1
clan_6275,clan_8351,44,41,1
clan_25620,clan_3154,44,41,1
clan_44643,clan_43411,44,41,1
clan_21642,clan_19741,44,41,1
clan_31292,clan_5094,44,41,1
clan_43278,clan_47692,44,41,1
clan_27752,clan_22048,44,42,1
clan_2083,clan_3957,44,42,1
clan_3399,clan_33613,44,42,1
clan_35344,clan_10297,44,42,1
clan_46821,clan_46329,44,42,1
clan_25132,clan_11018,44,42,1
clan_6542,clan_18132,44,42,1
clan_5715,clan_17497,44,42,1
clan_19683,clan_36546,44,42,1
clan_11283,clan_17044,44,42,1
clan_27085,clan_30417,44,42,1
clan_27083,clan_30474,44,42,1
clan_43468,clan_34162,44,42,1
clan_12485,clan_2511,44,42,1
clan_28820,clan_6170,44,42,1
clan_2795,clan_4620,44,42,1
clan_4951,clan_32133,44,42,1
clan_16794,clan_26198,44,42,1
clan_22275,clan_22654,44,43,1
clan_39648,clan_8937,44,43,1
clan_16438,clan_22025,44,43,1
clan_26445,clan_28980,44,43,1
clan_15607,clan_11886,44,43,1
clan_42175,clan_34755,44,43,1
clan_40953,clan_34736,44,45,2
clan_27968,clan_7359,44,45,2
clan_22588,clan_11538,44,45,2
clan_29824,clan_36592,44,45,2
clan_40428,clan_33172,44,45,2
clan_38639,clan_45539,44,45,2
clan_42912,clan_24050,44,45,2
clan_16444,clan_7946,44,45,2
clan_43247,clan_34085,44,45,2
clan_1621,clan_449,44,45,2
clan_20906,clan_12176,44,45,2
clan_12959,clan_28603,44,45,2
clan_39422,clan_27379,44,45,2
clan_34038,clan_5089,44,45,2
clan_11081,clan_13961,44,45,2
clan_23835,clan_13208,44,45,2
clan_16590,clan_13432,44,45,2
clan_18914,clan_3988,44,45,2
clan_40607,clan_32053,44,45,2
clan_13710,clan_42494,44,45,2
clan_27082,clan_25338,44,45,2
clan_36456,clan_41913,44,45,2
clan_46202,clan_44086,44,45,2
clan_34245,clan_19517,44,45,2
clan_13122,clan_24440,44,45,2
clan_47534,clan_39789,44,45,2
clan_45034,clan_41207,44,45,2
clan_6416,clan_20726,44,46,2
clan_36645,clan_21160,44,46,2
clan_2760,clan_7439,44,46,2
clan_15910,clan_3445,44,46,2
clan_24161,clan_6332,44,46,2
clan_28756,clan_21703,44,46,2
clan_31527,clan_33399,44,46,2
clan_25249,clan_15443,44,46,2
clan_33994,clan_36428,44,47,2
clan_40720,clan_38382,44,47,2
clan_25340,clan_15696,44,47,2
clan_15068,clan_24860,44,47,2
clan_42667,clan_36460,44,47,2
clan_6244,clan_32578,44,47,2
clan_5268,clan_23125,44,47,2
clan_12359,clan_23880,44,47,2
clan_6729,clan_22017,44,47,2
clan_7576,clan_11073,44,47,2
clan_14710,clan_6836,44,47,2
clan_30812,clan_30576,44,48,2
clan_47475,clan_43251,44,48,2
clan_5952,clan_3027,44,48,2
clan_17186,clan_30046,44,48,2
clan_22069,clan_22929,44,48,2
clan_16923,clan_19220,44,48,2
clan_36252,clan_41768,44,48,2
clan_33020,clan_14000,44,48,2
clan_23659,clan_43567,44,48,2
clan_4674,clan_14827,44,48,2
clan_35715,clan_18969,44,48,2
clan_9519,clan_23434,44,48,2
clan_47319,clan_1673,44,48,2
clan_17181,clan_27567,44,48,2
clan_20857,clan_2721,44,48,2
clan_11498,clan_22636,44,48,2
clan_17454,clan_18762,44,48,2
clan_47853,clan_37656,44,48,2
clan_6047,clan_15738,44,48,2
clan_34675,clan_26849,44,48,2
clan_28749,clan_19045,44,48,2
clan_25090,clan_9394,44,48,2
clan_40133,clan_15986,44,48,2
clan_34258,clan_33876,44,48,2
clan_36022,clan_35540,44,48,2
clan_44039,clan_448,44,48,2
clan_29589,clan_26632,44,48,2
clan_6497,clan_7832,44,48,2
clan_43986,clan_38528,44,48,2
clan_32557,clan_11731,44,48,2
clan_31454,clan_22014,44,48,2
clan_713,clan_35421,44,48,2
clan_17783,clan_23924,44,48,2
clan_4171,clan_35388,44,48,2
clan_43606,clan_37316,44,49,2
clan_2835,clan_2756,44,49,2
clan_39068,clan_42702,44,49,2
clan_33748,clan_12589,44,49,2
clan_43544,clan_25962,44,49,2
clan_9471,clan_19670,44,49,2
clan_3868,clan_8215,44,50,2
clan_23018,clan_23802,44,50,2
clan_26245,clan_35666,44,50,2
clan_21087,clan_20033,44,50,2
clan_29276,clan_31643,44,50,2
clan_12647,clan_7121,44,50,2
clan_8003,clan_30230,44,50,2
clan_20554,clan_40734,44,50,2
clan_12058,clan_33914,44,50,2
clan_12961,clan_25042,44,50,2
clan_10272,clan_25217,44,50,2
clan_44543,clan_41497,44,50,2
clan_33205,clan_35275,44,50,2
clan_11539,clan_25088,44,50,2
clan_13698,clan_10704,44,50,2
clan_46559,clan_42492,44,50,2
clan_45905,clan_2052,44,50,2
clan_31411,clan_27732,44,50,2
clan_11117,clan_45786,44,51,2
clan_10951,clan_20927,44,51,2
clan_37056,clan_37235,44,51,2
clan_13254,clan_11809,44,51,2
clan_16623,clan_26920,44,51,2
clan_17322,clan_25072,44,51,2
clan_20384,clan_14737,44,51,2
clan_45337,clan_7471,44,51,2
clan_46333,clan_39810,44,51,2
clan_29731,clan_18809,44,51,2
clan_35364,clan_19273,44,51,2
clan_34849,clan_26574,44,51,2
clan_1559,clan_3655,44,51,2
clan_23661,clan_8710,44,51,2
clan_43138,clan_43955,44,51,2
clan_21563,clan_19236,44,51,2
clan_45070,clan_44607,44,51,2
clan_15442,clan_8466,44,51,2
clan_9501,clan_5600,44,51,2
clan_11478,clan_23859,44,51,2
clan_1597,clan_46396,44,51,2
clan_16506,clan_31888,44,51,2
clan_27981,clan_8807,44,51,2
clan_2787,clan_35301,44,51,2
clan_35623,clan_33505,44,51,2
clan_42304,clan_41669,44,51,2
clan_11481,clan_15349,44,51,2
clan_32575,clan_9412,44,51,2
clan_26568,clan_10091,44,51,2
clan_34708,clan_46580,44,51,2
clan_44517,clan_41111,44,51,2
clan_28024,clan_29144,44,51,2
clan_35984,clan_31768,44,51,2
clan_5621,clan_32954,44,51,2
clan_4274,clan_13021,44,51,2
clan_31990,clan_19917,44,51,2
clan_34602,clan_9956,44,51,2
clan_29330,clan_21014,44,51,2
clan_30690,clan_40327,44,51,2
clan_28947,clan_39872,44,51,2
clan_43128,clan_32389,44,51,2
clan_42678,clan_41666,44,51,2
clan_14591,clan_18049,44,51,2
clan_9857,clan_17579,44,51,2
clan_3089,clan_9527,44,51,2
clan_1589,clan_47093,44,52,2
clan_26928,clan_31676,44,52,2
clan_14754,clan_33777,44,52,2
clan_19654,clan_15003,44,52,2
clan_27922,clan_25973,44,53,2
clan_13001,clan_13265,44,53,2
clan_22838,clan_34805,44,53,2
clan_8202,clan_9005,44,53,2
clan_6031,clan_45727,44,54,2
clan_725,clan_1291,44,54,2
clan_26138,clan_31813,44,54,2
clan_34619,clan_33086,44,54,2
clan_22611,clan_28620,44,54,2
clan_13742,clan_36600,44,54,2
clan_6835,clan_43563,44,54,2
clan_44533,clan_42306,44,54,2
clan_2605,clan_35500,44,54,2
clan_18343,clan_11428,44,54,2
clan_9601,clan_11445,44,54,2
clan_45572,clan_44781,44,54,2
clan_45201,clan_1539,44,54,2
clan_8174,clan_30623,44,54,2
clan_43616,clan_19563,44,54,2
clan_12193,clan_11126,44,54,2
clan_44383,clan_37935,44,54,2
clan_5006,clan_15884,44,54,2
clan_18427,clan_29323,44,54,2
clan_46651,clan_1086,44,54,2
clan_33217,clan_25566,44,54,2
clan_11702,clan_39482,44,54,2
clan_40853,clan_18277,44,54,2
clan_43555,clan_33740,44,54,2
clan_30006,clan_39194,44,54,2
clan_5214,clan_20457,44,54,2
clan_38860,clan_39330,44,54,2
clan_15664,clan_34823,44,54,2
clan_1526,clan_42842,44,54,2
clan_38575,clan_20743,44,54,2
clan_28935,clan_1088,44,54,2
clan_10096,clan_18352,44,55,2
clan_15529,clan_16424,44,55,2
clan_32346,clan_36071,44,56,2
clan_28167,clan_32415,44,56,2
clan_41021,clan_42608,44,56,2
clan_33184,clan_23568,44,56,2
clan_2606,clan_29495,44,56,2
clan_4655,clan_35940,44,56,2
clan_26615,clan_17972,44,56,2
clan_26506,clan_2832,44,56,2
clan_25840,clan_22988,44,56,2
clan_1625,clan_35799,44,56,2
clan_30291,clan_22715,44,56,2
clan_27554,clan_19200,44,56,2
clan_43011,clan_40296,44,57,2
clan_35080,clan_8653,44,57,2
clan_29454,clan_26799,44,57,2
clan_2350,clan_10154,44,57,2
clan_44304,clan_38232,44,57,2
clan_41968,clan_43570,44,57,2
clan_37167,clan_4835,44,57,2
clan_33083,clan_40372,44,57,2
clan_5520,clan_18744,44,57,2
clan_10366,clan_41525,44,57,2
clan_41932,clan_46871,44,57,2
clan_25226,clan_22950,44,57,2
clan_33002,clan_37026,44,57,2
clan_39438,clan_38344,44,57,2
clan_24493,clan_25812,44,57,2
clan_4316,clan_22181,44,57,2
clan_9436,clan_3980,44,57,2
clan_40011,clan_47236,44,57,2
clan_39375,clan_42559,44,57,2
clan_40901,clan_33530,44,57,2
clan_18595,clan_21808,44,57,2
clan_8702,clan_11556,44,57,2
clan_13881,clan_25377,44,57,2
clan_11436,clan_6891,44,57,2
clan_16097,clan_12215,44,57,2
clan_6475,clan_34504,44,57,2
clan_44273,clan_48315,44,60,2
clan_26396,clan_37661,44,66,2
clan_46645,clan_43171,45,15,1
clan_2857,clan_3289,45,21,1
clan_14668,clan_5068,45,26,1
clan_9600,clan_3569,45,27,1
clan_8584,clan_20174,45,27,1
clan_8971,clan_10922,45,27,1
clan_16808,clan_28896,45,27,1
clan_9885,clan_3848,45,28,1
clan_24091,clan_15675,45,29,1
clan_11696,clan_29612,45,29,1
clan_23359,clan_4376,45,30,1
clan_10877,clan_25468,45,30,1
clan_22103,clan_6688,45,30,1
clan_943,clan_2156,45,30,1
clan_29449,clan_29410,45,31,1
clan_20569,clan_12400,45,31,1
clan_8773,clan_3274,45,31,1
clan_18306,clan_17545,45,32,1
clan_25231,clan_14537,45,33,1
clan_44231,clan_1225,45,33,1
clan_27826,clan_8025,45,33,1
clan_5644,clan_5612,45,33,1
clan_19764,clan_19141,45,33,1
clan_25682,clan_24424,45,33,1
clan_21927,clan_10570,45,34,1
clan_21163,clan_9573,45,34,1
clan_24201,clan_6697,45,34,1
clan_22268,clan_23252,45,34,1
clan_46834,clan_34124,45,35,1
clan_34935,clan_16275,45,35,1
clan_29253,clan_11647,45,35,1
clan_25265,clan_23784,45,35,1
clan_17973,clan_1887,45,36,1
clan_18876,clan_10021,45,36,1
clan_2614,clan_13450,45,36,1
clan_5601,clan_21714,45,36,1
clan_39929,clan_17879,45,36,1
clan_25168,clan_4983,45,36,1
clan_17222,clan_24809,45,36,1
clan_37301,clan_39302,45,36,1
clan_20419,clan_29898,45,36,1
clan_8094,clan_8974,45,36,1
clan_16461,clan_8593,45,36,1
clan_3280,clan_2978,45,36,1
clan_4101,clan_13872,45,36,1
clan_16450,clan_29005,45,36,1
clan_11253,clan_3882,45,36,1
clan_5430,clan_6825,45,36,1
clan_10996,clan_24525,45,37,1
clan_22133,clan_31957,45,37,1
clan_7045,clan_10756,45,37,1
clan_25472,clan_10414,45,37,1
clan_3716,clan_9620,45,37,1
clan_38613,clan_42253,45,37,1
clan_24736,clan_7393,45,37,1
clan_7713,clan_8733,45,38,1
clan_26084,clan_26355,45,38,1
clan_7065,clan_9175,45,38,1
clan_5754,clan_13503,45,38,1
clan_43975,clan_32753,45,38,1
clan_2646,clan_31349,45,38,1
clan_15225,clan_24591,45,38,1
clan_28585,clan_21112,45,38,1
clan_8520,clan_10906,45,38,1
clan_26037,clan_14067,45,38,1
clan_23867,clan_31433,45,38,1
clan_29962,clan_37794,45,39,1
clan_16255,clan_13880,45,39,1
clan_22091,clan_19863,45,39,1
clan_16678,clan_22909,45,39,1
clan_12703,clan_20192,45,39,1
clan_12393,clan_38452,45,39,1
clan_24000,clan_10917,45,39,1
clan_47835,clan_38634,45,39,1
clan_5759,clan_21557,45,39,1
clan_28165,clan_24783,45,39,1
clan_10037,clan_25774,45,39,1
clan_6079,clan_9048,45,39,1
clan_11101,clan_19774,45,39,1
clan_7368,clan_26616,45,39,1
clan_22281,clan_20326,45,39,1
clan_15594,clan_4163,45,39,1
clan_20441,clan_12902,45,39,1
clan_42915,clan_43379,45,39,1
clan_13143,clan_21499,45,39,1
clan_14504,clan_4915,45,39,1
clan_32807,clan_23579,45,39,1
clan_27001,clan_31268,45,40,1
clan_22149,clan_20748,45,40,1
clan_10243,clan_15530,45,40,1
clan_30129,clan_30294,45,40,1
clan_3859,clan_11213,45,40,1
clan_21526,clan_9557,45,40,1
clan_10731,clan_6518,45,40,1
clan_32436,clan_27991,45,40,1
clan_19945,clan_5051,45,41,1
clan_21995,clan_32609,45,41,1
clan_23238,clan_11842,45,41,1
clan_5817,clan_13363,45,41,1
clan_14229,clan_22367,45,41,1
clan_27609,clan_29181,45,41,1
clan_23386,clan_8480,45,41,1
clan_20348,clan_26810,45,41,1
clan_42746,clan_46959,45,41,1
clan_11528,clan_33647,45,41,1
clan_43329,clan_24195,45,42,1
clan_26999,clan_33305,45,42,1
clan_5627,clan_29092,45,42,1
clan_34278,clan_32844,45,42,1
clan_7959,clan_4218,45,42,1
clan_3811,clan_20234,45,42,1
clan_6852,clan_28660,45,42,1
clan_9946,clan_1999,45,42,1
clan_37639,clan_29775,45,42,1
clan_21045,clan_26126,45,42,1
clan_11724,clan_2471,45,42,1
clan_3919,clan_25843,45,42,1
clan_25540,clan_26474,45,42,1
clan_42793,clan_39305,45,42,1
clan_34647,clan_36298,45,42,1
clan_2742,clan_21576,45,42,1
clan_751,clan_41702,45,42,1
clan_14284,clan_16566,45,42,1
clan_38916,clan_17722,45,42,1
clan_43909,clan_33360,45,42,1
clan_21273,clan_7110,45,42,1
clan_23371,clan_29797,45,42,1
clan_16416,clan_25810,45,42,1
clan_16092,clan_28121,45,42,1
clan_2341,clan_5227,45,42,1
clan_46268,clan_31538,45,42,1
clan_16720,clan_13790,45,42,1
clan_7369,clan_1482,45,42,1
clan_20797,clan_17356,45,42,1
clan_8085,clan_35026,45,42,1
clan_3246,clan_3357,45,42,1
clan_12438,clan_5273,45,42,1
clan_13549,clan_8530,45,42,1
clan_26837,clan_8355,45,42,1
clan_31330,clan_21887,45,42,1
clan_29214,clan_33578,45,42,1
clan_45338,clan_9458,45,42,1
clan_34357,clan_31011,45,42,1
clan_23210,clan_4667,45,42,1
clan_48118,clan_26277,45,42,1
clan_25701,clan_13766,45,43,1
clan_15011,clan_38200,45,43,1
clan_13108,clan_29712,45,43,1
clan_30266,clan_42780,45,43,1
clan_5026,clan_3306,45,43,1
clan_19824,clan_28362,45,43,1
clan_21007,clan_8526,45,43,1
clan_28191,clan_23948,45,43,1
clan_16542,clan_31000,45,43,1
clan_16125,clan_24668,45,43,1
clan_3139,clan_2960,45,43,1
clan_42163,clan_48479,45,43,1
clan_36143,clan_22057,45,44,1
clan_8475,clan_28986,45,44,1
clan_34042,clan_48208,45,44,1
clan_12781,clan_4846,45,44,1
clan_7453,clan_27932,45,44,1
clan_40010,clan_45470,45,44,1
clan_15190,clan_22309,45,44,1
clan_15609,clan_19382,45,44,1
clan_4625,clan_18660,45,44,1
clan_33848,clan_39862,45,44,1
clan_11008,clan_39847,45,44,1
clan_20678,clan_25697,45,44,1
clan_23687,clan_10765,45,44,1
clan_9316,clan_36439,45,44,1
clan_236,clan_1260,45,44,1
clan_15999,clan_8240,45,44,1
clan_25747,clan_25886,45,44,1
clan_42972,clan_43495,45,44,1
clan_5101,clan_11577,45,44,1
clan_13561,clan_20944,45,44,1
clan_18523,clan_7112,45,44,1
clan_44048,clan_38489,45,44,1
clan_19840,clan_10800,45,44,1
clan_6161,clan_24145,45,46,2
clan_12552,clan_7966,45,46,2
clan_7366,clan_9465,45,46,2
clan_24217,clan_31966,45,46,2
clan_1910,clan_37818,45,46,2
clan_18944,clan_3697,45,46,2
clan_31146,clan_33561,45,46,2
clan_16626,clan_38660,45,46,2
clan_38043,clan_41139,45,47,2
clan_22409,clan_9901,45,47,2
clan_43289,clan_1348,45,47,2
clan_32771,clan_36907,45,47,2
clan_17747,clan_33682,45,47,2
clan_31877,clan_9425,45,47,2
clan_32216,clan_20590,45,47,2
clan_11940,clan_34315,45,47,2
clan_48406,clan_17789,45,47,2
clan_30927,clan_43030,45,47,2
clan_42650,clan_44214,45,47,2
clan_6176,clan_20823,45,47,2
clan_39921,clan_42812,45,47,2
clan_39480,clan_46982,45,47,2
clan_40576,clan_40210,45,47,2
clan_44824,clan_46165,45,47,2
clan_38136,clan_30708,45,47,2
clan_38631,clan_22613,45,47,2
clan_10074,clan_6500,45,47,2
clan_698,clan_43824,45,47,2
clan_18671,clan_28626,45,47,2
clan_26459,clan_19520,45,47,2
clan_21724,clan_15982,45,47,2
clan_34809,clan_40973,45,47,2
clan_30620,clan_33046,45,47,2
clan_38227,clan_47462,45,47,2
clan_15114,clan_5842,45,47,2
clan_25254,clan_4156,45,47,2
clan_11269,clan_3536,45,47,2
clan_28777,clan_8061,45,48,2
clan_23960,clan_12449,45,48,2
clan_4233,clan_5780,45,48,2
clan_38366,clan_44851,45,48,2
clan_22577,clan_40035,45,48,2
clan_8052,clan_22550,45,48,2
clan_11670,clan_40708,45,48,2
clan_9869,clan_6610,45,48,2
clan_36131,clan_44356,45,48,2
clan_37348,clan_15284,45,48,2
clan_6164,clan_5689,45,48,2
clan_30803,clan_32881,45,48,2
clan_8478,clan_5864,45,48,2
clan_37016,clan_14740,45,48,2
clan_31509,clan_25896,45,48,2
clan_514,clan_32918,45,48,2
clan_1006,clan_35433,45,48,2
clan_38458,clan_33423,45,48,2
clan_16044,clan_26513,45,48,2
clan_32343,clan_25078,45,48,2
clan_38944,clan_8878,45,48,2
clan_20908,clan_32414,45,48,2
clan_8380,clan_15226,45,48,2
clan_47157,clan_47912,45,48,2
clan_6943,clan_8905,45,48,2
clan_21352,clan_22434,45,48,2
clan_31065,clan_38849,45,48,2
clan_38499,clan_44147,45,48,2
clan_20663,clan_18985,45,48,2
clan_14129,clan_32921,45,48,2
clan_21422,clan_15266,45,48,2
clan_14266,clan_10220,45,48,2
clan_12572,clan_8373,45,48,2
clan_4778,clan_22407,45,48,2
clan_5256,clan_5484,45,48,2
clan_7933,clan_23216,45,48,2
clan_40820,clan_8082,45,48,2
clan_4837,clan_45618,45,48,2
clan_16580,clan_8638,45,48,2
clan_5176,clan_33038,45,48,2
clan_37075,clan_41960,45,48,2
clan_38630,clan_27503,45,48,2
clan_39728,clan_42841,45,48,2
clan_5599,clan_45148,45,48,2
clan_25883,clan_35844,45,48,2
clan_35054,clan_4928,45,48,2
clan_13816,clan_25545,45,48,2
clan_45416,clan_44295,45,48,2
clan_30910,clan_41471,45,48,2
clan_21991,clan_16072,45,48,2
clan_23604,clan_4641,45,48,2
clan_7575,clan_9010,45,48,2
clan_46986,clan_46765,45,48,2
clan_28095,clan_29584,45,48,2
clan_10548,clan_9082,45,48,2
clan_39878,clan_29355,45,48,2
clan_44727,clan_31342,45,48,2
clan_2186,clan_44493,45,48,2
clan_28331,clan_10883,45,48,2
clan_43593,clan_41307,45,48,2
clan_38801,clan_37401,45,48,2
clan_43235,clan_36566,45,48,2
clan_13004,clan_28924,45,48,2
clan_38512,clan_10358,45,48,2
clan_44570,clan_41835,45,48,2
clan_17333,clan_7211,45,48,2
clan_32790,clan_24557,45,48,2
clan_36728,clan_35806,45,48,2
clan_32427,clan_8647,45,48,2
clan_38804,clan_21980,45,48,2
clan_6377,clan_17136,45,48,2
clan_14298,clan_3140,45,48,2
clan_19631,clan_35350,45,48,2
clan_28164,clan_26667,45,48,2
clan_22531,clan_23753,45,48,2
clan_15326,clan_30962,45,48,2
clan_31805,clan_28593,45,48,2
clan_8297,clan_21085,45,48,2
clan_41600,clan_44215,45,48,2
clan_12718,clan_16496,45,48,2
clan_37903,clan_47202,45,48,2
clan_24075,clan_4436,45,48,2
clan_46611,clan_1580,45,48,2
clan_3083,clan_9245,45,48,2
clan_45007,clan_18484,45,48,2
clan_1695,clan_1869,45,48,2
clan_33333,clan_5471,45,48,2
clan_38046,clan_36917,45,48,2
clan_3217,clan_25639,45,48,2
clan_4467,clan_37515,45,48,2
clan_25641,clan_20402,45,48,2
clan_44882,clan_40406,45,48,2
clan_26199,clan_25493,45,48,2
clan_670,clan_2105,45,48,2
clan_16863,clan_13632,45,48,2
clan_20103,clan_43089,45,49,2
clan_38363,clan_41840,45,49,2
clan_10185,clan_26847,45,49,2
clan_22459,clan_17845,45,49,2
clan_34340,clan_260,45,49,2
clan_25710,clan_37980,45,49,2
clan_47972,clan_44818,45,49,2
clan_17277,clan_20924,45,49,2
clan_26596,clan_9896,45,49,2
clan_10658,clan_40251,45,50,2
clan_17728,clan_10681,45,50,2
clan_42116,clan_30662,45,50,2
clan_9499,clan_17564,45,50,2
clan_32533,clan_30448,45,50,2
clan_25205,clan_20206,45,50,2
clan_5956,clan_13175,45,50,2
clan_46972,clan_44995,45,50,2
clan_29226,clan_22266,45,50,2
clan_7072,clan_6866,45,50,2
clan_9448,clan_15377,45,50,2
clan_13435,clan_22141,45,50,2
clan_25015,clan_2976,45,50,2
clan_14602,clan_28139,45,50,2
clan_34243,clan_1631,45,50,2
clan_27257,clan_13089,45,50,2
clan_15716,clan_28889,45,50,2
clan_33940,clan_38783,45,50,2
clan_37838,clan_48250,45,50,2
clan_39161,clan_32493,45,50,2
clan_31605,clan_28320,45,50,2
clan_14195,clan_15368,45,50,2
clan_42790,clan_23081,45,50,2
clan_44197,clan_40855,45,50,2
clan_45847,clan_45674,45,50,2
clan_41891,clan_42072,45,50,2
clan_30730,clan_14377,45,50,2
clan_30056,clan_25838,45,50,2
clan_20319,clan_10614,45,50,2
clan_31082,clan_43335,45,50,2
clan_22958,clan_4876,45,50,2
clan_22946,clan_19531,45,50,2
clan_23578,clan_27149,45,50,2
clan_25045,clan_14839,45,51,2
clan_17814,clan_16043,45,51,2
clan_44397,clan_44753,45,51,2
clan_38012,clan_40445,45,51,2
clan_14102,clan_18777,45,51,2
clan_47049,clan_46928,45,51,2
clan_7861,clan_10161,45,51,2
clan_37339,clan_34631,45,51,2
clan_36988,clan_42904,45,51,2
clan_41820,clan_31402,45,51,2
clan_31679,clan_16971,45,51,2
clan_869,clan_44122,45,51,2
clan_36557,clan_33513,45,51,2
clan_12947,clan_21127,45,51,2
clan_31266,clan_36011,45,51,2
clan_10039,clan_8110,45,51,2
clan_7544,clan_12956,45,51,2
clan_16940,clan_28455,45,51,2
clan_16249,clan_30171,45,51,2
clan_16499,clan_25284,45,51,2
clan_33188,clan_13327,45,51,2
clan_35747,clan_32486,45,51,2
clan_22380,clan_30328,45,51,2
clan_2067,clan_45558,45,51,2
clan_35838,clan_38695,45,51,2
clan_7318,clan_30082,45,51,2
clan_33430,clan_34356,45,51,2
clan_30284,clan_2268,45,51,2
clan_1469,clan_48489,45,51,2
clan_11630,clan_22635,45,51,2
clan_41554,clan_43315,45,51,2
clan_32198,clan_38706,45,51,2
clan_12785,clan_28405,45,51,2
clan_35384,clan_23024,45,51,2
clan_47752,clan_48234,45,51,2
clan_32549,clan_453,45,51,2
clan_5812,clan_27174,45,51,2
clan_7856,clan_41233,45,51,2
clan_29684,clan_8893,45,51,2
clan_1084,clan_29240,45,51,2
clan_30170,clan_30617,45,51,2
clan_1360,clan_28388,45,51,2
clan_6040,clan_43627,45,51,2
clan_29891,clan_32285,45,51,2
clan_24459,clan_11029,45,51,2
clan_2844,clan_10787,45,51,2
clan_26531,clan_21954,45,51,2
clan_25855,clan_8815,45,51,2
clan_780,clan_46353,45,51,2
clan_14500,clan_22733,45,51,2
clan_47082,clan_1793,45,51,2
clan_46554,clan_45259,45,51,2
clan_9834,clan_20466,45,51,2
clan_30019,clan_15057,45,51,2
clan_983,clan_830,45,51,2
clan_8531,clan_590,45,51,2
clan_3754,clan_38542,45,51,2
clan_47554,clan_41527,45,51,2
clan_4264,clan_18945,45,51,2
clan_38457,clan_44432,45,51,2
clan_25850,clan_34863,45,51,2
clan_28338,clan_47555,45,51,2
clan_45671,clan_45887,45,51,2
clan_3682,clan_17197,45,51,2
clan_10114,clan_9668,45,51,2
clan_47995,clan_43002,45,51,2
clan_12312,clan_21035,45,51,2
clan_6471,clan_14305,45,51,2
clan_48279,clan_44757,45,51,2
clan_22475,clan_21807,45,51,2
clan_12865,clan_34803,45,51,2
clan_16800,clan_5303,45,51,2
clan_17083,clan_25172,45,51,2
clan_22856,clan_9917,45,51,2
clan_2375,clan_30671,45,51,2
clan_38104,clan_41485,45,51,2
clan_31983,clan_44288,45,51,2
clan_31496,clan_25790,45,51,2
clan_31393,clan_15510,45,51,2
clan_2288,clan_45945,45,51,2
clan_25928,clan_17304,45,51,2
clan_25479,clan_14813,45,51,2
clan_33516,clan_45130,45,51,2
clan_25415,clan_14768,45,51,2
clan_4417,clan_16105,45,51,2
clan_7165,clan_20284,45,51,2
clan_22762,clan_38316,45,51,2
clan_928,clan_44342,45,51,2
clan_13837,clan_14276,45,51,2
clan_46289,clan_33956,45,51,2
clan_43413,clan_42641,45,51,2
clan_45934,clan_23725,45,51,2
clan_38891,clan_20909,45,51,2
clan_11867,clan_1160,45,51,2
clan_13771,clan_26370,45,51,2
clan_41067,clan_44642,45,51,2
clan_1680,clan_1195,45,51,2
clan_38182,clan_34109,45,51,2
clan_8115,clan_22755,45,51,2
clan_35784,clan_42436,45,51,2
clan_1144,clan_45579,45,51,2
clan_32007,clan_27682,45,51,2
clan_20734,clan_23047,45,51,2
clan_41430,clan_36827,45,51,2
clan_39261,clan_40479,45,51,2
clan_24058,clan_1965,45,51,2
clan_44226,clan_43034,45,51,2
clan_33754,clan_783,45,51,2
clan_47861,clan_47773,45,51,2
clan_9481,clan_14904,45,51,2
clan_40764,clan_40616,45,51,2
clan_35587,clan_1445,45,51,2
clan_44487,clan_5153,45,51,2
clan_2292,clan_14963,45,51,2
clan_15484,clan_33109,45,51,2
clan_5640,clan_33201,45,51,2
clan_5162,clan_11975,45,51,2
clan_40442,clan_819,45,51,2
clan_4485,clan_25112,45,51,2
clan_1185,clan_43102,45,51,2
clan_38006,clan_43144,45,51,2
clan_39444,clan_13270,45,51,2
clan_32833,clan_39272,45,51,2
clan_25439,clan_7379,45,51,2
clan_44206,clan_43942,45,51,2
clan_33929,clan_47981,45,51,2
clan_18933,clan_10977,45,51,2
clan_15800,clan_10081,45,52,2
clan_17804,clan_26943,45,52,2
clan_9580,clan_22296,45,52,2
clan_21522,clan_31567,45,52,2
clan_20139,clan_18965,45,52,2
clan_37748,clan_21816,45,52,2
clan_34048,clan_11220,45,52,2
clan_8358,clan_11484,45,52,2
clan_37671,clan_25492,45,52,2
clan_7125,clan_45170,45,53,2
clan_36243,clan_29265,45,53,2
clan_40677,clan_42552,45,53,2
clan_41577,clan_32322,45,53,2
clan_27762,clan_8720,45,53,2
clan_15124,clan_26971,45,53,2
clan_21621,clan_12681,45,53,2
clan_47613,clan_44998,45,53,2
clan_11013,clan_14314,45,53,2
clan_36689,clan_42430,45,53,2
clan_34348,clan_13887,45,53,2
clan_12730,clan_2671,45,53,2
clan_32212,clan_11893,45,53,2
clan_1146,clan_41214,45,53,2
clan_12763,clan_28143,45,53,2
clan_14390,clan_29264,45,53,2
clan_36798,clan_3074,45,53,2
clan_41774,clan_48152,45,53,2
clan_36605,clan_1852,45,53,2
clan_42590,clan_41694,45,53,2
clan_46294,clan_44428,45,53,2
clan_8360,clan_19364,45,53,2
clan_23373,clan_18527,45,53,2
clan_19140,clan_28247,45,53,2
clan_5691,clan_34233,45,53,2
clan_43276,clan_1310,45,53,2
clan_34588,clan_40755,45,54,2
clan_41616,clan_46004,45,54,2
clan_21167,clan_28329,45,54,2
clan_33767,clan_25320,45,54,2
clan_43338,clan_18698,45,54,2
clan_43934,clan_15241,45,54,2
clan_34525,clan_36248,45,54,2
clan_11381,clan_38797,45,54,2
clan_13425,clan_15556,45,54,2
clan_17911,clan_11322,45,54,2
clan_29196,clan_17028,45,54,2
clan_11016,clan_29326,45,54,2
clan_12536,clan_36903,45,54,2
clan_28840,clan_32683,45,54,2
clan_25671,clan_38206,45,54,2
clan_16265,clan_26624,45,54,2
clan_10385,clan_19131,45,54,2
clan_15450,clan_25407,45,54,2
clan_11225,clan_29629,45,54,2
clan_24218,clan_27464,45,54,2
clan_4022,clan_23673,45,54,2
clan_33675,clan_13810,45,54,2
clan_40843,clan_42387,45,54,2
clan_39658,clan_23554,45,54,2
clan_37253,clan_46397,45,54,2
clan_31606,clan_34511,45,54,2
clan_45014,clan_47393,45,54,2
clan_27207,clan_43350,45,54,2
clan_43115,clan_43299,45,54,2
clan_36559,clan_40123,45,54,2
clan_28910,clan_15216,45,54,2
clan_26995,clan_46602,45,54,2
clan_1074,clan_45033,45,54,2
clan_35788,clan_42216,45,54,2
clan_44760,clan_47083,45,54,2
clan_43232,clan_39994,45,54,2
clan_45211,clan_32394,45,54,2
clan_47020,clan_21891,45,54,2
clan_34459,clan_47580,45,54,2
clan_39834,clan_44411,45,54,2
clan_22158,clan_15100,45,54,2
clan_1414,clan_44702,45,54,2
clan_31874,clan_36786,45,54,2
clan_25246,clan_27617,45,54,2
clan_10109,clan_20867,45,54,2
clan_37645,clan_40807,45,54,2
clan_10694,clan_7843,45,54,2
clan_47528,clan_37345,45,54,2
clan_32333,clan_31706,45,54,2
clan_41159,clan_151,45,54,2
clan_45327,clan_46977,45,54,2
clan_19693,clan_45923,45,54,2
clan_41215,clan_44588,45,54,2
clan_25350,clan_40288,45,54,2
clan_27896,clan_4664,45,54,2
clan_32513,clan_22561,45,54,2
clan_9372,clan_26329,45,54,2
clan_25558,clan_11891,45,54,2
clan_31276,clan_39351,45,54,2
clan_27884,clan_24845,45,54,2
clan_20893,clan_6260,45,54,2
clan_34987,clan_29977,45,54,2
clan_5045,clan_36069,45,54,2
clan_39962,clan_10403,45,54,2
clan_28588,clan_18408,45,54,2
clan_22221,clan_25719,45,54,2
clan_39503,clan_20699,45,54,2
clan_31537,clan_14841,45,54,2
clan_12276,clan_32845,45,54,2
clan_18576,clan_31383,45,54,2
clan_26256,clan_46669,45,54,2
clan_27840,clan_37397,45,54,2
clan_2217,clan_23852,45,54,2
clan_13568,clan_21262,45,54,2
clan_41550,clan_34172,45,54,2
clan_9770,clan_30842,45,54,2
clan_6126,clan_11179,45,54,2
clan_37981,clan_2286,45,54,2
clan_39276,clan_21585,45,54,2
clan_3037,clan_37269,45,54,2
clan_36880,clan_34283,45,54,2
clan_38015,clan_45231,45,54,2
clan_30321,clan_37511,45,54,2
clan_8498,clan_14188,45,54,2
clan_35719,clan_34434,45,54,2
clan_16165,clan_26262,45,54,2
clan_35502,clan_39615,45,54,2
clan_23215,clan_34856,45,54,2
clan_14976,clan_22052,45,54,2
clan_11485,clan_19115,45,54,2
clan_31231,clan_11854,45,54,2
clan_31723,clan_25722,45,54,2
clan_30072,clan_38040,45,54,2
clan_23117,clan_20653,45,54,2
clan_36809,clan_15581,45,54,2
clan_39295,clan_31445,45,54,2
clan_23652,clan_27928,45,54,2
clan_36218,clan_35679,45,54,2
clan_25951,clan_32563,45,54,2
clan_28571,clan_26699,45,54,2
clan_20078,clan_6771,45,54,2
clan_35893,clan_26377,45,54,2
clan_45937,clan_39957,45,54,2
clan_26239,clan_25351,45,54,2
clan_45393,clan_44547,45,54,2
clan_39755,clan_37053,45,54,2
clan_6269,clan_10347,45,54,2
clan_1338,clan_48506,45,54,2
clan_33786,clan_29917,45,54,2
clan_35050,clan_354,45,54,2
clan_38058,clan_45119,45,54,2
clan_40641,clan_48518,45,54,2
clan_6557,clan_33375,45,54,2
clan_11716,clan_36328,45,54,2
clan_46414,clan_45140,45,54,2
clan_35770,clan_16681,45,54,2
clan_31713,clan_39870,45,54,2
clan_31369,clan_47321,45,54,2
clan_46435,clan_1096,45,54,2
clan_18886,clan_7132,45,54,2
clan_35074,clan_40105,45,54,2
clan_8947,clan_25948,45,54,2
clan_1330,clan_656,45,54,2
clan_42674,clan_36358,45,54,2
clan_10400,clan_28460,45,54,2
clan_38648,clan_34362,45,54,2
clan_44358,clan_41296,45,54,2
clan_29850,clan_47074,45,54,2
clan_43578,clan_30427,45,54,2
clan_17648,clan_30850,45,54,2
clan_5237,clan_4709,45,54,2
clan_41219,clan_46966,45,54,2
clan_26541,clan_16045,45,54,2
clan_11314,clan_36745,45,54,2
clan_30205,clan_34262,45,54,2
clan_2282,clan_42749,45,54,2
clan_25923,clan_26189,45,54,2
clan_30596,clan_29361,45,54,2
clan_10902,clan_35590,45,54,2
clan_31648,clan_30263,45,54,2
clan_29690,clan_38590,45,54,2
clan_1504,clan_45149,45,54,2
clan_2858,clan_37149,45,54,2
clan_37956,clan_47943,45,54,2
clan_20154,clan_38300,45,54,2
clan_28363,clan_18126,45,54,2
clan_14302,clan_16586,45,54,2
clan_24382,clan_40342,45,54,2
clan_38859,clan_3177,45,54,2
clan_30446,clan_44166,45,54,2
clan_30588,clan_31258,45,54,2
clan_33776,clan_37947,45,54,2
clan_22347,clan_40628,45,54,2
clan_33985,clan_30163,45,54,2
clan_31223,clan_25470,45,54,2
clan_7420,clan_14509,45,54,2
clan_13819,clan_29052,45,54,2
clan_12346,clan_43215,45,54,2
clan_40437,clan_26139,45,54,2
clan_43712,clan_35989,45,54,2
clan_47946,clan_42132,45,54,2
clan_39777,clan_46234,45,54,2
clan_40038,clan_44239,45,54,2
clan_48184,clan_44758,45,56,2
clan_8732,clan_31486,45,56,2
clan_45582,clan_46807,45,56,2
clan_44249,clan_42917,45,56,2
clan_34858,clan_26908,45,56,2
clan_29607,clan_41459,45,57,2
clan_13827,clan_20969,45,57,2
clan_44433,clan_29366,45,57,2
clan_14890,clan_33099,45,57,2
clan_17261,clan_39501,45,57,2
clan_38576,clan_40392,45,57,2
clan_45811,clan_45275,45,57,2
clan_33866,clan_41515,45,57,2
clan_38434,clan_457,45,57,2
clan_29624,clan_15348,45,57,2
clan_46620,clan_631,45,57,2
clan_10905,clan_15254,45,57,2
clan_24483,clan_6247,45,57,2
clan_389,clan_24506,45,57,2
clan_11358,clan_5390,45,57,2
clan_26157,clan_24749,45,57,2
clan_47485,clan_46319,45,57,2
clan_37447,clan_42469,45,57,2
clan_14406,clan_36937,45,57,2
clan_16535,clan_31944,45,57,2
clan_21562,clan_30492,45,57,2
clan_47514,clan_46910,45,57,2
clan_13459,clan_24893,45,57,2
clan_43233,clan_27011,45,57,2
clan_1990,clan_1950,45,57,2
clan_42507,clan_45668,45,57,2
clan_10958,clan_47204,45,57,2
clan_32234,clan_26771,45,57,2
clan_40531,clan_34043,45,57,2
clan_31239,clan_48087,45,57,2
clan_570,clan_45200,45,57,2
clan_29844,clan_26560,45,57,2
clan_48361,clan_48460,45,57,2
clan_21598,clan_18860,45,57,2
clan_4914,clan_28089,45,57,2
clan_12301,clan_34744,45,57,2
clan_3826,clan_31912,45,57,2
clan_20851,clan_3476,45,57,2
clan_33971,clan_31972,45,57,2
clan_21410,clan_39641,45,57,2
clan_4307,clan_12667,45,57,2
clan_46631,clan_46291,45,57,2
clan_18192,clan_12669,45,57,2
clan_28178,clan_38791,45,57,2
clan_42167,clan_411,45,57,2
clan_20587,clan_28292,45,57,2
clan_32184,clan_40529,45,57,2
clan_48493,clan_48375,45,57,2
clan_33306,clan_20013,45,57,2
clan_4342,clan_31269,45,57,2
clan_9234,clan_10152,45,57,2
clan_15130,clan_12245,45,57,2
clan_9649,clan_32848,45,57,2
clan_32428,clan_17841,45,57,2
clan_28754,clan_23909,45,57,2
clan_16961,clan_30487,45,57,2
clan_37599,clan_36118,45,57,2
clan_28920,clan_28904,45,57,2
clan_17080,clan_20248,45,57,2
clan_44243,clan_42423,45,57,2
clan_1592,clan_36642,45,57,2
clan_20317,clan_45943,45,57,2
clan_27467,clan_40815,45,57,2
clan_38511,clan_42786,45,57,2
clan_33593,clan_26603,45,57,2
clan_15289,clan_27638,45,57,2
clan_9502,clan_28837,45,57,2
clan_32402,clan_40870,45,57,2
clan_30409,clan_31994,45,57,2
clan_42655,clan_31414,45,57,2
clan_34244,clan_43193,45,57,2
clan_29986,clan_33331,45,57,2
clan_4644,clan_6561,45,57,2
clan_19603,clan_11728,45,57,2
clan_37305,clan_40578,45,57,2
clan_12735,clan_26953,45,57,2
clan_34611,clan_16877,45,57,2
clan_8042,clan_2072,45,57,2
clan_36923,clan_18960,45,57,2
clan_23533,clan_37898,45,57,2
clan_5220,clan_14303,45,57,2
clan_28102,clan_29627,45,57,2
clan_35387,clan_31175,45,57,2
clan_1849,clan_35366,45,57,2
clan_28547,clan_16918,45,57,2
clan_23837,clan_4431,45,57,2
clan_31498,clan_37183,45,57,2
clan_48373,clan_41718,45,57,2
clan_22162,clan_45787,45,57,2
clan_7874,clan_9446,45,57,2
clan_14057,clan_42694,45,57,2
clan_43545,clan_45199,45,57,2
clan_23842,clan_36175,45,57,2
clan_12678,clan_23340,45,57,2
clan_40583,clan_43948,45,57,2
clan_11786,clan_20307,45,57,2
clan_4221,clan_35310,45,57,2
clan_19964,clan_27132,45,57,2
clan_26666,clan_15049,45,57,2
clan_22204,clan_34435,45,57,2
clan_19502,clan_33380,45,57,2
clan_48393,clan_44170,45,57,2
clan_38071,clan_5585,45,57,2
clan_47078,clan_36008,45,57,2
clan_14548,clan_7963,45,57,2
clan_4637,clan_22076,45,57,2
clan_25715,clan_47035,45,57,2
clan_12338,clan_2441,45,57,2
clan_6536,clan_35091,45,57,2
clan_8303,clan_17787,45,57,2
clan_544,clan_29076,45,57,2
clan_7872,clan_29765,45,57,2
clan_1543,clan_46163,45,57,2
clan_27788,clan_36530,45,57,2
clan_11660,clan_19569,45,57,2
clan_42856,clan_34814,45,57,2
clan_45799,clan_44336,45,57,2
clan_44022,clan_27547,45,57,2
clan_45701,clan_38242,45,57,2
clan_649,clan_44469,45,57,2
clan_41181,clan_941,45,57,2
clan_41586,clan_42891,45,57,2
clan_16893,clan_41135,45,57,2
clan_26133,clan_339,45,57,2
clan_27560,clan_197,45,57,2
clan_10221,clan_17523,45,57,2
clan_40600,clan_41506,45,57,2
clan_5371,clan_40404,45,57,2
clan_21330,clan_24948,45,57,2
clan_6037,clan_25615,45,57,2
clan_28495,clan_33339,45,57,2
clan_2802,clan_22517,45,57,2
clan_44015,clan_2247,45,57,2
clan_935,clan_44280,45,57,2
clan_29729,clan_16617,45,57,2
clan_3169,clan_20435,45,57,2
clan_39617,clan_43287,45,60,2
clan_28693,clan_19237,45,60,2
clan_40744,clan_39367,45,60,2
clan_70,clan_28985,45,60,2
clan_8684,clan_15593,45,60,2
clan_5895,clan_26122,45,60,2
clan_29368,clan_39786,45,60,2
clan_44435,clan_40934,45,60,2
clan_2987,clan_2365,45,60,2
clan_26312,clan_84,45,60,2
clan_30551,clan_24896,45,60,2
clan_27625,clan_12905,45,60,2
clan_38195,clan_35306,45,60,2
clan_14069,clan_21517,45,60,2
clan_45820,clan_47126,45,60,2
clan_2487,clan_4303,45,60,2
clan_28277,clan_13806,45,60,2
clan_36519,clan_14562,45,60,2
clan_2526,clan_12584,45,60,2
clan_46302,clan_48333,45,60,2
clan_29000,clan_5244,45,60,2
clan_34257,clan_38960,45,60,2
clan_39004,clan_41413,45,60,2
clan_30412,clan_32325,45,60,2
clan_34893,clan_38616,45,60,2
clan_32920,clan_7705,45,60,2
clan_34196,clan_1900,45,60,2
clan_45167,clan_46578,45,60,2
clan_22771,clan_9487,45,60,2
clan_21029,clan_22325,45,60,2
clan_15898,clan_25161,45,60,2
clan_44157,clan_1876,45,60,2
clan_23201,clan_7489,45,60,2
clan_33730,clan_17860,45,60,2
clan_20045,clan_18402,45,60,2
clan_47310,clan_45422,45,60,2
clan_920,clan_34700,45,60,2
clan_42171,clan_1993,45,60,2
clan_21905,clan_2653,45,60,2
clan_6200,clan_37396,45,60,2
clan_15307,clan_36525,45,60,2
clan_5141,clan_35922,45,60,2
clan_25384,clan_38068,45,60,2
clan_29777,clan_36253,45,60,2
clan_33088,clan_40792,45,60,2
clan_22049,clan_15880,45,60,2
clan_35600,clan_27714,45,60,2
clan_36150,clan_48220,45,60,2
clan_21496,clan_23575,45,60,2
clan_45709,clan_31176,45,60,2
clan_4686,clan_28002,45,60,2
clan_29018,clan_39826,45,60,2
clan_7343,clan_23910,45,60,2
clan_36079,clan_38645,45,60,2
clan_47172,clan_46088,45,60,2
clan_22721,clan_31156,45,60,2
clan_20241,clan_33148,45,60,2
clan_43814,clan_36759,45,60,2
clan_45082,clan_36629,45,60,2
clan_42022,clan_42456,45,60,2
clan_22836,clan_21993,45,60,2
clan_23043,clan_22422,45,63,2
clan_47036,clan_32419,45,63,2
clan_43065,clan_923,45,63,2
clan_23730,clan_47394,45,63,2
clan_31334,clan_40961,45,63,2
clan_45403,clan_200,45,63,2
clan_26085,clan_19551,45,63,2
clan_29821,clan_31222,45,63,2
clan_16868,clan_35304,45,63,2
clan_42611,clan_45760,45,63,2
clan_2383,clan_36999,45,63,2
clan_14699,clan_21745,45,63,2
clan_26435,clan_26208,45,63,2
clan_6032,clan_10611,45,63,2
clan_33917,clan_1280,45,63,2
clan_18016,clan_15362,45,63,2
clan_15962,clan_33797,45,63,2
clan_14154,clan_9389,45,63,2
clan_36442,clan_26173,45,63,2
clan_21601,clan_5660,45,63,2
clan_31352,clan_28372,45,63,2
clan_18332,clan_4931,45,63,2
clan_10755,clan_24248,45,63,2
clan_30418,clan_37274,45,63,2
clan_47305,clan_48556,45,63,2
clan_41564,clan_45216,45,63,2
clan_40157,clan_3885,45,63,2
clan_21072,clan_18917,45,63,2
clan_41912,clan_32483,45,63,2
clan_16615,clan_24274,45,63,2
clan_8285,clan_23922,45,63,2
clan_43003,clan_7332,45,63,2
clan_33592,clan_4941,45,63,2
clan_6301,clan_19930,45,63,2
clan_44052,clan_26349,45,63,2
clan_30880,clan_19335,45,63,2
clan_43445,clan_34015,45,63,2
clan_34437,clan_25477,45,63,2
clan_10457,clan_32518,45,63,2
clan_32892,clan_27237,45,63,2
clan_30349,clan_33669,45,63,2
clan_41739,clan_40903,45,63,2
clan_45021,clan_36747,45,63,2
clan_47025,clan_804,45,63,2
clan_12689,clan_31844,45,63,2
clan_693,clan_40235,45,63,2
clan_40590,clan_23839,45,63,2
clan_17687,clan_27262,45,63,2
clan_48228,clan_47130,45,63,2
clan_38332,clan_8134,45,63,2
clan_1737,clan_1011,45,63,2
clan_41950,clan_43306,45,63,2
clan_14386,clan_30798,45,63,2
clan_18261,clan_9898,45,63,2
clan_45233,clan_45745,45,63,2
clan_689,clan_12060,45,63,2
clan_612,clan_47132,45,63,2
clan_41313,clan_37247,45,63,2
clan_8470,clan_29942,45,63,2
clan_44233,clan_41957,45,63,2
clan_25319,clan_36297,45,63,2
clan_6023,clan_37681,45,63,2
clan_1120,clan_46297,45,63,2
clan_14479,clan_24348,45,63,2
clan_41712,clan_36718,45,63,2
clan_22973,clan_36859,45,63,2
clan_31272,clan_11230,45,63,2
clan_33606,clan_41786,45,63,2
clan_9162,clan_19252,45,63,2
clan_39976,clan_27936,45,63,2
clan_1966,clan_1154,45,63,2
clan_27245,clan_14200,45,63,2
clan_29847,clan_40116,45,63,2
clan_5513,clan_7848,45,63,2
clan_42361,clan_38364,45,63,2
clan_864,clan_33780,45,63,2
clan_40957,clan_27184,45,63,2
clan_36927,clan_39328,45,63,2
clan_39607,clan_28950,45,63,2
clan_14613,clan_24185,45,63,2
clan_2038,clan_46917,45,63,2
clan_45442,clan_730,45,63,2
clan_18167,clan_28243,45,63,2
clan_8147,clan_19463,45,63,2
clan_7985,clan_35967,45,63,2
clan_21402,clan_16096,45,63,2
clan_1658,clan_47874,45,63,2
clan_34971,clan_32719,45,63,2
clan_17236,clan_21245,45,63,2
clan_27368,clan_13801,45,63,2
clan_10793,clan_42465,45,63,2
clan_37048,clan_46932,45,63,2
clan_6586,clan_37182,45,63,2
clan_29929,clan_32797,45,63,2
clan_8359,clan_20130,45,63,2
clan_29248,clan_46574,45,63,2
clan_823,clan_832,45,63,2
clan_12843,clan_30839,45,63,2
clan_21443,clan_14079,45,63,2
clan_17526,clan_12549,45,63,2
clan_16087,clan_44209,45,63,2
clan_18196,clan_20325,45,63,2
clan_23153,clan_13625,45,63,2
clan_44869,clan_34487,45,63,2
clan_21537,clan_27430,45,63,2
clan_13467,clan_4341,45,63,2
clan_43476,clan_2270,45,63,2
clan_3413,clan_44586,45,63,2
clan_4175,clan_33891,45,63,2
clan_24745,clan_20769,45,63,2
clan_33155,clan_28805,45,63,2
clan_1053,clan_46200,45,63,2
clan_11971,clan_45785,45,63,2
clan_19850,clan_44680,45,63,2
clan_38100,clan_30698,45,63,2
clan_34274,clan_39009,45,63,2
clan_27620,clan_33362,45,63,2
clan_43147,clan_8853,45,63,2
clan_1639,clan_41198,45,63,2
clan_18048,clan_28018,45,63,2
clan_42630,clan_47418,45,63,2
clan_14599,clan_22450,45,63,2
clan_42595,clan_17399,45,63,2
clan_33685,clan_32929,45,63,2
clan_39370,clan_40791,45,63,2
clan_16487,clan_36284,45,63,2
clan_47916,clan_47640,45,63,2
clan_7319,clan_3728,45,63,2
clan_38716,clan_1017,45,63,2
clan_36877,clan_16792,45,63,2
clan_46577,clan_38295,45,63,2
clan_38362,clan_2678,45,63,2
clan_41684,clan_23557,45,63,2
clan_9850,clan_11150,45,63,2
clan_47108,clan_48384,45,63,2
clan_45963,clan_45382,45,63,2
clan_41602,clan_31882,45,63,2
clan_33716,clan_12399,45,63,2
clan_32802,clan_42632,45,63,2
clan_22209,clan_46550,45,63,2
clan_36807,clan_31302,45,63,2
clan_662,clan_409,45,63,2
clan_45116,clan_47973,45,63,2
clan_36314,clan_44603,45,63,2
clan_182,clan_496,45,63,2
clan_47372,clan_47560,45,68,2
clan_1281,clan_1843,45,69,2
clan_1586,clan_1320,45,72,2
clan_43173,clan_45595,45,72,2
clan_36777,clan_606,45,75,2
clan_845,clan_99,45,80,2
clan_523,clan_47897,45,81,2
clan_1563,clan_891,45,84,2
clan_42823,clan_47933,45,84,2
clan_126,clan_396,45,84,2
clan_1068,clan_1097,45,84,2
clan_8158,clan_4525,46,18,1
clan_5526,clan_5894,46,21,1
clan_8190,clan_10090,46,23,1
clan_19004,clan_25117,46,24,1
clan_11549,clan_15735,46,24,1
clan_27839,clan_21853,46,26,1
clan_20347,clan_2121,46,26,1
clan_5669,clan_18958,46,26,1
clan_10538,clan_13204,46,27,1
clan_8655,clan_8429,46,27,1
clan_8925,clan_15457,46,28,1
clan_23572,clan_14842,46,28,1
clan_12264,clan_22020,46,29,1
clan_22999,clan_30833,46,29,1
clan_15803,clan_24843,46,29,1
clan_31897,clan_13772,46,30,1
clan_6579,clan_3455,46,31,1
clan_14101,clan_24581,46,31,1
clan_4392,clan_10491,46,31,1
clan_2660,clan_7814,46,31,1
clan_11076,clan_23821,46,31,1
clan_15616,clan_15340,46,31,1
clan_1571,clan_973,46,31,1
clan_26158,clan_4829,46,32,1
clan_15087,clan_25326,46,32,1
clan_6316,clan_7242,46,32,1
clan_45548,clan_32907,46,32,1
clan_21498,clan_32200,46,33,1
clan_28939,clan_3375,46,33,1
clan_45109,clan_9488,46,33,1
clan_6814,clan_11111,46,33,1
clan_9278,clan_6607,46,33,1
clan_9295,clan_7269,46,34,1
clan_25491,clan_5971,46,34,1
clan_30165,clan_23517,46,34,1
clan_34184,clan_27677,46,34,1
clan_17307,clan_6764,46,35,1
clan_4677,clan_28390,46,35,1
clan_7903,clan_34071,46,35,1
clan_21266,clan_2484,46,36,1
clan_37007,clan_478,46,36,1
clan_15030,clan_2777,46,36,1
clan_2563,clan_4568,46,36,1
clan_2325,clan_35474,46,36,1
clan_9108,clan_19890,46,36,1
clan_34068,clan_32722,46,36,1
clan_7004,clan_13062,46,36,1
clan_9598,clan_12306,46,36,1
clan_5386,clan_23492,46,37,1
clan_13353,clan_6589,46,37,1
clan_21749,clan_22480,46,37,1
clan_4493,clan_7052,46,37,1
clan_28718,clan_25889,46,37,1
clan_27232,clan_4994,46,37,1
clan_7111,clan_39201,46,37,1
clan_37925,clan_7899,46,38,1
clan_44102,clan_24735,46,38,1
clan_9011,clan_16791,46,38,1
clan_6282,clan_7415,46,38,1
clan_7876,clan_5335,46,38,1
clan_21193,clan_19636,46,38,1
clan_41189,clan_37736,46,39,1
clan_14679,clan_25689,46,39,1
clan_25875,clan_22857,46,39,1
clan_20977,clan_3965,46,39,1
clan_7854,clan_23761,46,39,1
clan_8330,clan_7636,46,39,1
clan_2804,clan_26398,46,39,1
clan_11267,clan_11464,46,40,1
clan_43130,clan_14041,46,40,1
clan_14037,clan_15639,46,40,1
clan_6486,clan_20280,46,40,1
clan_10447,clan_16302,46,40,1
clan_13263,clan_17588,46,40,1
clan_22445,clan_13621,46,40,1
clan_11450,clan_21372,46,41,1
clan_8020,clan_28511,46,41,1
clan_40045,clan_36620,46,41,1
clan_20483,clan_12034,46,41,1
clan_2878,clan_5571,46,41,1
clan_16892,clan_20482,46,41,1
clan_40068,clan_40594,46,41,1
clan_26939,clan_37518,46,41,1
clan_45365,clan_45910,46,42,1
clan_2984,clan_8047,46,42,1
clan_9014,clan_32050,46,42,1
clan_28928,clan_33404,46,42,1
clan_12537,clan_10107,46,42,1
clan_20030,clan_7666,46,42,1
clan_46130,clan_27389,46,43,1
clan_18315,clan_10919,46,43,1
clan_1567,clan_44484,46,43,1
clan_939,clan_6253,46,43,1
clan_16079,clan_15360,46,44,1
clan_25157,clan_19940,46,44,1
clan_32219,clan_27191,46,44,1
clan_29974,clan_24436,46,44,1
clan_19240,clan_5749,46,44,1
clan_25759,clan_20961,46,44,1
clan_16129,clan_5555,46,44,1
clan_9292,clan_24662,46,45,1
clan_6897,clan_30604,46,45,1
clan_9673,clan_28946,46,45,1
clan_10349,clan_7179,46,45,1
clan_13953,clan_13449,46,45,1
clan_23987,clan_15823,46,45,1
clan_9302,clan_39506,46,45,1
clan_20875,clan_11010,46,45,1
clan_39891,clan_47599,46,45,1
clan_37691,clan_36930,46,45,1
clan_6902,clan_24782,46,45,1
clan_20764,clan_25597,46,45,1
clan_34045,clan_46236,46,45,1
clan_37519,clan_42093,46,45,1
clan_47547,clan_39866,46,45,1
clan_35664,clan_6636,46,45,1
clan_30015,clan_18186,46,45,1
clan_19910,clan_13378,46,45,1
clan_21187,clan_8381,46,47,2
clan_22225,clan_22898,46,47,2
clan_36654,clan_27346,46,47,2
clan_23465,clan_2363,46,47,2
clan_7649,clan_6477,46,47,2
clan_36384,clan_19627,46,47,2
clan_22418,clan_15010,46,47,2
clan_43620,clan_47077,46,48,2
clan_20562,clan_32405,46,48,2
clan_795,clan_1645,46,48,2
clan_17362,clan_22293,46,48,2
clan_28597,clan_9309,46,49,2
clan_24295,clan_16000,46,50,2
clan_25080,clan_39682,46,50,2
clan_39044,clan_33711,46,50,2
clan_12997,clan_21229,46,50,2
clan_23597,clan_35501,46,51,2
clan_41221,clan_40587,46,51,2
clan_6847,clan_21751,46,51,2
clan_4658,clan_14052,46,51,2
clan_45666,clan_46991,46,51,2
clan_10264,clan_19962,46,51,2
clan_42745,clan_44844,46,51,2
clan_26462,clan_46511,46,51,2
clan_2645,clan_32622,46,52,2
clan_13283,clan_20464,46,53,2
clan_18973,clan_30884,46,53,2
clan_565,clan_77,46,57,2
clan_7751,clan_5553,46,57,2
clan_36743,clan_43761,46,57,2
clan_47153,clan_48419,46,62,2
clan_48298,clan_48452,46,66,2
clan_616,clan_120,46,72,2
clan_690,clan_431,46,80,2
clan_7063,clan_11717,47,18,1
clan_16145,clan_20527,47,20,1
clan_18022,clan_10853,47,25,1
clan_27432,clan_35209,47,25,1
clan_3053,clan_22853,47,26,1
clan_3573,clan_8896,47,26,1
clan_4089,clan_5190,47,27,1
clan_29331,clan_30150,47,27,1
clan_14660,clan_9690,47,27,1
clan_14342,clan_13185,47,28,1
clan_24740,clan_16398,47,28,1
clan_33125,clan_6838,47,28,1
clan_31052,clan_9950,47,29,1
clan_15959,clan_16842,47,29,1
clan_12893,clan_14570,47,29,1
clan_45936,clan_24985,47,29,1
clan_24335,clan_7811,47,29,1
clan_26535,clan_18166,47,30,1
clan_3127,clan_10514,47,30,1
clan_17191,clan_8432,47,30,1
clan_14214,clan_7279,47,30,1
clan_6806,clan_8633,47,31,1
clan_9701,clan_11977,47,32,1
clan_178,clan_46513,47,32,1
clan_30532,clan_23096,47,32,1
clan_27178,clan_2347,47,32,1
clan_7398,clan_18287,47,33,1
clan_6959,clan_4802,47,33,1
clan_32839,clan_7646,47,33,1
clan_259,clan_17289,47,33,1
clan_18701,clan_6525,47,33,1
clan_2188,clan_27421,47,33,1
clan_12863,clan_20129,47,34,1
clan_37015,clan_35287,47,34,1
clan_17402,clan_25509,47,34,1
clan_47672,clan_1531,47,34,1
clan_21174,clan_30069,47,34,1
clan_6559,clan_9075,47,35,1
clan_160,clan_43586,47,35,1
clan_42652,clan_14598,47,35,1
clan_44658,clan_39963,47,35,1
clan_4759,clan_2846,47,35,1
clan_2243,clan_25039,47,35,1
clan_1085,clan_32113,47,35,1
clan_40671,clan_20712,47,35,1
clan_3424,clan_12367,47,35,1
clan_43388,clan_30339,47,35,1
clan_44968,clan_46677,47,35,1
clan_28550,clan_18949,47,36,1
clan_18293,clan_26921,47,36,1
clan_38692,clan_35930,47,36,1
clan_4013,clan_19458,47,36,1
clan_9832,clan_25054,47,36,1
clan_24779,clan_13279,47,36,1
clan_48485,clan_46318,47,36,1
clan_25510,clan_10603,47,37,1
clan_11757,clan_29685,47,37,1
clan_23143,clan_4981,47,37,1
clan_2510,clan_26685,47,37,1
clan_14586,clan_28380,47,37,1
clan_42281,clan_1230,47,37,1
clan_9145,clan_11536,47,37,1
clan_5773,clan_2362,47,37,1
clan_11210,clan_8541,47,38,1
clan_24283,clan_14060,47,38,1
clan_8119,clan_39163,47,38,1
clan_17683,clan_29423,47,38,1
clan_6948,clan_12829,47,38,1
clan_5010,clan_9529,47,38,1
clan_43052,clan_471,47,38,1
clan_11792,clan_40239,47,38,1
clan_39514,clan_41362,47,38,1
clan_31370,clan_41446,47,38,1
clan_8901,clan_14614,47,39,1
clan_7373,clan_8384,47,39,1
clan_40107,clan_45814,47,39,1
clan_21581,clan_42925,47,39,1
clan_44323,clan_48292,47,39,1
clan_14843,clan_19034,47,39,1
clan_8264,clan_28163,47,39,1
clan_31543,clan_1969,47,39,1
clan_2861,clan_24859,47,39,1
clan_43644,clan_27040,47,39,1
clan_13349,clan_15754,47,39,1
clan_28012,clan_25771,47,39,1
clan_4231,clan_28232,47,39,1
clan_15679,clan_4586,47,39,1
clan_17516,clan_9859,47,39,1
clan_8056,clan_17710,47,40,1
clan_28548,clan_27845,47,40,1
clan_2488,clan_3764,47,40,1
clan_16084,clan_10566,47,40,1
clan_13451,clan_2845,47,40,1
clan_27452,clan_11384,47,40,1
clan_25455,clan_14308,47,41,1
clan_37908,clan_11738,47,41,1
clan_16502,clan_11989,47,41,1
clan_20479,clan_27253,47,41,1
clan_39404,clan_44815,47,41,1
clan_16229,clan_10532,47,41,1
clan_14508,clan_21809,47,41,1
clan_9602,clan_2831,47,41,1
clan_12702,clan_12223,47,41,1
clan_46682,clan_42230,47,41,1
clan_47385,clan_27208,47,41,1
clan_17964,clan_22265,47,41,1
clan_18666,clan_3908,47,41,1
clan_41657,clan_43799,47,41,1
clan_19044,clan_7195,47,41,1
clan_20989,clan_17595,47,42,1
clan_27482,clan_12523,47,42,1
clan_27667,clan_37584,47,42,1
clan_17072,clan_26691,47,42,1
clan_20568,clan_9848,47,42,1
clan_33770,clan_36638,47,42,1
clan_45336,clan_44860,47,42,1
clan_13259,clan_1873,47,42,1
clan_26833,clan_38191,47,42,1
clan_12068,clan_23258,47,42,1
clan_17991,clan_25576,47,42,1
clan_8487,clan_3012,47,42,1
clan_7388,clan_3099,47,42,1
clan_38724,clan_38468,47,42,1
clan_36892,clan_6606,47,42,1
clan_33643,clan_40312,47,42,1
clan_16786,clan_33884,47,42,1
clan_3317,clan_16425,47,43,1
clan_21134,clan_16599,47,43,1
clan_3558,clan_26689,47,43,1
clan_46636,clan_44385,47,43,1
clan_40216,clan_31423,47,43,1
clan_18544,clan_7235,47,43,1
clan_10663,clan_16076,47,43,1
clan_30041,clan_40017,47,44,1
clan_47358,clan_45949,47,44,1
clan_24836,clan_14177,47,44,1
clan_10418,clan_2404,47,44,1
clan_40915,clan_42234,47,44,1
clan_15760,clan_25587,47,44,1
clan_27855,clan_25814,47,44,1
clan_44473,clan_1412,47,44,1
clan_47294,clan_45506,47,44,1
clan_47185,clan_45452,47,44,1
clan_25742,clan_27572,47,44,1
clan_38948,clan_34187,47,44,1
clan_41311,clan_44949,47,44,1
clan_13220,clan_28853,47,44,1
clan_18729,clan_41305,47,45,1
clan_10534,clan_22369,47,45,1
clan_32263,clan_8661,47,45,1
clan_35512,clan_21023,47,45,1
clan_26393,clan_25169,47,45,1
clan_3279,clan_39825,47,45,1
clan_25391,clan_18014,47,45,1
clan_24224,clan_21605,47,45,1
clan_21842,clan_17763,47,45,1
clan_25349,clan_30893,47,45,1
clan_43157,clan_39209,47,45,1
clan_23230,clan_20995,47,45,1
clan_27861,clan_10099,47,45,1
clan_18765,clan_29120,47,45,1
clan_21157,clan_23932,47,45,1
clan_43887,clan_33406,47,45,1
clan_26983,clan_26071,47,45,1
clan_15304,clan_40945,47,45,1
clan_3061,clan_8665,47,45,1
clan_17549,clan_26119,47,45,1
clan_48191,clan_28218,47,45,1
clan_42979,clan_9518,47,45,1
clan_25699,clan_10328,47,45,1
clan_21217,clan_30110,47,45,1
clan_29165,clan_9799,47,45,1
clan_18741,clan_5541,47,45,1
clan_1771,clan_37101,47,45,1
clan_42141,clan_13422,47,45,1
clan_31796,clan_11831,47,45,1
clan_6194,clan_16285,47,45,1
clan_45418,clan_48302,47,45,1
clan_29912,clan_14478,47,46,1
clan_29353,clan_27328,47,46,1
clan_15731,clan_3994,47,46,1
clan_31590,clan_27222,47,46,1
clan_6311,clan_26532,47,46,1
clan_31634,clan_28848,47,48,2
clan_18245,clan_37369,47,48,2
clan_9391,clan_7176,47,48,2
clan_23586,clan_14971,47,48,2
clan_37560,clan_44774,47,48,2
clan_27101,clan_9934,47,48,2
clan_23405,clan_30964,47,48,2
clan_36830,clan_22361,47,48,2
clan_16295,clan_24848,47,48,2
clan_42779,clan_36373,47,48,2
clan_16289,clan_3341,47,48,2
clan_25258,clan_41747,47,48,2
clan_25718,clan_16841,47,48,2
clan_46207,clan_44819,47,48,2
clan_36783,clan_30679,47,48,2
clan_28189,clan_28649,47,48,2
clan_30689,clan_28214,47,48,2
clan_35155,clan_20027,47,48,2
clan_12942,clan_29260,47,48,2
clan_23712,clan_44784,47,48,2
clan_23707,clan_11088,47,48,2
clan_43511,clan_42819,47,48,2
clan_9781,clan_10912,47,48,2
clan_44662,clan_36146,47,48,2
clan_27347,clan_27080,47,48,2
clan_1821,clan_1520,47,48,2
clan_32363,clan_34452,47,48,2
clan_1312,clan_38964,47,48,2
clan_25934,clan_18373,47,48,2
clan_25769,clan_7197,47,49,2
clan_20147,clan_24795,47,49,2
clan_23178,clan_30351,47,50,2
clan_7743,clan_23811,47,50,2
clan_14259,clan_26842,47,50,2
clan_34175,clan_29981,47,50,2
clan_11826,clan_23820,47,50,2
clan_18847,clan_2577,47,50,2
clan_38939,clan_44187,47,50,2
clan_38820,clan_20652,47,50,2
clan_15688,clan_21717,47,50,2
clan_46352,clan_46298,47,50,2
clan_34052,clan_27425,47,50,2
clan_9395,clan_30579,47,50,2
clan_760,clan_46908,47,50,2
clan_36819,clan_30745,47,51,2
clan_22028,clan_8221,47,51,2
clan_25440,clan_2214,47,51,2
clan_27545,clan_12651,47,51,2
clan_38671,clan_680,47,51,2
clan_13420,clan_30074,47,51,2
clan_24176,clan_34240,47,51,2
clan_2280,clan_48407,47,51,2
clan_30251,clan_43534,47,51,2
clan_36521,clan_32152,47,51,2
clan_7944,clan_9270,47,51,2
clan_15096,clan_20351,47,51,2
clan_19530,clan_5380,47,51,2
clan_40809,clan_33434,47,51,2
clan_4328,clan_40476,47,51,2
clan_40223,clan_31403,47,51,2
clan_33862,clan_10123,47,51,2
clan_24800,clan_20711,47,51,2
clan_17707,clan_27943,47,51,2
clan_38686,clan_29272,47,51,2
clan_31410,clan_41651,47,51,2
clan_22144,clan_19653,47,51,2
clan_30367,clan_36387,47,51,2
clan_30901,clan_35027,47,51,2
clan_3186,clan_31409,47,51,2
clan_37017,clan_10058,47,51,2
clan_24645,clan_25825,47,51,2
clan_8339,clan_29004,47,51,2
clan_26854,clan_36939,47,51,2
clan_42940,clan_46295,47,51,2
clan_36418,clan_44800,47,51,2
clan_30595,clan_41243,47,51,2
clan_45222,clan_39664,47,51,2
clan_24733,clan_8218,47,51,2
clan_41862,clan_34886,47,51,2
clan_28504,clan_10468,47,51,2
clan_35279,clan_33283,47,51,2
clan_24417,clan_7952,47,51,2
clan_531,clan_39394,47,51,2
clan_5410,clan_35450,47,51,2
clan_19152,clan_29024,47,51,2
clan_39434,clan_45254,47,51,2
clan_37456,clan_47168,47,51,2
clan_47041,clan_42772,47,51,2
clan_43025,clan_47757,47,53,2
clan_44511,clan_13061,47,53,2
clan_2765,clan_15680,47,53,2
clan_5095,clan_5957,47,53,2
clan_42388,clan_35990,47,53,2
clan_10309,clan_3649,47,54,2
clan_3645,clan_33063,47,54,2
clan_2320,clan_29941,47,54,2
clan_48430,clan_513,47,54,2
clan_41346,clan_25467,47,56,2
clan_44694,clan_47022,47,57,2
clan_44075,clan_39803,47,57,2
clan_6970,clan_32359,47,57,2
clan_6300,clan_875,47,57,2
clan_7586,clan_33690,47,57,2
clan_15333,clan_36726,47,57,2
clan_46116,clan_1354,47,57,2
clan_12782,clan_8813,47,57,2
clan_20356,clan_8504,47,57,2
clan_47751,clan_48392,47,57,2
clan_26857,clan_1942,47,57,2
clan_11906,clan_30145,47,57,2
clan_24404,clan_7600,47,57,2
clan_10564,clan_22915,47,57,2
clan_23017,clan_27223,47,57,2
clan_25392,clan_25799,47,57,2
clan_43167,clan_41194,47,57,2
clan_42084,clan_16223,47,57,2
clan_10363,clan_36012,47,57,2
clan_16735,clan_11125,47,57,2
clan_6915,clan_4054,47,57,2
clan_14664,clan_28930,47,57,2
clan_13130,clan_18952,47,57,2
clan_9031,clan_19862,47,57,2
clan_26970,clan_18403,47,57,2
clan_19077,clan_34146,47,57,2
clan_22210,clan_24049,47,57,2
clan_15626,clan_41205,47,57,2
clan_40501,clan_29811,47,57,2
clan_20914,clan_11345,47,57,2
clan_1959,clan_1897,47,57,2
clan_23819,clan_28252,47,57,2
clan_3843,clan_5158,48,13,1
clan_12331,clan_15281,48,14,1
clan_45629,clan_615,48,18,1
clan_17447,clan_2602,48,21,1
clan_7184,clan_12864,48,22,1
clan_11183,clan_15641,48,24,1
clan_13101,clan_13822,48,24,1
clan_8396,clan_2720,48,24,1
clan_5020,clan_29480,48,25,1
clan_4034,clan_16832,48,25,1
clan_23759,clan_30176,48,26,1
clan_15127,clan_14702,48,26,1
clan_22563,clan_12809,48,26,1
clan_5615,clan_4030,48,26,1
clan_26316,clan_15903,48,26,1
clan_25877,clan_9534,48,27,1
clan_37421,clan_10163,48,27,1
clan_4953,clan_5205,48,27,1
clan_16518,clan_9399,48,28,1
clan_17885,clan_24849,48,28,1
clan_18364,clan_15979,48,28,1
clan_16284,clan_27971,48,29,1
clan_5348,clan_13934,48,29,1
clan_28083,clan_21731,48,29,1
clan_3862,clan_14507,48,29,1
clan_25329,clan_26417,48,29,1
clan_5252,clan_5098,48,29,1
clan_31208,clan_8290,48,30,1
clan_20645,clan_10574,48,30,1
clan_13817,clan_4029,48,30,1
clan_10915,clan_9002,48,30,1
clan_14638,clan_14258,48,30,1
clan_13648,clan_4164,48,30,1
clan_4702,clan_22746,48,30,1
clan_6214,clan_20359,48,30,1
clan_13811,clan_6647,48,30,1
clan_29036,clan_19768,48,30,1
clan_22802,clan_20426,48,31,1
clan_6472,clan_13815,48,31,1
clan_28075,clan_3030,48,32,1
clan_5455,clan_23522,48,32,1
clan_20525,clan_31733,48,32,1
clan_27002,clan_19129,48,32,1
clan_13688,clan_9603,48,32,1
clan_2458,clan_12401,48,32,1
clan_6802,clan_14055,48,33,1
clan_45915,clan_43755,48,33,1
clan_17038,clan_4115,48,33,1
clan_23537,clan_25406,48,33,1
clan_15737,clan_22899,48,33,1
clan_21917,clan_11967,48,33,1
clan_30727,clan_18726,48,33,1
clan_36279,clan_21130,48,33,1
clan_14168,clan_14322,48,33,1
clan_18753,clan_32661,48,33,1
clan_30970,clan_16641,48,33,1
clan_6284,clan_30154,48,34,1
clan_2063,clan_35311,48,34,1
clan_5851,clan_7960,48,34,1
clan_8677,clan_25564,48,35,1
clan_11909,clan_26605,48,35,1
clan_24572,clan_2502,48,35,1
clan_15500,clan_7789,48,35,1
clan_31855,clan_40190,48,35,1
clan_11956,clan_25572,48,35,1
clan_4010,clan_5188,48,35,1
clan_15312,clan_14371,48,35,1
clan_30112,clan_10705,48,35,1
clan_17344,clan_14893,48,35,1
clan_24678,clan_35229,48,36,1
clan_10203,clan_26026,48,36,1
clan_33027,clan_28662,48,36,1
clan_44293,clan_22557,48,36,1
clan_38746,clan_45347,48,36,1
clan_21619,clan_24559,48,36,1
clan_1264,clan_661,48,36,1
clan_15922,clan_18320,48,36,1
clan_3232,clan_14658,48,36,1
clan_14481,clan_20926,48,36,1
clan_12371,clan_8707,48,36,1
clan_7059,clan_11715,48,36,1
clan_13423,clan_11621,48,36,1
clan_18346,clan_28765,48,36,1
clan_6466,clan_6599,48,36,1
clan_20021,clan_4286,48,36,1
clan_22827,clan_16144,48,36,1
clan_21533,clan_10209,48,36,1
clan_15850,clan_27822,48,36,1
clan_18115,clan_9312,48,36,1
clan_4647,clan_31439,48,36,1
clan_31186,clan_20803,48,36,1
clan_27930,clan_27280,48,36,1
clan_12631,clan_7999,48,36,1
clan_12104,clan_16162,48,36,1
clan_30379,clan_12191,48,36,1
clan_47352,clan_44345,48,36,1
clan_8643,clan_15086,48,36,1
clan_6820,clan_15868,48,36,1
clan_37931,clan_19572,48,36,1
clan_37699,clan_22493,48,36,1
clan_5826,clan_4756,48,36,1
clan_10791,clan_15819,48,37,1
clan_29047,clan_3129,48,37,1
clan_46311,clan_1089,48,37,1
clan_5972,clan_5221,48,37,1
clan_18252,clan_20369,48,37,1
clan_10236,clan_25315,48,37,1
clan_18204,clan_8910,48,37,1
clan_25471,clan_9719,48,37,1
clan_2411,clan_9095,48,37,1
clan_20455,clan_10578,48,38,1
clan_4624,clan_24561,48,38,1
clan_12017,clan_38732,48,38,1
clan_26442,clan_22593,48,38,1
clan_21966,clan_9947,48,38,1
clan_23200,clan_13570,48,38,1
clan_37999,clan_8499,48,38,1
clan_7367,clan_3763,48,38,1
clan_12628,clan_29345,48,38,1
clan_36979,clan_5871,48,38,1
clan_9706,clan_5573,48,38,1
clan_42706,clan_21554,48,38,1
clan_16064,clan_8069,48,38,1
clan_6626,clan_16274,48,38,1
clan_46405,clan_44176,48,38,1
clan_24839,clan_30444,48,38,1
clan_28072,clan_29441,48,38,1
clan_32319,clan_10540,48,38,1
clan_31460,clan_24190,48,38,1
clan_28240,clan_33736,48,38,1
clan_37760,clan_48510,48,38,1
clan_44804,clan_34129,48,38,1
clan_41992,clan_22318,48,38,1
clan_15795,clan_3128,48,38,1
clan_38414,clan_25242,48,39,1
clan_24930,clan_19846,48,39,1
clan_9084,clan_10851,48,39,1
clan_26830,clan_27435,48,39,1
clan_7866,clan_16485,48,39,1
clan_24600,clan_35139,48,39,1
clan_45166,clan_46374,48,39,1
clan_4942,clan_23874,48,39,1
clan_26934,clan_10986,48,39,1
clan_24032,clan_35119,48,39,1
clan_39377,clan_686,48,39,1
clan_45057,clan_41608,48,39,1
clan_26684,clan_15814,48,39,1
clan_13509,clan_31645,48,39,1
clan_25116,clan_3949,48,39,1
clan_32244,clan_28006,48,39,1
clan_26611,clan_18283,48,39,1
clan_17926,clan_21884,48,39,1
clan_22676,clan_27382,48,39,1
clan_25190,clan_33497,48,39,1
clan_4959,clan_2771,48,39,1
clan_3546,clan_6198,48,39,1
clan_2938,clan_20032,48,39,1
clan_27300,clan_10913,48,39,1
clan_18772,clan_7314,48,39,1
clan_25570,clan_1142,48,39,1
clan_12618,clan_4550,48,39,1
clan_10550,clan_4489,48,39,1
clan_5883,clan_26472,48,39,1
clan_12995,clan_17295,48,39,1
clan_44740,clan_36348,48,39,1
clan_11259,clan_14290,48,39,1
clan_20215,clan_30682,48,39,1
clan_32749,clan_40306,48,39,1
clan_5031,clan_14655,48,39,1
clan_32147,clan_22363,48,39,1
clan_18007,clan_88,48,39,1
clan_10169,clan_11984,48,39,1
clan_8656,clan_11339,48,39,1
clan_23695,clan_16404,48,39,1
clan_24461,clan_14003,48,39,1
clan_7912,clan_18840,48,39,1
clan_12040,clan_7466,48,39,1
clan_26954,clan_4762,48,40,1
clan_9858,clan_27160,48,40,1
clan_4540,clan_25539,48,40,1
clan_12283,clan_12094,48,40,1
clan_42809,clan_45874,48,40,1
clan_3650,clan_25714,48,40,1
clan_17113,clan_8800,48,40,1
clan_24277,clan_30684,48,40,1
clan_24456,clan_24319,48,40,1
clan_5586,clan_17143,48,41,1
clan_34693,clan_24882,48,41,1
clan_3846,clan_18295,48,41,1
clan_18564,clan_8576,48,41,1
clan_18907,clan_31478,48,41,1
clan_29682,clan_39346,48,41,1
clan_44896,clan_45000,48,41,1
clan_30258,clan_1605,48,41,1
clan_45053,clan_11950,48,41,1
clan_32541,clan_38118,48,41,1
clan_10518,clan_12529,48,41,1
clan_30582,clan_36872,48,41,1
clan_22005,clan_22714,48,41,1
clan_4854,clan_41152,48,41,1
clan_41580,clan_38519,48,41,1
clan_19905,clan_20513,48,41,1
clan_33062,clan_44470,48,41,1
clan_19710,clan_16836,48,41,1
clan_15647,clan_3088,48,41,1
clan_30222,clan_14007,48,41,1
clan_19796,clan_28392,48,42,1
clan_15777,clan_19151,48,42,1
clan_18488,clan_31108,48,42,1
clan_41007,clan_43642,48,42,1
clan_28841,clan_18079,48,42,1
clan_9951,clan_16711,48,42,1
clan_31764,clan_25784,48,42,1
clan_24408,clan_20993,48,42,1
clan_20054,clan_7041,48,42,1
clan_27807,clan_12069,48,42,1
clan_7416,clan_27618,48,42,1
clan_14026,clan_7779,48,42,1
clan_25530,clan_17206,48,42,1
clan_28465,clan_20621,48,42,1
clan_35986,clan_13481,48,42,1
clan_36748,clan_26035,48,42,1
clan_41757,clan_1685,48,42,1
clan_19469,clan_30073,48,42,1
clan_3597,clan_15482,48,42,1
clan_11836,clan_5293,48,42,1
clan_1487,clan_41058,48,42,1
clan_25179,clan_39523,48,42,1
clan_19340,clan_23828,48,42,1
clan_37057,clan_38337,48,42,1
clan_18365,clan_23783,48,42,1
clan_41760,clan_40368,48,42,1
clan_18415,clan_20397,48,42,1
clan_40972,clan_34864,48,42,1
clan_37516,clan_38435,48,42,1
clan_45844,clan_43131,48,42,1
clan_17048,clan_17940,48,42,1
clan_22341,clan_8120,48,42,1
clan_26411,clan_23254,48,42,1
clan_27557,clan_27171,48,42,1
clan_19076,clan_13369,48,42,1
clan_17179,clan_10119,48,42,1
clan_29194,clan_29697,48,42,1
clan_936,clan_32832,48,42,1
clan_21500,clan_15708,48,42,1
clan_37416,clan_36562,48,42,1
clan_41447,clan_41376,48,42,1
clan_19257,clan_6343,48,42,1
clan_3641,clan_18730,48,42,1
clan_22541,clan_11473,48,42,1
clan_25773,clan_10319,48,42,1
clan_48467,clan_48500,48,42,1
clan_6009,clan_26777,48,42,1
clan_43781,clan_32773,48,42,1
clan_44989,clan_37867,48,42,1
clan_32197,clan_3959,48,42,1
clan_45933,clan_2305,48,42,1
clan_9588,clan_23690,48,42,1
clan_9040,clan_17995,48,42,1
clan_11564,clan_32296,48,42,1
clan_7677,clan_1701,48,42,1
clan_13020,clan_10727,48,42,1
clan_16074,clan_12737,48,42,1
clan_30036,clan_3516,48,42,1
clan_18067,clan_4143,48,42,1
clan_9672,clan_10242,48,42,1
clan_25507,clan_24083,48,42,1
clan_2908,clan_4082,48,42,1
clan_46644,clan_21737,48,43,1
clan_38617,clan_32445,48,43,1
clan_9562,clan_9085,48,43,1
clan_19875,clan_9838,48,43,1
clan_35191,clan_19740,48,43,1
clan_33946,clan_26337,48,43,1
clan_30959,clan_25360,48,43,1
clan_20865,clan_30719,48,43,1
clan_14857,clan_33275,48,43,1
clan_15092,clan_28064,48,43,1
clan_20810,clan_12455,48,44,1
clan_33932,clan_17967,48,44,1
clan_23516,clan_20883,48,44,1
clan_41746,clan_25158,48,44,1
clan_9650,clan_14118,48,44,1
clan_17391,clan_7919,48,44,1
clan_38596,clan_29557,48,44,1
clan_40316,clan_42921,48,44,1
clan_16941,clan_11926,48,44,1
clan_9913,clan_27318,48,44,1
clan_30535,clan_32179,48,44,1
clan_47326,clan_35603,48,44,1
clan_15608,clan_16057,48,44,1
clan_46597,clan_46679,48,44,1
clan_18529,clan_8301,48,44,1
clan_10679,clan_19845,48,44,1
clan_8924,clan_20308,48,44,1
clan_20433,clan_26003,48,44,1
clan_41879,clan_11247,48,44,1
clan_31147,clan_34568,48,44,1
clan_4687,clan_26664,48,44,1
clan_44368,clan_38892,48,44,1
clan_16827,clan_23263,48,44,1
clan_23693,clan_24512,48,44,1
clan_33273,clan_18246,48,44,1
clan_39214,clan_7629,48,45,1
clan_33510,clan_28641,48,45,1
clan_32777,clan_29303,48,45,1
clan_22883,clan_17502,48,45,1
clan_24098,clan_34949,48,45,1
clan_22169,clan_34919,48,45,1
clan_35397,clan_16184,48,45,1
clan_44698,clan_44386,48,45,1
clan_43695,clan_47520,48,45,1
clan_31743,clan_31059,48,45,1
clan_44149,clan_46255,48,45,1
clan_6204,clan_20073,48,45,1
clan_12377,clan_11061,48,45,1
clan_3205,clan_10861,48,45,1
clan_632,clan_39555,48,45,1
clan_18628,clan_3578,48,45,1
clan_36821,clan_28666,48,45,1
clan_45184,clan_47585,48,45,1
clan_9915,clan_26249,48,45,1
clan_14883,clan_16771,48,45,1
clan_17055,clan_41935,48,45,1
clan_35860,clan_35158,48,45,1
clan_44260,clan_46744,48,45,1
clan_4775,clan_29007,48,45,1
clan_21951,clan_9036,48,45,1
clan_47034,clan_45924,48,45,1
clan_42090,clan_38027,48,45,1
clan_7243,clan_9772,48,45,1
clan_43709,clan_47714,48,45,1
clan_35069,clan_3235,48,45,1
clan_8170,clan_18409,48,45,1
clan_19035,clan_5315,48,45,1
clan_27777,clan_26047,48,45,1
clan_29654,clan_36637,48,45,1
clan_33159,clan_10616,48,45,1
clan_4255,clan_20019,48,45,1
clan_31791,clan_25535,48,45,1
clan_275,clan_45463,48,45,1
clan_14795,clan_14736,48,45,1
clan_7691,clan_20558,48,45,1
clan_29677,clan_29718,48,45,1
clan_40952,clan_43796,48,45,1
clan_7028,clan_24251,48,45,1
clan_704,clan_47598,48,45,1
clan_7437,clan_16352,48,45,1
clan_36864,clan_19207,48,45,1
clan_11112,clan_19778,48,45,1
clan_4247,clan_26399,48,45,1
clan_30278,clan_4965,48,45,1
clan_17335,clan_39926,48,45,1
clan_25291,clan_36569,48,45,1
clan_18313,clan_29862,48,45,1
clan_19020,clan_29346,48,45,1
clan_18029,clan_8062,48,45,1
clan_11028,clan_4579,48,45,1
clan_44600,clan_31429,48,45,1
clan_14927,clan_27835,48,45,1
clan_21556,clan_2757,48,45,1
clan_27413,clan_28228,48,45,1
clan_22811,clan_37288,48,45,1
clan_29160,clan_27703,48,45,1
clan_26861,clan_20204,48,45,1
clan_24085,clan_484,48,45,1
clan_11828,clan_23733,48,45,1
clan_889,clan_36597,48,45,1
clan_21124,clan_19280,48,45,1
clan_46408,clan_33372,48,45,1
clan_12291,clan_31067,48,45,1
clan_44706,clan_414,48,45,1
clan_18625,clan_13669,48,45,1
clan_17203,clan_2430,48,45,1
clan_19120,clan_12604,48,45,1
clan_11785,clan_19623,48,45,1
clan_46115,clan_47090,48,45,1
clan_35030,clan_35847,48,45,1
clan_6019,clan_23438,48,45,1
clan_9866,clan_22354,48,45,1
clan_34515,clan_40429,48,45,1
clan_2412,clan_13158,48,45,1
clan_27759,clan_18568,48,45,1
clan_31314,clan_43260,48,45,1
clan_17979,clan_5835,48,45,1
clan_32670,clan_15053,48,45,1
clan_29766,clan_8191,48,45,1
clan_10685,clan_14640,48,45,1
clan_1823,clan_35064,48,45,1
clan_15089,clan_28758,48,45,1
clan_32233,clan_27969,48,45,1
clan_1696,clan_40552,48,45,1
clan_12962,clan_2551,48,45,1
clan_46131,clan_45224,48,45,1
clan_42107,clan_39545,48,45,1
clan_8574,clan_43069,48,45,1
clan_45245,clan_28797,48,45,1
clan_3223,clan_15139,48,46,1
clan_38521,clan_30471,48,46,1
clan_26798,clan_37097,48,46,1
clan_22823,clan_5012,48,46,1
clan_24165,clan_22870,48,46,1
clan_937,clan_46969,48,46,1
clan_27757,clan_47216,48,47,1
clan_31405,clan_22893,48,47,1
clan_27195,clan_15363,48,47,1
clan_17574,clan_4504,48,47,1
clan_44284,clan_44028,48,47,1
clan_47872,clan_1525,48,47,1
clan_19983,clan_15799,48,47,1
clan_16561,clan_30090,48,47,1
clan_4216,clan_35863,48,47,1
clan_42113,clan_37285,48,47,1
clan_41059,clan_5145,48,47,1
clan_16421,clan_5406,48,47,1
clan_26520,clan_2267,48,47,1
clan_5014,clan_39264,48,47,1
clan_12639,clan_7240,48,47,1
clan_1871,clan_45274,48,47,1
clan_7863,clan_2503,48,47,1
clan_32959,clan_37965,48,47,1
clan_32132,clan_32674,48,47,1
clan_32199,clan_39045,48,47,1
clan_39361,clan_32831,48,47,1
clan_2293,clan_16410,48,47,1
clan_26394,clan_29081,48,47,1
clan_2542,clan_17091,48,47,1
clan_31071,clan_47024,48,47,1
clan_41722,clan_44130,48,47,1
clan_7191,clan_5708,48,47,1
clan_42235,clan_42101,48,47,1
clan_48088,clan_1033,48,47,1
clan_20267,clan_34613,48,47,1
clan_17960,clan_41163,48,47,1
clan_4893,clan_21287,48,47,1
clan_12435,clan_20238,48,47,1
clan_17293,clan_12227,48,49,2
clan_30923,clan_16936,48,49,2
clan_47128,clan_22366,48,49,2
clan_12900,clan_13858,48,49,2
clan_28835,clan_10193,48,50,2
clan_40446,clan_28562,48,50,2
clan_45099,clan_23347,48,50,2
clan_48169,clan_46698,48,50,2
clan_18891,clan_25706,48,50,2
clan_45813,clan_35962,48,50,2
clan_46198,clan_47677,48,50,2
clan_32810,clan_27138,48,50,2
clan_25561,clan_5401,48,50,2
clan_1596,clan_42763,48,50,2
clan_15632,clan_22386,48,50,2
clan_39212,clan_844,48,50,2
clan_31963,clan_27170,48,50,2
clan_44366,clan_37912,48,50,2
clan_25584,clan_25303,48,50,2
clan_8412,clan_44034,48,50,2
clan_19147,clan_12772,48,50,2
clan_28349,clan_34264,48,50,2
clan_23080,clan_2749,48,50,2
clan_17537,clan_39012,48,50,2
clan_36837,clan_45445,48,50,2
clan_41866,clan_405,48,50,2
clan_31,clan_6463,48,50,2
clan_31337,clan_9025,48,50,2
clan_14361,clan_15358,48,50,2
clan_26104,clan_6207,48,50,2
clan_10571,clan_24961,48,50,2
clan_28444,clan_35675,48,50,2
clan_31770,clan_30848,48,50,2
clan_32316,clan_6908,48,50,2
clan_39663,clan_42012,48,50,2
clan_12432,clan_14941,48,50,2
clan_38886,clan_34545,48,51,2
clan_16667,clan_18553,48,51,2
clan_13182,clan_9469,48,51,2
clan_7841,clan_39186,48,51,2
clan_45849,clan_29100,48,51,2
clan_46642,clan_43427,48,51,2
clan_22289,clan_36948,48,51,2
clan_36538,clan_38302,48,51,2
clan_16991,clan_35988,48,51,2
clan_7193,clan_42095,48,51,2
clan_19933,clan_8238,48,51,2
clan_15875,clan_35725,48,51,2
clan_38803,clan_5157,48,51,2
clan_26391,clan_37354,48,51,2
clan_34998,clan_13672,48,51,2
clan_46967,clan_47053,48,51,2
clan_47373,clan_41791,48,51,2
clan_25361,clan_40943,48,51,2
clan_5149,clan_12062,48,51,2
clan_6995,clan_41357,48,51,2
clan_40542,clan_46279,48,51,2
clan_12437,clan_9541,48,51,2
clan_16781,clan_35314,48,51,2
clan_23587,clan_11675,48,51,2
clan_46186,clan_42922,48,51,2
clan_38515,clan_4521,48,51,2
clan_24731,clan_12611,48,51,2
clan_29191,clan_2173,48,51,2
clan_19564,clan_24838,48,51,2
clan_37070,clan_29343,48,51,2
clan_5107,clan_13678,48,51,2
clan_25113,clan_9726,48,51,2
clan_36683,clan_1651,48,51,2
clan_44638,clan_46324,48,51,2
clan_5223,clan_6791,48,51,2
clan_9472,clan_24628,48,51,2
clan_16878,clan_19661,48,51,2
clan_37035,clan_4653,48,51,2
clan_37900,clan_38041,48,51,2
clan_15936,clan_14778,48,51,2
clan_48020,clan_48006,48,51,2
clan_34006,clan_41134,48,51,2
clan_13391,clan_31469,48,51,2
clan_35371,clan_36197,48,51,2
clan_18924,clan_16767,48,51,2
clan_28029,clan_41220,48,51,2
clan_24637,clan_7990,48,51,2
clan_17385,clan_10716,48,51,2
clan_2839,clan_25240,48,51,2
clan_13471,clan_2076,48,51,2
clan_45069,clan_12039,48,51,2
clan_12954,clan_4954,48,51,2
clan_32979,clan_43547,48,51,2
clan_16002,clan_35778,48,51,2
clan_17585,clan_6109,48,51,2
clan_33785,clan_29283,48,51,2
clan_8934,clan_5832,48,51,2
clan_35222,clan_20815,48,51,2
clan_43038,clan_24988,48,51,2
clan_48209,clan_1473,48,51,2
clan_39372,clan_46285,48,51,2
clan_45615,clan_39960,48,51,2
clan_26302,clan_32409,48,51,2
clan_48231,clan_248,48,51,2
clan_40226,clan_39182,48,51,2
clan_41690,clan_39630,48,51,2
clan_221,clan_32727,48,51,2
clan_41251,clan_41821,48,51,2
clan_30504,clan_19475,48,51,2
clan_43515,clan_38772,48,51,2
clan_4696,clan_18047,48,51,2
clan_23139,clan_32052,48,51,2
clan_2220,clan_17552,48,51,2
clan_40538,clan_42964,48,51,2
clan_15743,clan_13493,48,51,2
clan_24235,clan_9228,48,51,2
clan_17712,clan_32843,48,51,2
clan_17294,clan_3747,48,51,2
clan_37400,clan_34112,48,51,2
clan_24312,clan_22545,48,51,2
clan_26580,clan_5279,48,51,2
clan_38767,clan_30177,48,51,2
clan_30214,clan_28445,48,51,2
clan_27236,clan_35965,48,51,2
clan_6646,clan_34155,48,51,2
clan_22546,clan_1607,48,51,2
clan_29178,clan_30928,48,51,2
clan_44536,clan_1638,48,51,2
clan_31833,clan_32302,48,51,2
clan_20485,clan_2398,48,51,2
clan_40608,clan_46833,48,51,2
clan_46170,clan_1818,48,51,2
clan_10782,clan_14142,48,51,2
clan_30656,clan_43836,48,51,2
clan_6958,clan_1791,48,51,2
clan_23500,clan_29151,48,51,2
clan_18240,clan_33897,48,51,2
clan_8103,clan_32426,48,51,2
clan_23479,clan_33452,48,51,2
clan_17053,clan_6445,48,51,2
clan_7326,clan_2639,48,51,2
clan_34249,clan_5917,48,51,2
clan_3458,clan_6085,48,51,2
clan_47524,clan_47678,48,51,2
clan_28094,clan_41831,48,51,2
clan_18045,clan_43055,48,51,2
clan_6573,clan_24174,48,51,2
clan_8682,clan_19519,48,51,2
clan_43811,clan_10527,48,51,2
clan_2953,clan_9346,48,51,2
clan_1174,clan_38167,48,51,2
clan_6184,clan_27359,48,51,2
clan_37238,clan_34365,48,51,2
clan_6886,clan_5774,48,51,2
clan_26471,clan_38123,48,51,2
clan_43797,clan_46691,48,51,2
clan_26879,clan_10250,48,51,2
clan_39039,clan_10600,48,51,2
clan_38595,clan_27689,48,51,2
clan_39913,clan_32660,48,51,2
clan_48157,clan_46655,48,51,2
clan_4615,clan_13179,48,51,2
clan_40927,clan_37064,48,51,2
clan_34738,clan_45868,48,51,2
clan_38567,clan_32385,48,51,2
clan_3897,clan_8440,48,51,2
clan_30092,clan_13684,48,51,2
clan_39938,clan_43068,48,51,2
clan_39769,clan_40705,48,51,2
clan_48141,clan_2082,48,51,2
clan_27052,clan_39583,48,51,2
clan_21053,clan_30059,48,51,2
clan_44395,clan_31718,48,51,2
clan_35534,clan_39322,48,51,2
clan_4764,clan_26022,48,51,2
clan_14321,clan_15566,48,51,2
clan_12833,clan_27095,48,51,2
clan_46031,clan_34717,48,51,2
clan_41034,clan_28601,48,51,2
clan_48211,clan_45816,48,51,2
clan_46407,clan_1795,48,51,2
clan_15413,clan_17128,48,51,2
clan_38056,clan_35891,48,51,2
clan_43888,clan_45164,48,51,2
clan_36217,clan_34293,48,51,2
clan_43982,clan_1241,48,51,2
clan_44796,clan_38198,48,51,2
clan_3702,clan_42026,48,52,2
clan_11964,clan_26240,48,53,2
clan_12364,clan_29096,48,53,2
clan_30639,clan_33211,48,53,2
clan_12857,clan_3721,48,53,2
clan_23224,clan_34256,48,53,2
clan_34872,clan_37450,48,53,2
clan_22126,clan_24034,48,53,2
clan_1756,clan_40076,48,53,2
clan_39647,clan_16598,48,53,2
clan_31234,clan_44867,48,53,2
clan_17515,clan_37540,48,53,2
clan_17476,clan_10520,48,53,2
clan_6686,clan_7305,48,53,2
clan_21088,clan_6309,48,53,2
clan_45723,clan_48178,48,53,2
clan_29598,clan_22628,48,53,2
clan_15570,clan_23729,48,53,2
clan_45902,clan_34039,48,53,2
clan_31054,clan_47439,48,53,2
clan_40023,clan_46263,48,53,2
clan_3002,clan_8539,48,53,2
clan_7106,clan_28697,48,53,2
clan_47052,clan_20093,48,53,2
clan_43208,clan_15166,48,53,2
clan_27096,clan_12243,48,53,2
clan_35635,clan_46428,48,53,2
clan_27802,clan_2540,48,53,2
clan_10006,clan_35617,48,53,2
clan_40881,clan_46216,48,53,2
clan_109,clan_48167,48,53,2
clan_46095,clan_43841,48,53,2
clan_34624,clan_14512,48,53,2
clan_29478,clan_38022,48,53,2
clan_38895,clan_21679,48,53,2
clan_36108,clan_42324,48,53,2
clan_42010,clan_41144,48,53,2
clan_29590,clan_41355,48,54,2
clan_5129,clan_34070,48,54,2
clan_39279,clan_32709,48,54,2
clan_42187,clan_45462,48,54,2
clan_39949,clan_48044,48,54,2
clan_42752,clan_40417,48,54,2
clan_13522,clan_20161,48,54,2
clan_13870,clan_38162,48,54,2
clan_21869,clan_17837,48,54,2
clan_27176,clan_7185,48,54,2
clan_18655,clan_15483,48,54,2
clan_32854,clan_23302,48,54,2
clan_28501,clan_47503,48,54,2
clan_34066,clan_32594,48,54,2
clan_13357,clan_36034,48,54,2
clan_20447,clan_14486,48,54,2
clan_27242,clan_33812,48,54,2
clan_29751,clan_31309,48,54,2
clan_38356,clan_14063,48,54,2
clan_44987,clan_21368,48,54,2
clan_13026,clan_21968,48,54,2
clan_43382,clan_47463,48,54,2
clan_12509,clan_25220,48,54,2
clan_4093,clan_11526,48,54,2
clan_34405,clan_27422,48,54,2
clan_29522,clan_938,48,54,2
clan_35375,clan_10294,48,54,2
clan_46779,clan_39397,48,54,2
clan_46012,clan_43035,48,54,2
clan_39774,clan_29252,48,54,2
clan_16099,clan_37327,48,54,2
clan_5152,clan_5511,48,54,2
clan_15730,clan_37823,48,54,2
clan_21596,clan_5537,48,54,2
clan_31865,clan_37496,48,54,2
clan_23504,clan_8423,48,54,2
clan_46767,clan_44580,48,54,2
clan_18228,clan_1394,48,54,2
clan_13087,clan_13415,48,54,2
clan_21340,clan_21161,48,54,2
clan_40639,clan_37973,48,54,2
clan_10982,clan_14367,48,54,2
clan_9979,clan_38120,48,54,2
clan_21222,clan_23871,48,54,2
clan_26400,clan_27038,48,54,2
clan_41940,clan_16724,48,54,2
clan_2855,clan_2913,48,54,2
clan_45858,clan_42798,48,54,2
clan_47685,clan_43645,48,54,2
clan_37042,clan_31756,48,54,2
clan_6229,clan_17580,48,54,2
clan_13015,clan_3307,48,54,2
clan_25902,clan_44033,48,54,2
clan_29622,clan_32201,48,54,2
clan_33224,clan_13973,48,54,2
clan_35111,clan_37067,48,54,2
clan_43486,clan_37752,48,54,2
clan_40205,clan_11342,48,54,2
clan_32760,clan_2246,48,54,2
clan_35643,clan_28634,48,54,2
clan_23052,clan_22682,48,54,2
clan_30904,clan_29623,48,54,2
clan_42831,clan_42269,48,54,2
clan_23891,clan_19832,48,54,2
clan_23466,clan_37465,48,54,2
clan_15422,clan_10065,48,54,2
clan_30507,clan_27797,48,54,2
clan_37770,clan_46528,48,54,2
clan_45503,clan_1073,48,54,2
clan_26578,clan_36407,48,54,2
clan_27543,clan_25017,48,54,2
clan_38153,clan_7418,48,54,2
clan_27250,clan_44821,48,54,2
clan_30089,clan_31767,48,54,2
clan_35337,clan_1736,48,54,2
clan_30011,clan_992,48,54,2
clan_3525,clan_8837,48,54,2
clan_31703,clan_345,48,54,2
clan_37841,clan_13654,48,54,2
clan_29415,clan_43600,48,54,2
clan_6429,clan_18603,48,54,2
clan_14323,clan_21031,48,54,2
clan_47873,clan_45267,48,54,2
clan_24803,clan_28812,48,54,2
clan_35937,clan_2753,48,54,2
clan_36403,clan_48042,48,54,2
clan_46162,clan_2226,48,54,2
clan_11047,clan_16731,48,54,2
clan_1403,clan_33402,48,54,2
clan_44082,clan_42514,48,54,2
clan_43677,clan_7180,48,54,2
clan_15668,clan_28711,48,54,2
clan_38474,clan_45404,48,54,2
clan_40025,clan_44038,48,54,2
clan_45601,clan_48106,48,54,2
clan_20907,clan_8897,48,54,2
clan_35842,clan_26595,48,54,2
clan_11122,clan_13440,48,54,2
clan_37566,clan_31387,48,54,2
clan_21571,clan_13716,48,54,2
clan_44286,clan_27589,48,54,2
clan_1511,clan_1455,48,54,2
clan_37668,clan_45056,48,54,2
clan_209,clan_814,48,54,2
clan_12836,clan_36355,48,54,2
clan_1973,clan_41743,48,54,2
clan_17679,clan_4602,48,54,2
clan_28201,clan_43118,48,54,2
clan_33652,clan_34119,48,54,2
clan_33906,clan_36829,48,54,2
clan_19112,clan_16906,48,54,2
clan_685,clan_48170,48,54,2
clan_13944,clan_11990,48,54,2
clan_28150,clan_6077,48,54,2
clan_29386,clan_29679,48,54,2
clan_21028,clan_18224,48,54,2
clan_44519,clan_34939,48,54,2
clan_16696,clan_7996,48,54,2
clan_35504,clan_18064,48,54,2
clan_13314,clan_14595,48,54,2
clan_40530,clan_38065,48,54,2
clan_8913,clan_7507,48,54,2
clan_46721,clan_692,48,54,2
clan_23141,clan_10773,48,54,2
clan_8347,clan_4551,48,54,2
clan_3332,clan_32474,48,54,2
clan_36742,clan_36176,48,54,2
clan_15361,clan_20672,48,54,2
clan_39776,clan_24771,48,54,2
clan_24286,clan_13243,48,54,2
clan_34231,clan_42939,48,54,2
clan_36262,clan_25663,48,54,2
clan_14546,clan_16258,48,54,2
clan_38504,clan_40219,48,54,2
clan_29553,clan_36556,48,54,2
clan_12235,clan_28245,48,54,2
clan_42626,clan_43308,48,54,2
clan_25643,clan_39950,48,54,2
clan_27031,clan_38930,48,54,2
clan_30247,clan_11095,48,54,2
clan_48094,clan_1812,48,54,2
clan_15062,clan_9604,48,54,2
clan_8774,clan_21090,48,54,2
clan_10030,clan_17058,48,54,2
clan_28846,clan_17117,48,54,2
clan_16541,clan_33772,48,54,2
clan_8489,clan_19652,48,54,2
clan_38682,clan_14729,48,54,2
clan_954,clan_47986,48,54,2
clan_40139,clan_41512,48,54,2
clan_26428,clan_43848,48,54,2
clan_47465,clan_44611,48,54,2
clan_40498,clan_45705,48,54,2
clan_24016,clan_18615,48,54,2
clan_7562,clan_2931,48,54,2
clan_34575,clan_37675,48,54,2
clan_7774,clan_35038,48,54,2
clan_33346,clan_30912,48,54,2
clan_10884,clan_16870,48,54,2
clan_36299,clan_26094,48,54,2
clan_35479,clan_24384,48,54,2
clan_34263,clan_42169,48,54,2
clan_40213,clan_33552,48,55,2
clan_39080,clan_39116,48,55,2
clan_2283,clan_1918,48,56,2
clan_34453,clan_26353,48,56,2
clan_11328,clan_29459,48,56,2
clan_42233,clan_31180,48,56,2
clan_10994,clan_23192,48,56,2
clan_13756,clan_10165,48,56,2
clan_29604,clan_12610,48,56,2
clan_31510,clan_39745,48,56,2
clan_2569,clan_25655,48,56,2
clan_35918,clan_30091,48,56,2
clan_29200,clan_26780,48,56,2
clan_15954,clan_48399,48,56,2
clan_34873,clan_38665,48,56,2
clan_13875,clan_17071,48,56,2
clan_14220,clan_26188,48,56,2
clan_8146,clan_32689,48,56,2
clan_40,clan_33851,48,56,2
clan_18502,clan_17600,48,56,2
clan_24823,clan_42191,48,56,2
clan_25165,clan_35724,48,56,2
clan_10629,clan_7981,48,56,2
clan_31806,clan_19878,48,56,2
clan_16474,clan_22536,48,56,2
clan_13865,clan_28686,48,56,2
clan_36020,clan_38726,48,56,2
clan_8198,clan_29739,48,56,2
clan_40865,clan_2290,48,57,2
clan_11543,clan_31506,48,57,2
clan_41501,clan_18173,48,57,2
clan_23428,clan_16596,48,57,2
clan_30827,clan_11620,48,57,2
clan_39495,clan_17328,48,57,2
clan_901,clan_150,48,57,2
clan_17251,clan_41064,48,57,2
clan_32604,clan_23530,48,57,2
clan_27315,clan_12531,48,57,2
clan_13736,clan_4589,48,57,2
clan_27954,clan_13994,48,57,2
clan_17769,clan_40946,48,57,2
clan_45446,clan_48545,48,57,2
clan_36840,clan_25673,48,57,2
clan_9026,clan_28027,48,57,2
clan_3255,clan_28989,48,57,2
clan_17094,clan_36116,48,57,2
clan_31820,clan_31345,48,57,2
clan_46984,clan_35157,48,57,2
clan_40362,clan_36137,48,57,2
clan_27832,clan_31010,48,57,2
clan_33204,clan_26147,48,57,2
clan_3869,clan_9001,48,57,2
clan_31561,clan_15372,48,57,2
clan_36125,clan_17768,48,57,2
clan_8165,clan_29074,48,57,2
clan_27443,clan_33705,48,57,2
clan_18738,clan_16634,48,57,2
clan_47709,clan_782,48,57,2
clan_19931,clan_813,48,57,2
clan_14950,clan_27081,48,57,2
clan_48293,clan_42718,48,57,2
clan_48201,clan_40431,48,57,2
clan_33072,clan_21776,48,57,2
clan_36816,clan_34722,48,57,2
clan_37804,clan_39679,48,57,2
clan_30510,clan_20371,48,57,2
clan_47448,clan_45498,48,57,2
clan_36424,clan_24865,48,57,2
clan_3701,clan_7680,48,57,2
clan_36414,clan_41457,48,57,2
clan_6242,clan_16556,48,57,2
clan_27337,clan_33049,48,57,2
clan_33287,clan_7893,48,57,2
clan_12381,clan_43080,48,57,2
clan_45483,clan_45609,48,57,2
clan_17695,clan_35755,48,57,2
clan_21197,clan_34682,48,57,2
clan_29068,clan_40722,48,57,2
clan_45038,clan_43613,48,57,2
clan_36250,clan_41255,48,57,2
clan_2135,clan_124,48,57,2
clan_42924,clan_3786,48,57,2
clan_22626,clan_24485,48,57,2
clan_41829,clan_45711,48,57,2
clan_17324,clan_44186,48,57,2
clan_931,clan_46296,48,57,2
clan_37891,clan_25705,48,57,2
clan_33935,clan_44125,48,57,2
clan_19354,clan_33085,48,57,2
clan_6983,clan_2162,48,57,2
clan_16916,clan_30790,48,57,2
clan_1451,clan_47193,48,57,2
clan_24045,clan_19655,48,57,2
clan_30415,clan_40585,48,57,2
clan_20634,clan_41858,48,57,2
clan_7862,clan_23136,48,57,2
clan_39941,clan_43989,48,57,2
clan_1478,clan_48350,48,57,2
clan_38681,clan_35576,48,57,2
clan_10880,clan_44696,48,57,2
clan_18494,clan_38655,48,57,2
clan_38073,clan_30211,48,57,2
clan_28701,clan_35892,48,57,2
clan_37134,clan_32645,48,57,2
clan_336,clan_39694,48,57,2
clan_43401,clan_44889,48,57,2
clan_45277,clan_47602,48,57,2
clan_24756,clan_32776,48,57,2
clan_41001,clan_2277,48,57,2
clan_32639,clan_41466,48,57,2
clan_40810,clan_187,48,57,2
clan_7716,clan_12804,48,57,2
clan_15734,clan_30744,48,57,2
clan_33232,clan_16734,48,57,2
clan_17332,clan_14137,48,57,2
clan_17686,clan_44361,48,57,2
clan_27471,clan_29826,48,57,2
clan_21004,clan_27899,48,57,2
clan_7527,clan_35522,48,57,2
clan_42124,clan_1248,48,57,2
clan_39867,clan_44563,48,57,2
clan_47137,clan_2264,48,57,2
clan_35200,clan_36797,48,57,2
clan_33665,clan_38236,48,57,2
clan_38461,clan_47775,48,57,2
clan_29399,clan_34236,48,57,2
clan_17944,clan_2829,48,57,2
clan_40644,clan_45474,48,57,2
clan_30193,clan_26111,48,57,2
clan_41393,clan_1693,48,57,2
clan_40959,clan_47490,48,57,2
clan_47931,clan_47098,48,57,2
clan_30998,clan_12693,48,57,2
clan_14199,clan_7979,48,57,2
clan_26078,clan_26694,48,57,2
clan_28680,clan_35627,48,57,2
clan_18752,clan_17488,48,57,2
clan_20729,clan_32503,48,57,2
clan_48175,clan_47165,48,57,2
clan_21307,clan_30782,48,57,2
clan_34955,clan_31631,48,57,2
clan_18071,clan_4146,48,57,2
clan_22917,clan_9068,48,57,2
clan_23956,clan_42451,48,57,2
clan_1717,clan_44994,48,57,2
clan_27521,clan_31039,48,57,2
clan_34025,clan_37716,48,57,2
clan_13093,clan_31354,48,57,2
clan_41548,clan_38879,48,57,2
clan_28050,clan_42532,48,57,2
clan_20493,clan_5799,48,57,2
clan_18725,clan_39005,48,57,2
clan_24420,clan_38658,48,57,2
clan_38244,clan_42338,48,57,2
clan_19451,clan_31677,48,57,2
clan_39491,clan_41470,48,57,2
clan_28685,clan_25829,48,57,2
clan_20694,clan_11742,48,57,2
clan_40138,clan_31172,48,57,2
clan_40770,clan_11054,48,57,2
clan_43480,clan_34553,48,57,2
clan_7224,clan_34925,48,57,2
clan_42117,clan_1080,48,57,2
clan_26070,clan_14540,48,57,2
clan_44777,clan_48104,48,57,2
clan_43961,clan_42399,48,57,2
clan_42121,clan_37188,48,57,2
clan_755,clan_1880,48,57,2
clan_35850,clan_37313,48,57,2
clan_20546,clan_36003,48,57,2
clan_42432,clan_1304,48,57,2
clan_1834,clan_47164,48,57,2
clan_23583,clan_24142,48,57,2
clan_5370,clan_38336,48,57,2
clan_42045,clan_40525,48,57,2
clan_28629,clan_15043,48,57,2
clan_37394,clan_18748,48,57,2
clan_42286,clan_39246,48,57,2
clan_330,clan_47466,48,57,2
clan_14413,clan_41180,48,57,2
clan_35129,clan_21325,48,57,2
clan_30149,clan_14794,48,57,2
clan_4823,clan_13541,48,57,2
clan_601,clan_45939,48,57,2
clan_21990,clan_19043,48,57,2
clan_32517,clan_35389,48,57,2
clan_34083,clan_25178,48,57,2
clan_38469,clan_47607,48,57,2
clan_48161,clan_38292,48,57,2
clan_48310,clan_39369,48,57,2
clan_5730,clan_16291,48,57,2
clan_39651,clan_267,48,57,2
clan_22725,clan_39779,48,57,2
clan_48236,clan_7408,48,57,2
clan_17457,clan_35083,48,57,2
clan_48305,clan_22388,48,57,2
clan_23427,clan_25267,48,57,2
clan_42009,clan_46106,48,57,2
clan_9051,clan_29734,48,57,2
clan_31849,clan_26467,48,57,2
clan_6510,clan_33868,48,57,2
clan_274,clan_1877,48,57,2
clan_12539,clan_40003,48,57,2
clan_37478,clan_41735,48,57,2
clan_45308,clan_35168,48,57,2
clan_1238,clan_2235,48,57,2
clan_10545,clan_24875,48,57,2
clan_2261,clan_42562,48,57,2
clan_34784,clan_33242,48,57,2
clan_43307,clan_38995,48,57,2
clan_18238,clan_20034,48,57,2
clan_12263,clan_22419,48,57,2
clan_9131,clan_9098,48,57,2
clan_41513,clan_37366,48,57,2
clan_26456,clan_38534,48,57,2
clan_26170,clan_45479,48,57,2
clan_22262,clan_40484,48,57,2
clan_30192,clan_31466,48,57,2
clan_40028,clan_39274,48,57,2
clan_34148,clan_40662,48,57,2
clan_10177,clan_21180,48,57,2
clan_1713,clan_1784,48,57,2
clan_2065,clan_46110,48,57,2
clan_2003,clan_29780,48,57,2
clan_14283,clan_20474,48,57,2
clan_1606,clan_47483,48,57,2
clan_5909,clan_33175,48,57,2
clan_34037,clan_19571,48,57,2
clan_31209,clan_40145,48,57,2
clan_45606,clan_42951,48,57,2
clan_27990,clan_7152,48,57,2
clan_20806,clan_27112,48,57,2
clan_39597,clan_48035,48,57,2
clan_43704,clan_44878,48,57,2
clan_35762,clan_29602,48,57,2
clan_34831,clan_24665,48,57,2
clan_45093,clan_35253,48,57,2
clan_10378,clan_9052,48,57,2
clan_33529,clan_27605,48,57,2
clan_41229,clan_37484,48,57,2
clan_34985,clan_5869,48,57,2
clan_44410,clan_41246,48,57,2
clan_29880,clan_36188,48,57,2
clan_39439,clan_6568,48,57,2
clan_25293,clan_6422,48,57,2
clan_30221,clan_30835,48,57,2
clan_42955,clan_387,48,60,2
clan_664,clan_48334,48,62,2
clan_45725,clan_1754,48,63,2
clan_47623,clan_41963,48,63,2
clan_721,clan_1584,48,63,2
clan_1125,clan_735,48,63,2
clan_26,clan_43314,48,63,2
clan_454,clan_1071,48,66,2
clan_22849,clan_2113,48,67,2
clan_47947,clan_1682,48,70,2
clan_47950,clan_679,48,70,2
clan_2154,clan_2296,48,72,2
clan_1588,clan_179,48,76,2
clan_47895,clan_102,48,90,2
clan_5366,clan_10321,49,22,1
clan_7818,clan_12963,49,23,1
clan_12241,clan_4570,49,23,1
clan_7656,clan_14207,49,25,1
clan_36810,clan_27306,49,27,1
clan_27676,clan_18355,49,27,1
clan_1776,clan_31566,49,27,1
clan_17607,clan_25674,49,28,1
clan_27639,clan_6732,49,28,1
clan_23314,clan_24055,49,28,1
clan_15983,clan_9911,49,28,1
clan_18194,clan_2663,49,28,1
clan_17437,clan_25414,49,28,1
clan_6397,clan_7661,49,29,1
clan_4410,clan_12724,49,30,1
clan_7816,clan_9378,49,30,1
clan_4741,clan_14065,49,30,1
clan_22978,clan_3621,49,30,1
clan_18316,clan_8779,49,31,1
clan_14681,clan_20177,49,31,1
clan_31728,clan_7384,49,31,1
clan_42985,clan_42696,49,31,1
clan_1498,clan_45123,49,32,1
clan_47343,clan_34966,49,33,1
clan_37998,clan_18856,49,33,1
clan_14957,clan_16608,49,33,1
clan_21813,clan_12627,49,33,1
clan_21271,clan_3935,49,33,1
clan_3236,clan_4049,49,34,1
clan_5986,clan_17858,49,34,1
clan_19942,clan_13519,49,35,1
clan_7526,clan_27582,49,35,1
clan_10360,clan_666,49,35,1
clan_26944,clan_16399,49,35,1
clan_12004,clan_9727,49,35,1
clan_24991,clan_32659,49,36,1
clan_6221,clan_14164,49,36,1
clan_12335,clan_9055,49,36,1
clan_28187,clan_5323,49,36,1
clan_23658,clan_5786,49,36,1
clan_12497,clan_10063,49,36,1
clan_28617,clan_41121,49,37,1
clan_30585,clan_7859,49,37,1
clan_12234,clan_10602,49,37,1
clan_28694,clan_24304,49,37,1
clan_35695,clan_43784,49,37,1
clan_11506,clan_33364,49,37,1
clan_32696,clan_35828,49,37,1
clan_3559,clan_3596,49,37,1
clan_19188,clan_40334,49,38,1
clan_6507,clan_17233,49,38,1
clan_7220,clan_7023,49,38,1
clan_10775,clan_5439,49,38,1
clan_8507,clan_33135,49,38,1
clan_36046,clan_12916,49,38,1
clan_27746,clan_6558,49,38,1
clan_6786,clan_3238,49,38,1
clan_11438,clan_9321,49,38,1
clan_17331,clan_3087,49,38,1
clan_42884,clan_36793,49,39,1
clan_43599,clan_18039,49,39,1
clan_1709,clan_48098,49,39,1
clan_21531,clan_37283,49,39,1
clan_8395,clan_22253,49,39,1
clan_8348,clan_23198,49,40,1
clan_26440,clan_8639,49,40,1
clan_19028,clan_21450,49,40,1
clan_17555,clan_6520,49,40,1
clan_7167,clan_5117,49,40,1
clan_42876,clan_42259,49,41,1
clan_9767,clan_10038,49,41,1
clan_16695,clan_19837,49,41,1
clan_15407,clan_19248,49,41,1
clan_39653,clan_36044,49,41,1
clan_21219,clan_11069,49,41,1
clan_11148,clan_15421,49,42,1
clan_11202,clan_22167,49,42,1
clan_14370,clan_10799,49,42,1
clan_33476,clan_31241,49,42,1
clan_27065,clan_35072,49,42,1
clan_21001,clan_29956,49,42,1
clan_39007,clan_25494,49,42,1
clan_11897,clan_23022,49,42,1
clan_15697,clan_8644,49,43,1
clan_43804,clan_41644,49,43,1
clan_22818,clan_23641,49,43,1
clan_26105,clan_18830,49,43,1
clan_33903,clan_23595,49,43,1
clan_38202,clan_31683,49,44,1
clan_35399,clan_10097,49,44,1
clan_44685,clan_32704,49,44,1
clan_7793,clan_25684,49,44,1
clan_15270,clan_8371,49,44,1
clan_17016,clan_30455,49,45,1
clan_42982,clan_36639,49,45,1
clan_24441,clan_30975,49,45,1
clan_33472,clan_26241,49,45,1
clan_17014,clan_4892,49,45,1
clan_18629,clan_4601,49,45,1
clan_18203,clan_10224,49,45,1
clan_24219,clan_26602,49,45,1
clan_9696,clan_20611,49,45,1
clan_21629,clan_4237,49,45,1
clan_744,clan_23743,49,45,1
clan_7737,clan_14624,49,45,1
clan_41039,clan_24934,49,45,1
clan_21514,clan_15094,49,47,1
clan_8495,clan_6283,49,47,1
clan_24677,clan_11745,49,47,1
clan_681,clan_46640,49,48,1
clan_35744,clan_46274,49,48,1
clan_8276,clan_9569,49,48,1
clan_2705,clan_3192,49,48,1
clan_10936,clan_26421,49,48,1
clan_14731,clan_10195,49,50,2
clan_7587,clan_21290,49,51,2
clan_10493,clan_16441,49,51,2
clan_9864,clan_4825,49,51,2
clan_21261,clan_38533,49,51,2
clan_312,clan_48441,49,51,2
clan_48205,clan_1652,49,57,2
clan_24788,clan_1704,49,57,2
clan_5590,clan_7364,50,14,1
clan_4805,clan_12641,50,21,1
clan_18124,clan_263,50,21,1
clan_24964,clan_28813,50,23,1
clan_2750,clan_5796,50,24,1
clan_9904,clan_18349,50,24,1
clan_23104,clan_8272,50,24,1
clan_6872,clan_20731,50,24,1
clan_23691,clan_10745,50,25,1
clan_10008,clan_5469,50,25,1
clan_12773,clan_7113,50,26,1
clan_26856,clan_23789,50,26,1
clan_17491,clan_23670,50,26,1
clan_18406,clan_29625,50,26,1
clan_19432,clan_3637,50,26,1
clan_13269,clan_15135,50,27,1
clan_18824,clan_12117,50,27,1
clan_35793,clan_7443,50,28,1
clan_15164,clan_26042,50,28,1
clan_11972,clan_28134,50,28,1
clan_3256,clan_20749,50,28,1
clan_16645,clan_24311,50,29,1
clan_16851,clan_17576,50,29,1
clan_38604,clan_43076,50,29,1
clan_29809,clan_44073,50,30,1
clan_6760,clan_9209,50,30,1
clan_17500,clan_29029,50,30,1
clan_31964,clan_2604,50,30,1
clan_17418,clan_32081,50,30,1
clan_19304,clan_30789,50,30,1
clan_4243,clan_11418,50,30,1
clan_26072,clan_18770,50,30,1
clan_6929,clan_7728,50,31,1
clan_17703,clan_4324,50,32,1
clan_44756,clan_37847,50,32,1
clan_1428,clan_40977,50,32,1
clan_19326,clan_11523,50,32,1
clan_38426,clan_37795,50,32,1
clan_26373,clan_31961,50,32,1
clan_30196,clan_19474,50,32,1
clan_13922,clan_4881,50,32,1
clan_3767,clan_6081,50,32,1
clan_13777,clan_23884,50,32,1
clan_9930,clan_21566,50,33,1
clan_25186,clan_12120,50,33,1
clan_24270,clan_28945,50,33,1
clan_38728,clan_29137,50,33,1
clan_4737,clan_3585,50,33,1
clan_6805,clan_13267,50,33,1
clan_10461,clan_5472,50,33,1
clan_25478,clan_13554,50,33,1
clan_43334,clan_45280,50,33,1
clan_5889,clan_5249,50,33,1
clan_21084,clan_15877,50,34,1
clan_11168,clan_12566,50,35,1
clan_2852,clan_4278,50,35,1
clan_5946,clan_30863,50,35,1
clan_38042,clan_28246,50,35,1
clan_30363,clan_42983,50,35,1
clan_41000,clan_11365,50,35,1
clan_5291,clan_4724,50,35,1
clan_10722,clan_26230,50,35,1
clan_35018,clan_11424,50,35,1
clan_9460,clan_33408,50,36,1
clan_18651,clan_5228,50,36,1
clan_10581,clan_33392,50,36,1
clan_47375,clan_45443,50,36,1
clan_45050,clan_44338,50,36,1
clan_18326,clan_16329,50,36,1
clan_36873,clan_43075,50,36,1
clan_19444,clan_22506,50,36,1
clan_27429,clan_12640,50,36,1
clan_4051,clan_14257,50,36,1
clan_10940,clan_13635,50,37,1
clan_8014,clan_3956,50,37,1
clan_17164,clan_13898,50,37,1
clan_21865,clan_10389,50,37,1
clan_46064,clan_43965,50,37,1
clan_38830,clan_17772,50,37,1
clan_9976,clan_25743,50,37,1
clan_15403,clan_10222,50,38,1
clan_36701,clan_7873,50,38,1
clan_12244,clan_9272,50,38,1
clan_8545,clan_14417,50,38,1
clan_41781,clan_32024,50,38,1
clan_17726,clan_35231,50,38,1
clan_817,clan_45651,50,38,1
clan_26708,clan_23442,50,38,1
clan_35809,clan_12405,50,38,1
clan_4784,clan_25364,50,38,1
clan_41105,clan_12295,50,38,1
clan_39169,clan_9239,50,38,1
clan_35078,clan_34209,50,38,1
clan_14763,clan_32444,50,38,1
clan_34768,clan_7163,50,38,1
clan_36860,clan_33483,50,38,1
clan_37806,clan_20703,50,39,1
clan_32629,clan_12066,50,39,1
clan_17102,clan_27041,50,39,1
clan_37117,clan_23666,50,39,1
clan_6708,clan_10631,50,39,1
clan_42142,clan_33488,50,39,1
clan_30063,clan_36296,50,39,1
clan_16443,clan_5369,50,39,1
clan_12321,clan_24102,50,39,1
clan_1799,clan_25234,50,39,1
clan_4210,clan_32973,50,39,1
clan_38561,clan_22887,50,39,1
clan_1556,clan_7293,50,39,1
clan_33988,clan_19537,50,39,1
clan_30694,clan_39934,50,39,1
clan_4577,clan_33948,50,39,1
clan_40515,clan_44590,50,39,1
clan_32280,clan_22618,50,39,1
clan_43759,clan_33160,50,39,1
clan_24197,clan_34218,50,39,1
clan_30939,clan_22250,50,39,1
clan_19819,clan_20199,50,39,1
clan_12404,clan_18978,50,39,1
clan_22360,clan_28670,50,39,1
clan_33661,clan_23519,50,39,1
clan_33151,clan_44002,50,39,1
clan_12862,clan_8950,50,40,1
clan_27351,clan_33723,50,40,1
clan_2990,clan_32698,50,40,1
clan_21115,clan_18232,50,40,1
clan_6968,clan_13573,50,40,1
clan_25239,clan_26397,50,40,1
clan_17215,clan_3677,50,40,1
clan_6721,clan_11898,50,40,1
clan_10908,clan_27009,50,41,1
clan_26439,clan_28283,50,41,1
clan_45110,clan_48123,50,41,1
clan_44653,clan_33843,50,41,1
clan_29440,clan_25963,50,41,1
clan_9738,clan_18082,50,41,1
clan_3941,clan_22255,50,41,1
clan_37588,clan_28557,50,41,1
clan_20275,clan_9286,50,41,1
clan_13912,clan_16182,50,41,1
clan_1059,clan_46019,50,41,1
clan_27571,clan_3420,50,42,1
clan_5960,clan_30692,50,42,1
clan_35379,clan_22345,50,42,1
clan_26557,clan_29118,50,42,1
clan_42570,clan_32759,50,42,1
clan_19874,clan_20115,50,42,1
clan_23777,clan_9024,50,42,1
clan_13164,clan_22807,50,42,1
clan_8675,clan_16805,50,42,1
clan_23927,clan_38150,50,42,1
clan_35035,clan_42429,50,42,1
clan_41734,clan_40411,50,42,1
clan_18155,clan_10374,50,42,1
clan_40513,clan_19916,50,42,1
clan_5013,clan_31329,50,42,1
clan_47783,clan_46875,50,42,1
clan_11853,clan_30093,50,42,1
clan_9585,clan_30919,50,42,1
clan_44974,clan_42852,50,42,1
clan_2860,clan_2463,50,42,1
clan_7658,clan_18469,50,42,1
clan_39516,clan_37993,50,42,1
clan_31491,clan_5257,50,42,1
clan_29382,clan_40932,50,42,1
clan_36485,clan_14791,50,42,1
clan_10040,clan_8810,50,42,1
clan_29369,clan_15757,50,42,1
clan_41142,clan_43897,50,42,1
clan_30012,clan_16932,50,42,1
clan_28417,clan_15732,50,42,1
clan_39657,clan_28784,50,42,1
clan_2770,clan_30879,50,42,1
clan_34488,clan_26935,50,42,1
clan_7829,clan_6605,50,42,1
clan_22412,clan_18862,50,42,1
clan_18905,clan_2574,50,42,1
clan_22488,clan_17813,50,42,1
clan_17059,clan_44501,50,42,1
clan_45312,clan_38987,50,42,1
clan_28948,clan_3571,50,42,1
clan_10124,clan_21897,50,42,1
clan_26841,clan_34081,50,42,1
clan_25547,clan_41772,50,42,1
clan_28528,clan_10256,50,43,1
clan_16621,clan_22416,50,43,1
clan_45679,clan_34377,50,43,1
clan_43893,clan_37650,50,43,1
clan_30134,clan_17365,50,43,1
clan_14901,clan_9552,50,43,1
clan_21426,clan_17087,50,43,1
clan_44096,clan_31984,50,43,1
clan_35333,clan_39557,50,44,1
clan_37528,clan_46483,50,44,1
clan_23312,clan_5747,50,44,1
clan_5539,clan_31528,50,44,1
clan_14860,clan_13535,50,44,1
clan_15628,clan_6103,50,44,1
clan_15904,clan_8935,50,44,1
clan_3438,clan_23407,50,44,1
clan_35498,clan_42522,50,44,1
clan_25433,clan_15383,50,44,1
clan_40332,clan_35792,50,44,1
clan_45944,clan_32477,50,44,1
clan_4204,clan_8741,50,44,1
clan_21850,clan_21376,50,44,1
clan_7198,clan_23431,50,44,1
clan_8681,clan_38161,50,44,1
clan_27500,clan_7411,50,44,1
clan_8743,clan_6855,50,44,1
clan_12196,clan_3993,50,44,1
clan_6737,clan_24086,50,44,1
clan_5945,clan_12053,50,44,1
clan_11761,clan_38184,50,45,1
clan_35507,clan_45882,50,45,1
clan_9050,clan_27130,50,45,1
clan_5271,clan_21885,50,45,1
clan_26712,clan_11605,50,45,1
clan_23708,clan_12672,50,45,1
clan_11944,clan_4488,50,45,1
clan_35509,clan_3894,50,45,1
clan_46508,clan_41266,50,45,1
clan_47905,clan_46989,50,45,1
clan_34379,clan_36666,50,45,1
clan_28260,clan_24132,50,45,1
clan_13981,clan_39701,50,45,1
clan_43014,clan_38444,50,45,1
clan_25958,clan_39705,50,45,1
clan_25164,clan_16032,50,45,1
clan_17486,clan_17111,50,45,1
clan_878,clan_41689,50,45,1
clan_21393,clan_24754,50,45,1
clan_46326,clan_36013,50,45,1
clan_32373,clan_22956,50,45,1
clan_21442,clan_25865,50,45,1
clan_42057,clan_48013,50,45,1
clan_47949,clan_48048,50,45,1
clan_20101,clan_19549,50,45,1
clan_42034,clan_40267,50,45,1
clan_30014,clan_4969,50,45,1
clan_46046,clan_46999,50,45,1
clan_34450,clan_30224,50,45,1
clan_7736,clan_30394,50,46,1
clan_14798,clan_30077,50,46,1
clan_19178,clan_29046,50,47,1
clan_1340,clan_46267,50,47,1
clan_6106,clan_3643,50,47,1
clan_33996,clan_16235,50,47,1
clan_32411,clan_35561,50,47,1
clan_13548,clan_26508,50,47,1
clan_19089,clan_6881,50,47,1
clan_6566,clan_6122,50,47,1
clan_2469,clan_13045,50,48,1
clan_4576,clan_7532,50,48,1
clan_22236,clan_38322,50,48,1
clan_44310,clan_43064,50,48,1
clan_29650,clan_918,50,48,1
clan_19166,clan_20462,50,48,1
clan_22687,clan_9374,50,48,1
clan_32099,clan_44631,50,48,1
clan_1187,clan_1344,50,48,1
clan_40572,clan_34720,50,48,1
clan_47406,clan_44330,50,48,1
clan_15386,clan_17922,50,48,1
clan_6506,clan_3876,50,48,1
clan_30055,clan_33842,50,48,1
clan_26511,clan_37419,50,48,1
clan_11517,clan_16835,50,48,1
clan_16929,clan_25527,50,48,1
clan_25792,clan_367,50,48,1
clan_12933,clan_18465,50,48,1
clan_37919,clan_25188,50,48,1
clan_30763,clan_18081,50,48,1
clan_44954,clan_44830,50,48,1
clan_46527,clan_44559,50,48,1
clan_35647,clan_18773,50,48,1
clan_47337,clan_47666,50,48,1
clan_4782,clan_45141,50,48,1
clan_25266,clan_36337,50,48,1
clan_32894,clan_6254,50,48,1
clan_31299,clan_21508,50,48,1
clan_36288,clan_26259,50,48,1
clan_48002,clan_47232,50,48,1
clan_44081,clan_45538,50,48,1
clan_28768,clan_10962,50,48,1
clan_17245,clan_8021,50,48,1
clan_27126,clan_4117,50,48,1
clan_39861,clan_10956,50,49,1
clan_4232,clan_37896,50,51,2
clan_33053,clan_30567,50,51,2
clan_27794,clan_33859,50,51,2
clan_17107,clan_11762,50,51,2
clan_29534,clan_45165,50,51,2
clan_43141,clan_44405,50,51,2
clan_9385,clan_9166,50,51,2
clan_8930,clan_5482,50,51,2
clan_30844,clan_15824,50,51,2
clan_24635,clan_6629,50,51,2
clan_42589,clan_20099,50,51,2
clan_38971,clan_45819,50,51,2
clan_6420,clan_28975,50,51,2
clan_42854,clan_38876,50,51,2
clan_20058,clan_5177,50,51,2
clan_1164,clan_1159,50,51,2
clan_42413,clan_46134,50,51,2
clan_19901,clan_8349,50,51,2
clan_32479,clan_6086,50,51,2
clan_23739,clan_31280,50,51,2
clan_21777,clan_25453,50,51,2
clan_25256,clan_25645,50,51,2
clan_13083,clan_29866,50,51,2
clan_44651,clan_40658,50,51,2
clan_46127,clan_47956,50,51,2
clan_22760,clan_20282,50,51,2
clan_9485,clan_17483,50,51,2
clan_5050,clan_9320,51,13,1
clan_5930,clan_14986,51,18,1
clan_10577,clan_7154,51,21,1
clan_44414,clan_44802,51,22,1
clan_25086,clan_6921,51,22,1
clan_5916,clan_7325,51,24,1
clan_24696,clan_19755,51,24,1
clan_28344,clan_12125,51,24,1
clan_16691,clan_18583,51,24,1
clan_26612,clan_12147,51,24,1
clan_14675,clan_16375,51,24,1
clan_26195,clan_14792,51,26,1
clan_19351,clan_29015,51,26,1
clan_28483,clan_31519,51,26,1
clan_4793,clan_15842,51,27,1
clan_32352,clan_22871,51,27,1
clan_13773,clan_24125,51,27,1
clan_26930,clan_17862,51,27,1
clan_10817,clan_9732,51,27,1
clan_30206,clan_16736,51,27,1
clan_3863,clan_24792,51,27,1
clan_40191,clan_24644,51,28,1
clan_2718,clan_27838,51,29,1
clan_9221,clan_13982,51,29,1
clan_11002,clan_18464,51,29,1
clan_6240,clan_9370,51,29,1
clan_36274,clan_8397,51,29,1
clan_28966,clan_27568,51,29,1
clan_3792,clan_13829,51,29,1
clan_13752,clan_33697,51,29,1
clan_16359,clan_15617,51,30,1
clan_10751,clan_4704,51,30,1
clan_16721,clan_26485,51,30,1
clan_5505,clan_2808,51,30,1
clan_31934,clan_21623,51,30,1
clan_18440,clan_5150,51,30,1
clan_40407,clan_38268,51,30,1
clan_22465,clan_8671,51,30,1
clan_22431,clan_38354,51,31,1
clan_9476,clan_3370,51,32,1
clan_5443,clan_4405,51,32,1
clan_15654,clan_13412,51,32,1
clan_7356,clan_28630,51,32,1
clan_22935,clan_8033,51,32,1
clan_8084,clan_21550,51,32,1
clan_25617,clan_23951,51,32,1
clan_12598,clan_19522,51,32,1
clan_16306,clan_15755,51,32,1
clan_27020,clan_38979,51,32,1
clan_34517,clan_26294,51,33,1
clan_4628,clan_17138,51,33,1
clan_9868,clan_12330,51,33,1
clan_47970,clan_44986,51,33,1
clan_38387,clan_38213,51,33,1
clan_27552,clan_14028,51,33,1
clan_29475,clan_10876,51,33,1
clan_21459,clan_8060,51,33,1
clan_28198,clan_2731,51,33,1
clan_27525,clan_7977,51,33,1
clan_45477,clan_43794,51,33,1
clan_2376,clan_26607,51,33,1
clan_23242,clan_8949,51,33,1
clan_21983,clan_2842,51,33,1
clan_7158,clan_19026,51,33,1
clan_11386,clan_19100,51,33,1
clan_2496,clan_18160,51,33,1
clan_12112,clan_2567,51,33,1
clan_22062,clan_15253,51,33,1
clan_5677,clan_6245,51,33,1
clan_8299,clan_25108,51,33,1
clan_19078,clan_21584,51,33,1
clan_3889,clan_23202,51,33,1
clan_29601,clan_14984,51,34,1
clan_34349,clan_22029,51,34,1
clan_41826,clan_17145,51,34,1
clan_24535,clan_43229,51,34,1
clan_21668,clan_14531,51,34,1
clan_4891,clan_9542,51,34,1
clan_21282,clan_28424,51,34,1
clan_23788,clan_8262,51,35,1
clan_43573,clan_39358,51,35,1
clan_24886,clan_21595,51,35,1
clan_11236,clan_21189,51,35,1
clan_25972,clan_7732,51,35,1
clan_34444,clan_45048,51,35,1
clan_33438,clan_44892,51,35,1
clan_27457,clan_8542,51,35,1
clan_169,clan_529,51,35,1
clan_3444,clan_38441,51,35,1
clan_27341,clan_24442,51,35,1
clan_30243,clan_13296,51,35,1
clan_28286,clan_13385,51,35,1
clan_15915,clan_22826,51,35,1
clan_11771,clan_23175,51,35,1
clan_31413,clan_23425,51,35,1
clan_35190,clan_41655,51,35,1
clan_14897,clan_12748,51,35,1
clan_38155,clan_20627,51,35,1
clan_20210,clan_25327,51,36,1
clan_29865,clan_25974,51,36,1
clan_13339,clan_3991,51,36,1
clan_40101,clan_35896,51,36,1
clan_19042,clan_18923,51,36,1
clan_1765,clan_2468,51,36,1
clan_11396,clan_8891,51,36,1
clan_45551,clan_29878,51,36,1
clan_1423,clan_29325,51,36,1
clan_46668,clan_40231,51,36,1
clan_19944,clan_22219,51,36,1
clan_33904,clan_26619,51,36,1
clan_2847,clan_8034,51,36,1
clan_30644,clan_4630,51,36,1
clan_41523,clan_33662,51,36,1
clan_11026,clan_3451,51,36,1
clan_24302,clan_18278,51,36,1
clan_8050,clan_32922,51,36,1
clan_30779,clan_15973,51,36,1
clan_25308,clan_9568,51,36,1
clan_33998,clan_28330,51,36,1
clan_22305,clan_9928,51,36,1
clan_31947,clan_123,51,36,1
clan_45032,clan_46232,51,36,1
clan_26863,clan_4650,51,36,1
clan_18899,clan_16949,51,36,1
clan_38061,clan_22396,51,36,1
clan_23825,clan_25238,51,36,1
clan_46150,clan_48151,51,36,1
clan_17672,clan_10113,51,36,1
clan_34495,clan_28001,51,36,1
clan_10867,clan_1149,51,36,1
clan_7155,clan_14629,51,36,1
clan_9794,clan_7522,51,37,1
clan_13947,clan_12928,51,37,1
clan_19864,clan_10961,51,37,1
clan_12334,clan_6548,51,37,1
clan_36472,clan_20936,51,37,1
clan_14876,clan_17955,51,37,1
clan_8620,clan_5105,51,37,1
clan_18808,clan_2746,51,37,1
clan_41567,clan_26992,51,38,1
clan_37143,clan_34752,51,38,1
clan_18308,clan_43945,51,38,1
clan_39474,clan_28296,51,38,1
clan_8722,clan_37960,51,38,1
clan_35292,clan_39618,51,38,1
clan_9359,clan_6423,51,38,1
clan_1964,clan_40761,51,38,1
clan_18357,clan_26505,51,38,1
clan_13156,clan_10918,51,38,1
clan_29767,clan_13292,51,38,1
clan_29168,clan_5263,51,38,1
clan_5524,clan_11705,51,38,1
clan_47900,clan_249,51,38,1
clan_35510,clan_31803,51,38,1
clan_42130,clan_38447,51,38,1
clan_16751,clan_10314,51,38,1
clan_3970,clan_12676,51,38,1
clan_17824,clan_14366,51,38,1
clan_18500,clan_13055,51,38,1
clan_25460,clan_29175,51,38,1
clan_3093,clan_17043,51,38,1
clan_21896,clan_17930,51,38,1
clan_25378,clan_28942,51,39,1
clan_10904,clan_29166,51,39,1
clan_5649,clan_19279,51,39,1
clan_20185,clan_21326,51,39,1
clan_8501,clan_9429,51,39,1
clan_17416,clan_16713,51,39,1
clan_8294,clan_27332,51,39,1
clan_30592,clan_33519,51,39,1
clan_6759,clan_18670,51,39,1
clan_21176,clan_4466,51,39,1
clan_44762,clan_32552,51,39,1
clan_35361,clan_18849,51,39,1
clan_36411,clan_14888,51,39,1
clan_27558,clan_23680,51,39,1
clan_7423,clan_32297,51,39,1
clan_13044,clan_9801,51,39,1
clan_24773,clan_9160,51,39,1
clan_14805,clan_23182,51,39,1
clan_44765,clan_23007,51,39,1
clan_25082,clan_6484,51,39,1
clan_17636,clan_9141,51,39,1
clan_9648,clan_18791,51,39,1
clan_17318,clan_3580,51,39,1
clan_36059,clan_917,51,39,1
clan_13402,clan_14882,51,39,1
clan_23928,clan_26987,51,39,1
clan_2589,clan_20084,51,39,1
clan_3898,clan_5783,51,39,1
clan_21692,clan_29603,51,39,1
clan_17684,clan_6725,51,39,1
clan_39067,clan_38717,51,39,1
clan_24613,clan_20018,51,39,1
clan_2170,clan_14382,51,39,1
clan_27817,clan_28770,51,39,1
clan_8497,clan_27641,51,39,1
clan_23167,clan_36822,51,39,1
clan_16537,clan_7005,51,39,1
clan_28851,clan_3574,51,39,1
clan_25474,clan_28298,51,39,1
clan_2549,clan_26350,51,39,1
clan_17529,clan_6637,51,39,1
clan_41304,clan_28350,51,39,1
clan_19160,clan_25150,51,39,1
clan_35251,clan_37918,51,39,1
clan_36302,clan_4662,51,39,1
clan_12279,clan_33782,51,39,1
clan_29397,clan_28913,51,39,1
clan_27963,clan_37231,51,39,1
clan_21212,clan_12800,51,39,1
clan_39336,clan_47237,51,39,1
clan_25986,clan_35583,51,39,1
clan_4638,clan_30178,51,39,1
clan_47763,clan_40748,51,39,1
clan_9923,clan_13879,51,39,1
clan_17351,clan_31917,51,39,1
clan_31860,clan_4150,51,39,1
clan_3185,clan_7044,51,39,1
clan_44225,clan_30925,51,39,1
clan_42266,clan_48039,51,39,1
clan_17383,clan_29487,51,39,1
clan_22697,clan_19411,51,39,1
clan_5463,clan_27803,51,39,1
clan_14879,clan_25447,51,39,1
clan_31633,clan_35943,51,39,1
clan_16945,clan_12156,51,39,1
clan_21817,clan_3150,51,40,1
clan_38959,clan_12195,51,40,1
clan_11876,clan_17248,51,40,1
clan_44666,clan_41444,51,40,1
clan_48544,clan_47635,51,40,1
clan_33382,clan_5375,51,40,1
clan_10205,clan_25005,51,40,1
clan_35517,clan_34439,51,40,1
clan_43282,clan_28188,51,40,1
clan_39048,clan_45396,51,40,1
clan_35316,clan_20286,51,40,1
clan_25578,clan_16706,51,40,1
clan_39807,clan_33534,51,41,1
clan_8427,clan_8708,51,41,1
clan_41598,clan_30508,51,41,1
clan_19681,clan_2323,51,41,1
clan_15660,clan_7757,51,41,1
clan_39142,clan_32511,51,41,1
clan_26244,clan_22061,51,41,1
clan_46755,clan_44276,51,41,1
clan_45363,clan_40165,51,41,1
clan_37676,clan_37244,51,41,1
clan_33874,clan_13847,51,41,1
clan_28772,clan_37499,51,41,1
clan_37292,clan_26223,51,41,1
clan_9484,clan_5776,51,41,1
clan_29904,clan_16020,51,41,1
clan_41832,clan_48082,51,41,1
clan_32767,clan_8583,51,41,1
clan_34900,clan_2159,51,41,1
clan_20380,clan_32561,51,41,1
clan_32384,clan_29933,51,41,1
clan_19098,clan_29393,51,41,1
clan_26566,clan_1557,51,41,1
clan_45815,clan_44837,51,41,1
clan_21311,clan_35432,51,41,1
clan_43879,clan_40756,51,41,1
clan_24664,clan_13774,51,41,1
clan_44001,clan_42680,51,42,1
clan_39842,clan_41240,51,42,1
clan_36245,clan_26988,51,42,1
clan_44587,clan_40936,51,42,1
clan_29385,clan_31504,51,42,1
clan_35260,clan_41238,51,42,1
clan_29807,clan_10342,51,42,1
clan_38752,clan_8876,51,42,1
clan_34316,clan_42538,51,42,1
clan_24923,clan_11871,51,42,1
clan_17464,clan_5449,51,42,1
clan_5714,clan_10392,51,42,1
clan_35427,clan_5239,51,42,1
clan_17699,clan_41634,51,42,1
clan_37415,clan_41686,51,42,1
clan_47731,clan_48049,51,42,1
clan_20152,clan_26053,51,42,1
clan_37742,clan_31139,51,42,1
clan_21806,clan_2436,51,42,1
clan_35136,clan_23860,51,42,1
clan_40924,clan_47286,51,42,1
clan_7918,clan_7012,51,42,1
clan_43051,clan_15519,51,42,1
clan_14226,clan_5173,51,42,1
clan_33354,clan_28591,51,42,1
clan_47569,clan_45394,51,42,1
clan_16183,clan_12819,51,42,1
clan_8095,clan_34159,51,42,1
clan_19242,clan_29334,51,42,1
clan_41851,clan_43473,51,42,1
clan_19743,clan_41581,51,42,1
clan_24170,clan_19263,51,42,1
clan_24447,clan_21791,51,42,1
clan_16772,clan_22690,51,42,1
clan_24393,clan_38020,51,42,1
clan_3836,clan_31318,51,42,1
clan_19380,clan_25858,51,42,1
clan_23363,clan_41929,51,42,1
clan_25579,clan_3616,51,42,1
clan_25065,clan_25305,51,42,1
clan_14021,clan_21877,51,42,1
clan_45343,clan_30866,51,42,1
clan_26881,clan_28419,51,42,1
clan_21988,clan_23334,51,42,1
clan_31133,clan_45544,51,42,1
clan_46074,clan_47644,51,42,1
clan_39772,clan_30397,51,42,1
clan_3709,clan_9490,51,42,1
clan_19296,clan_33061,51,42,1
clan_12553,clan_13722,51,42,1
clan_37646,clan_45266,51,42,1
clan_31273,clan_12350,51,42,1
clan_5433,clan_23758,51,42,1
clan_27100,clan_7247,51,42,1
clan_23545,clan_13282,51,42,1
clan_9949,clan_32194,51,42,1
clan_30612,clan_26106,51,42,1
clan_1924,clan_33633,51,42,1
clan_22621,clan_4292,51,42,1
clan_165,clan_45800,51,42,1
clan_14359,clan_19891,51,42,1
clan_7572,clan_12353,51,42,1
clan_15163,clan_17881,51,42,1
clan_30426,clan_17941,51,42,1
clan_23738,clan_32104,51,42,1
clan_20008,clan_1727,51,42,1
clan_18107,clan_6453,51,42,1
clan_13571,clan_7451,51,42,1
clan_34772,clan_29919,51,42,1
clan_18419,clan_29292,51,42,1
clan_26180,clan_31639,51,42,1
clan_40910,clan_35578,51,42,1
clan_12441,clan_28124,51,42,1
clan_13893,clan_14030,51,42,1
clan_15343,clan_29816,51,42,1
clan_15437,clan_11173,51,42,1
clan_20864,clan_11062,51,42,1
clan_31931,clan_37872,51,42,1
clan_19230,clan_8879,51,42,1
clan_26886,clan_35462,51,42,1
clan_43489,clan_42027,51,42,1
clan_21732,clan_25497,51,42,1
clan_39580,clan_34216,51,42,1
clan_39563,clan_40129,51,42,1
clan_25526,clan_7559,51,42,1
clan_22094,clan_31492,51,43,1
clan_14024,clan_35862,51,43,1
clan_2163,clan_22579,51,43,1
clan_34380,clan_46056,51,43,1
clan_14277,clan_7261,51,43,1
clan_3328,clan_23316,51,43,1
clan_8177,clan_11780,51,43,1
clan_16752,clan_24651,51,43,1
clan_27692,clan_11892,51,43,1
clan_26457,clan_18892,51,43,1
clan_4500,clan_11590,51,43,1
clan_34676,clan_11049,51,43,1
clan_24631,clan_14584,51,44,1
clan_44748,clan_48133,51,44,1
clan_21943,clan_15111,51,44,1
clan_39676,clan_41301,51,44,1
clan_17504,clan_5911,51,44,1
clan_379,clan_27710,51,44,1
clan_38516,clan_32447,51,44,1
clan_21831,clan_1480,51,44,1
clan_37530,clan_20960,51,44,1
clan_21733,clan_7588,51,44,1
clan_37488,clan_18235,51,44,1
clan_41422,clan_39659,51,44,1
clan_2598,clan_29964,51,44,1
clan_6840,clan_3987,51,44,1
clan_18189,clan_12747,51,44,1
clan_176,clan_40108,51,44,1
clan_44659,clan_13197,51,44,1
clan_30411,clan_6456,51,44,1
clan_38551,clan_45065,51,44,1
clan_21048,clan_35490,51,44,1
clan_33806,clan_15334,51,44,1
clan_39454,clan_3799,51,44,1
clan_12327,clan_17480,51,44,1
clan_30550,clan_21548,51,44,1
clan_4003,clan_15170,51,44,1
clan_14443,clan_15542,51,44,1
clan_39006,clan_33025,51,44,1
clan_28101,clan_42004,51,44,1
clan_14757,clan_3926,51,44,1
clan_7676,clan_30845,51,44,1
clan_17129,clan_9340,51,44,1
clan_33455,clan_45768,51,44,1
clan_44169,clan_24674,51,44,1
clan_13040,clan_7890,51,44,1
clan_31035,clan_29416,51,44,1
clan_11,clan_30634,51,44,1
clan_27114,clan_44798,51,44,1
clan_30434,clan_35830,51,44,1
clan_16138,clan_9889,51,44,1
clan_22053,clan_36753,51,45,1
clan_35202,clan_37529,51,45,1
clan_41659,clan_32933,51,45,1
clan_33106,clan_37503,51,45,1
clan_32021,clan_34030,51,45,1
clan_44887,clan_141,51,45,1
clan_45319,clan_43741,51,45,1
clan_26589,clan_24657,51,45,1
clan_44264,clan_413,51,45,1
clan_21757,clan_697,51,45,1
clan_9957,clan_5258,51,45,1
clan_33394,clan_2457,51,45,1
clan_28125,clan_18598,51,45,1
clan_18271,clan_24076,51,45,1
clan_43302,clan_33838,51,45,1
clan_25219,clan_2447,51,45,1
clan_11311,clan_24942,51,45,1
clan_26600,clan_28337,51,45,1
clan_44880,clan_38386,51,45,1
clan_36823,clan_41022,51,45,1
clan_41975,clan_1575,51,45,1
clan_30027,clan_38394,51,45,1
clan_48330,clan_45672,51,45,1
clan_6262,clan_14074,51,45,1
clan_36454,clan_30520,51,45,1
clan_34101,clan_40627,51,45,1
clan_32946,clan_18922,51,45,1
clan_44527,clan_41973,51,45,1
clan_22806,clan_37405,51,45,1
clan_31288,clan_15245,51,45,1
clan_36405,clan_46763,51,45,1
clan_4235,clan_11479,51,45,1
clan_45885,clan_46287,51,45,1
clan_14946,clan_11350,51,45,1
clan_25890,clan_27900,51,45,1
clan_28661,clan_26216,51,45,1
clan_43509,clan_31625,51,45,1
clan_4396,clan_29841,51,45,1
clan_19194,clan_26114,51,45,1
clan_25984,clan_3800,51,45,1
clan_42334,clan_43258,51,45,1
clan_3133,clan_15207,51,45,1
clan_31169,clan_19953,51,45,1
clan_13466,clan_13342,51,45,1
clan_1377,clan_47192,51,45,1
clan_30575,clan_14793,51,45,1
clan_10943,clan_8908,51,45,1
clan_33003,clan_31652,51,45,1
clan_24999,clan_14066,51,45,1
clan_31508,clan_14643,51,45,1
clan_6276,clan_40423,51,45,1
clan_26899,clan_29218,51,45,1
clan_20997,clan_14881,51,45,1
clan_10149,clan_16246,51,45,1
clan_17410,clan_6501,51,45,1
clan_25919,clan_9151,51,45,1
clan_18794,clan_27420,51,45,1
clan_44211,clan_46351,51,45,1
clan_9790,clan_29050,51,45,1
clan_38029,clan_28523,51,45,1
clan_41390,clan_36874,51,45,1
clan_23494,clan_26479,51,45,1
clan_41664,clan_27955,51,45,1
clan_21404,clan_15895,51,45,1
clan_18493,clan_3222,51,45,1
clan_28026,clan_2906,51,45,1
clan_20870,clan_38443,51,45,1
clan_37711,clan_43871,51,45,1
clan_35499,clan_37860,51,45,1
clan_35430,clan_34806,51,45,1
clan_36164,clan_33449,51,45,1
clan_42643,clan_42857,51,45,1
clan_31726,clan_19562,51,45,1
clan_36234,clan_27292,51,45,1
clan_15528,clan_30497,51,45,1
clan_41526,clan_32520,51,45,1
clan_26869,clan_28055,51,45,1
clan_15667,clan_26705,51,45,1
clan_24355,clan_31005,51,45,1
clan_3896,clan_3224,51,45,1
clan_9492,clan_30086,51,45,1
clan_41778,clan_40923,51,45,1
clan_18759,clan_8820,51,45,1
clan_16315,clan_30355,51,45,1
clan_8858,clan_9663,51,45,1
clan_6565,clan_34027,51,45,1
clan_36170,clan_7721,51,45,1
clan_18303,clan_5763,51,45,1
clan_33114,clan_35686,51,45,1
clan_15890,clan_33350,51,45,1
clan_47907,clan_46861,51,45,1
clan_28306,clan_32919,51,45,1
clan_37312,clan_45429,51,45,1
clan_32852,clan_18621,51,45,1
clan_45759,clan_46073,51,45,1
clan_21224,clan_7827,51,45,1
clan_34386,clan_35009,51,45,1
clan_44220,clan_48081,51,45,1
clan_8023,clan_30828,51,45,1
clan_37697,clan_41695,51,45,1
clan_34677,clan_21260,51,45,1
clan_22768,clan_21882,51,45,1
clan_34408,clan_32506,51,45,1
clan_5058,clan_17070,51,45,1
clan_19205,clan_21419,51,45,1
clan_17435,clan_21452,51,45,1
clan_16241,clan_29407,51,45,1
clan_42687,clan_2197,51,45,1
clan_30649,clan_34224,51,45,1
clan_47139,clan_30424,51,45,1
clan_16052,clan_15122,51,45,1
clan_4042,clan_26006,51,45,1
clan_25796,clan_44450,51,45,1
clan_23293,clan_18187,51,46,1
clan_38702,clan_43724,51,46,1
clan_33947,clan_39780,51,46,1
clan_26243,clan_23046,51,46,1
clan_7464,clan_23634,51,46,1
clan_24135,clan_8354,51,46,1
clan_20108,clan_27902,51,46,1
clan_4357,clan_30359,51,46,1
clan_34149,clan_6241,51,46,1
clan_6273,clan_28360,51,47,1
clan_22701,clan_17020,51,47,1
clan_43834,clan_44654,51,47,1
clan_12240,clan_19322,51,47,1
clan_20933,clan_17098,51,47,1
clan_6903,clan_4325,51,47,1
clan_13448,clan_23089,51,47,1
clan_44049,clan_17212,51,47,1
clan_35192,clan_27616,51,47,1
clan_27498,clan_12324,51,47,1
clan_35497,clan_2307,51,47,1
clan_40599,clan_32063,51,47,1
clan_35234,clan_40605,51,47,1
clan_30945,clan_43337,51,47,1
clan_33577,clan_36082,51,47,1
clan_13207,clan_41176,51,47,1
clan_10832,clan_36551,51,47,1
clan_14877,clan_26009,51,47,1
clan_31112,clan_31781,51,47,1
clan_48428,clan_42695,51,47,1
clan_7054,clan_18105,51,47,1
clan_18519,clan_22612,51,47,1
clan_4809,clan_11040,51,47,1
clan_33931,clan_36353,51,47,1
clan_33309,clan_15076,51,47,1
clan_34880,clan_38641,51,47,1
clan_13321,clan_37732,51,47,1
clan_39425,clan_32360,51,47,1
clan_43392,clan_7784,51,47,1
clan_26046,clan_26187,51,47,1
clan_43342,clan_19908,51,47,1
clan_46097,clan_43830,51,47,1
clan_6351,clan_22761,51,47,1
clan_31296,clan_42020,51,47,1
clan_21697,clan_21641,51,47,1
clan_23806,clan_47758,51,47,1
clan_43450,clan_31674,51,47,1
clan_1150,clan_45796,51,47,1
clan_16257,clan_20911,51,47,1
clan_23105,clan_24471,51,47,1
clan_45317,clan_48382,51,47,1
clan_7299,clan_28732,51,47,1
clan_21395,clan_33521,51,47,1
clan_41700,clan_37630,51,47,1
clan_32016,clan_4883,51,47,1
clan_28295,clan_20333,51,48,1
clan_42751,clan_46760,51,48,1
clan_41499,clan_19902,51,48,1
clan_40289,clan_33649,51,48,1
clan_23648,clan_30428,51,48,1
clan_10983,clan_19017,51,48,1
clan_26817,clan_15060,51,48,1
clan_38188,clan_45218,51,48,1
clan_38811,clan_3570,51,48,1
clan_6502,clan_30933,51,48,1
clan_38529,clan_44471,51,48,1
clan_37191,clan_30207,51,48,1
clan_1687,clan_19999,51,48,1
clan_24938,clan_23319,51,48,1
clan_20751,clan_39205,51,48,1
clan_44672,clan_35053,51,48,1
clan_731,clan_15629,51,48,1
clan_47265,clan_32326,51,48,1
clan_27197,clan_40956,51,48,1
clan_44322,clan_40335,51,48,1
clan_44198,clan_47858,51,48,1
clan_20817,clan_25517,51,48,1
clan_27476,clan_3405,51,48,1
clan_5025,clan_35271,51,48,1
clan_46616,clan_45142,51,48,1
clan_40897,clan_45273,51,48,1
clan_18317,clan_26477,51,48,1
clan_47313,clan_993,51,48,1
clan_24309,clan_16341,51,48,1
clan_26191,clan_1136,51,48,1
clan_11913,clan_35923,51,48,1
clan_48367,clan_41979,51,48,1
clan_9007,clan_46758,51,48,1
clan_26608,clan_14701,51,48,1
clan_2521,clan_29900,51,48,1
clan_7727,clan_35135,51,48,1
clan_47387,clan_45741,51,48,1
clan_19990,clan_36585,51,48,1
clan_6388,clan_29835,51,48,1
clan_10084,clan_19818,51,48,1
clan_15247,clan_13552,51,48,1
clan_18736,clan_19946,51,48,1
clan_12471,clan_7537,51,48,1
clan_38822,clan_36520,51,48,1
clan_32090,clan_38786,51,48,1
clan_44697,clan_29111,51,48,1
clan_30299,clan_28253,51,48,1
clan_3953,clan_27709,51,48,1
clan_12076,clan_5867,51,48,1
clan_20063,clan_29223,51,48,1
clan_25881,clan_31818,51,48,1
clan_30325,clan_9318,51,48,1
clan_24762,clan_21482,51,48,1
clan_19182,clan_12469,51,48,1
clan_28466,clan_4963,51,48,1
clan_18151,clan_22400,51,48,1
clan_41645,clan_18869,51,48,1
clan_43898,clan_40615,51,48,1
clan_48024,clan_46581,51,48,1
clan_46603,clan_47353,51,48,1
clan_32841,clan_26789,51,48,1
clan_34492,clan_8335,51,48,1
clan_31977,clan_24780,51,48,1
clan_40550,clan_46814,51,48,1
clan_34674,clan_23555,51,48,1
clan_39742,clan_33498,51,48,1
clan_23822,clan_24001,51,48,1
clan_27539,clan_4517,51,48,1
clan_2262,clan_47859,51,48,1
clan_46103,clan_13857,51,48,1
clan_2209,clan_35591,51,48,1
clan_16152,clan_25332,51,48,1
clan_26916,clan_15081,51,48,1
clan_40098,clan_34483,51,48,1
clan_42747,clan_24675,51,48,1
clan_5183,clan_21573,51,48,1
clan_400,clan_36849,51,48,1
clan_24381,clan_3066,51,48,1
clan_23321,clan_38931,51,48,1
clan_11441,clan_34397,51,48,1
clan_13911,clan_13977,51,48,1
clan_29121,clan_15763,51,48,1
clan_45639,clan_24339,51,48,1
clan_10459,clan_8305,51,48,1
clan_39752,clan_34269,51,48,1
clan_29418,clan_40548,51,48,1
clan_15989,clan_27194,51,48,1
clan_28110,clan_33220,51,48,1
clan_22118,clan_16230,51,48,1
clan_20461,clan_21428,51,48,1
clan_30406,clan_26116,51,48,1
clan_41788,clan_276,51,48,1
clan_41696,clan_38559,51,48,1
clan_31834,clan_32142,51,48,1
clan_28624,clan_13700,51,48,1
clan_28061,clan_24163,51,48,1
clan_46250,clan_48073,51,48,1
clan_38912,clan_22290,51,48,1
clan_6096,clan_28261,51,48,1
clan_45678,clan_18513,51,48,1
clan_44583,clan_38720,51,48,1
clan_19807,clan_15267,51,48,1
clan_19480,clan_31580,51,48,1
clan_4939,clan_13704,51,48,1
clan_3494,clan_38904,51,48,1
clan_48102,clan_41632,51,48,1
clan_40917,clan_34855,51,48,1
clan_14810,clan_18846,51,48,1
clan_9144,clan_20131,51,48,1
clan_6665,clan_11477,51,48,1
clan_45005,clan_2122,51,48,1
clan_12095,clan_15078,51,48,1
clan_16161,clan_31671,51,48,1
clan_26420,clan_28076,51,48,1
clan_29376,clan_44692,51,48,1
clan_42321,clan_1618,51,48,1
clan_17776,clan_29201,51,48,1
clan_16307,clan_15475,51,48,1
clan_42837,clan_47191,51,48,1
clan_3309,clan_15557,51,48,1
clan_45193,clan_46741,51,48,1
clan_41705,clan_42313,51,48,1
clan_28052,clan_43595,51,48,1
clan_46278,clan_46950,51,48,1
clan_23944,clan_25618,51,48,1
clan_13441,clan_44272,51,48,1
clan_34819,clan_37547,51,48,1
clan_44729,clan_3687,51,48,1
clan_7338,clan_37881,51,48,1
clan_16895,clan_4648,51,48,1
clan_19731,clan_41727,51,48,1
clan_27233,clan_23942,51,48,1
clan_38287,clan_10111,51,48,1
clan_29232,clan_32380,51,48,1
clan_42418,clan_46945,51,48,1
clan_39306,clan_32643,51,48,1
clan_34972,clan_47583,51,48,1
clan_37604,clan_35008,51,48,1
clan_8451,clan_10199,51,48,1
clan_41356,clan_39019,51,48,1
clan_43390,clan_36996,51,48,1
clan_11980,clan_7131,51,48,1
clan_8978,clan_4503,51,48,1
clan_19688,clan_12784,51,48,1
clan_45236,clan_29064,51,48,1
clan_32318,clan_37111,51,48,1
clan_22907,clan_19357,51,48,1
clan_35219,clan_40920,51,48,1
clan_35513,clan_12847,51,48,1
clan_15182,clan_30185,51,48,1
clan_19798,clan_20414,51,48,1
clan_35032,clan_34313,51,48,1
clan_45635,clan_43514,51,48,1
clan_39156,clan_38135,51,48,1
clan_13925,clan_15504,51,48,1
clan_12508,clan_25274,51,48,1
clan_39935,clan_46646,51,48,1
clan_10051,clan_14544,51,49,1
clan_822,clan_43636,51,49,1
clan_16591,clan_24370,51,49,1
clan_8582,clan_23954,51,49,1
clan_42616,clan_25294,51,49,1
clan_18264,clan_19795,51,49,1
clan_24683,clan_8280,51,49,1
clan_37100,clan_27715,51,49,1
clan_15420,clan_27696,51,49,1
clan_17370,clan_2231,51,50,1
clan_4695,clan_6901,51,50,1
clan_35634,clan_37270,51,50,1
clan_33179,clan_42464,51,50,1
clan_43643,clan_42393,51,50,1
clan_41959,clan_43951,51,50,1
clan_39518,clan_18467,51,50,1
clan_37520,clan_25906,51,50,1
clan_36445,clan_12187,51,50,1
clan_4888,clan_15356,51,50,1
clan_45897,clan_42689,51,50,1
clan_9459,clan_10533,51,50,1
clan_5890,clan_13855,51,50,1
clan_43696,clan_1730,51,50,1
clan_39153,clan_41216,51,50,1
clan_44408,clan_6768,51,50,1
clan_30225,clan_37850,51,50,1
clan_34470,clan_10724,51,50,1
clan_29908,clan_25124,51,50,1
clan_4937,clan_17809,51,50,1
clan_33867,clan_5047,51,50,1
clan_1057,clan_36189,51,50,1
clan_32237,clan_33387,51,50,1
clan_31275,clan_9927,51,50,1
clan_36149,clan_33165,51,50,1
clan_38112,clan_37406,51,50,1
clan_43046,clan_29011,51,50,1
clan_16426,clan_14578,51,50,1
clan_40471,clan_34582,51,50,1
clan_42541,clan_46054,51,50,1
clan_36392,clan_28126,51,50,1
clan_47254,clan_1297,51,54,2
clan_21647,clan_21221,51,54,2
clan_21986,clan_36075,51,54,2
clan_39003,clan_35772,51,54,2
clan_36832,clan_45630,51,54,2
clan_28396,clan_22128,51,54,2
clan_30097,clan_304,51,54,2
clan_26670,clan_39015,51,54,2
clan_14452,clan_37538,51,54,2
clan_37187,clan_24612,51,54,2
clan_40369,clan_46367,51,54,2
clan_17875,clan_5837,51,54,2
clan_30781,clan_27686,51,54,2
clan_20122,clan_9700,51,54,2
clan_5950,clan_26753,51,54,2
clan_41273,clan_13060,51,54,2
clan_288,clan_11518,51,54,2
clan_8369,clan_17793,51,54,2
clan_1698,clan_47383,51,54,2
clan_48477,clan_47658,51,54,2
clan_46963,clan_47671,51,54,2
clan_47964,clan_48498,51,54,2
clan_11735,clan_40712,51,54,2
clan_38405,clan_44942,51,54,2
clan_45271,clan_42717,51,54,2
clan_40652,clan_1946,51,54,2
clan_26804,clan_26878,51,54,2
clan_14845,clan_26012,51,54,2
clan_45246,clan_46121,51,54,2
clan_32097,clan_34001,51,54,2
clan_3230,clan_33442,51,54,2
clan_38430,clan_19091,51,54,2
clan_45645,clan_39175,51,54,2
clan_18816,clan_24576,51,54,2
clan_37920,clan_15513,51,54,2
clan_42633,clan_1591,51,54,2
clan_40838,clan_43640,51,54,2
clan_41045,clan_44142,51,54,2
clan_48459,clan_44019,51,54,2
clan_29643,clan_13468,51,54,2
clan_45251,clan_45585,51,54,2
clan_38391,clan_34430,51,54,2
clan_42143,clan_20378,51,54,2
clan_25499,clan_2876,51,54,2
clan_26898,clan_35160,51,54,2
clan_19137,clan_27531,51,54,2
clan_31617,clan_32705,51,54,2
clan_25480,clan_11390,51,54,2
clan_18659,clan_23187,51,54,2
clan_25355,clan_7696,51,54,2
clan_39386,clan_44865,51,54,2
clan_31256,clan_36523,51,54,2
clan_4848,clan_26717,51,54,2
clan_38450,clan_44735,51,54,2
clan_33664,clan_7626,51,54,2
clan_29026,clan_35613,51,54,2
clan_10132,clan_10900,51,54,2
clan_29035,clan_12574,51,54,2
clan_28833,clan_29523,51,54,2
clan_18874,clan_12126,51,54,2
clan_42602,clan_42450,51,54,2
clan_38205,clan_42867,51,54,2
clan_31182,clan_1828,51,54,2
clan_2481,clan_25828,51,54,2
clan_16813,clan_29098,51,54,2
clan_21434,clan_16296,51,54,2
clan_33569,clan_9279,51,54,2
clan_47770,clan_46119,51,54,2
clan_1404,clan_47512,51,55,2
clan_41643,clan_32658,51,57,2
clan_600,clan_347,51,57,2
clan_1551,clan_1258,51,57,2
clan_1109,clan_47594,51,62,2
clan_1294,clan_1706,51,63,2
clan_1025,clan_76,51,64,2
clan_953,clan_83,51,81,2
clan_8666,clan_3318,52,8,1
clan_14771,clan_3925,52,9,1
clan_19525,clan_24009,52,14,1
clan_14020,clan_7120,52,18,1
clan_5411,clan_15153,52,22,1
clan_25574,clan_11226,52,24,1
clan_20017,clan_5127,52,25,1
clan_14907,clan_10719,52,25,1
clan_20892,clan_16962,52,25,1
clan_26727,clan_15981,52,26,1
clan_11851,clan_25666,52,28,1
clan_16648,clan_19668,52,29,1
clan_27984,clan_15492,52,29,1
clan_14583,clan_11790,52,29,1
clan_18139,clan_6436,52,29,1
clan_29438,clan_7208,52,29,1
clan_40130,clan_17713,52,29,1
clan_11598,clan_18783,52,30,1
clan_24327,clan_5358,52,30,1
clan_27109,clan_16825,52,30,1
clan_34019,clan_11121,52,30,1
clan_19453,clan_29311,52,31,1
clan_7824,clan_28315,52,31,1
clan_20496,clan_11582,52,31,1
clan_4322,clan_2343,52,32,1
clan_4254,clan_6399,52,32,1
clan_22500,clan_5588,52,32,1
clan_26002,clan_14391,52,33,1
clan_26056,clan_4469,52,33,1
clan_15733,clan_16601,52,33,1
clan_12286,clan_4379,52,33,1
clan_28673,clan_18515,52,33,1
clan_43771,clan_22046,52,33,1
clan_4553,clan_4461,52,33,1
clan_5122,clan_9147,52,34,1
clan_2345,clan_8992,52,34,1
clan_28205,clan_6539,52,34,1
clan_10636,clan_21471,52,34,1
clan_13615,clan_3907,52,35,1
clan_19356,clan_27374,52,35,1
clan_6873,clan_6132,52,35,1
clan_40990,clan_35362,52,35,1
clan_27335,clan_30002,52,35,1
clan_13351,clan_18732,52,36,1
clan_25846,clan_11474,52,36,1
clan_30256,clan_10659,52,36,1
clan_16348,clan_18288,52,36,1
clan_7485,clan_22549,52,36,1
clan_4182,clan_15888,52,36,1
clan_4111,clan_10324,52,36,1
clan_9593,clan_30607,52,36,1
clan_16216,clan_14758,52,36,1
clan_25395,clan_18747,52,37,1
clan_17158,clan_4302,52,37,1
clan_12901,clan_37708,52,37,1
clan_11208,clan_5927,52,37,1
clan_13286,clan_21043,52,37,1
clan_9497,clan_8953,52,37,1
clan_9495,clan_4831,52,37,1
clan_21728,clan_26692,52,38,1
clan_29831,clan_27348,52,38,1
clan_23491,clan_10401,52,38,1
clan_27577,clan_24590,52,38,1
clan_14114,clan_13325,52,38,1
clan_10597,clan_15511,52,38,1
clan_13504,clan_26794,52,38,1
clan_39619,clan_32654,52,38,1
clan_11509,clan_10998,52,38,1
clan_36161,clan_37803,52,38,1
clan_16686,clan_13653,52,38,1
clan_12217,clan_13480,52,38,1
clan_2966,clan_13273,52,39,1
clan_43933,clan_39531,52,39,1
clan_47329,clan_25216,52,39,1
clan_3331,clan_3855,52,39,1
clan_27202,clan_20160,52,39,1
clan_7432,clan_17097,52,39,1
clan_27201,clan_12296,52,39,1
clan_10313,clan_14243,52,40,1
clan_18038,clan_13511,52,41,1
clan_46149,clan_42220,52,41,1
clan_25658,clan_357,52,41,1
clan_4908,clan_23683,52,41,1
clan_35575,clan_45300,52,41,1
clan_28952,clan_33080,52,41,1
clan_5535,clan_26724,52,41,1
clan_2324,clan_13538,52,41,1
clan_5063,clan_36703,52,42,1
clan_34740,clan_16676,52,42,1
clan_19460,clan_29105,52,42,1
clan_11123,clan_25607,52,42,1
clan_34905,clan_6372,52,42,1
clan_9835,clan_29996,52,42,1
clan_38459,clan_28955,52,42,1
clan_5408,clan_29477,52,44,1
clan_46570,clan_47562,52,45,1
clan_24522,clan_29314,52,45,1
clan_1161,clan_47746,52,45,1
clan_47582,clan_43036,52,45,1
clan_46803,clan_1288,52,45,1
clan_37814,clan_23015,52,45,1
clan_17778,clan_8408,52,48,1
clan_45270,clan_48470,52,48,1
clan_1573,clan_48449,52,54,2
clan_48492,clan_575,52,87,2
clan_30490,clan_21327,53,13,1
clan_6089,clan_11279,53,13,1
clan_29578,clan_24638,53,15,1
clan_27078,clan_4045,53,19,1
clan_30611,clan_13775,53,20,1
clan_13833,clan_8546,53,20,1
clan_3874,clan_5092,53,22,1
clan_13753,clan_17068,53,24,1
clan_10232,clan_5915,53,24,1
clan_23393,clan_14840,53,24,1
clan_29271,clan_21649,53,24,1
clan_33968,clan_28480,53,26,1
clan_18898,clan_15891,53,26,1
clan_6139,clan_13651,53,27,1
clan_8171,clan_42606,53,27,1
clan_5079,clan_24571,53,27,1
clan_9572,clan_23116,53,27,1
clan_23147,clan_17843,53,27,1
clan_30395,clan_32075,53,28,1
clan_10215,clan_3620,53,28,1
clan_16768,clan_20048,53,28,1
clan_18452,clan_10810,53,28,1
clan_25341,clan_15426,53,28,1
clan_35345,clan_14790,53,28,1
clan_24059,clan_5898,53,29,1
clan_25933,clan_17445,53,29,1
clan_7752,clan_5893,53,29,1
clan_3056,clan_3598,53,30,1
clan_48188,clan_28399,53,30,1
clan_5119,clan_10981,53,30,1
clan_29715,clan_18722,53,30,1
clan_9057,clan_24758,53,30,1
clan_12492,clan_11141,53,31,1
clan_15740,clan_20036,53,31,1
clan_4432,clan_6677,53,31,1
clan_5760,clan_27868,53,32,1
clan_33076,clan_39662,53,32,1
clan_27579,clan_21063,53,32,1
clan_14652,clan_11289,53,32,1
clan_26639,clan_25135,53,32,1
clan_15900,clan_11329,53,32,1
clan_29060,clan_37667,53,32,1
clan_6736,clan_14278,53,32,1
clan_25022,clan_36693,53,32,1
clan_3951,clan_16379,53,32,1
clan_9123,clan_4918,53,32,1
clan_43732,clan_28964,53,32,1
clan_25554,clan_10318,53,33,1
clan_32986,clan_27000,53,33,1
clan_41310,clan_42177,53,33,1
clan_2046,clan_24876,53,33,1
clan_20293,clan_28867,53,33,1
clan_16643,clan_3189,53,33,1
clan_26947,clan_13617,53,33,1
clan_14530,clan_14559,53,33,1
clan_2823,clan_11164,53,33,1
clan_42443,clan_9463,53,33,1
clan_15952,clan_11130,53,34,1
clan_22951,clan_17431,53,34,1
clan_31105,clan_31087,53,34,1
clan_23009,clan_25358,53,35,1
clan_31150,clan_31244,53,35,1
clan_11372,clan_19298,53,35,1
clan_3713,clan_8914,53,35,1
clan_11907,clan_3950,53,35,1
clan_29503,clan_18983,53,35,1
clan_32601,clan_4604,53,35,1
clan_36492,clan_39678,53,35,1
clan_19261,clan_23675,53,35,1
clan_20283,clan_12396,53,35,1
clan_21420,clan_9968,53,35,1
clan_34215,clan_7697,53,35,1
clan_28478,clan_31722,53,36,1
clan_6643,clan_14734,53,36,1
clan_34751,clan_44795,53,36,1
clan_25111,clan_19994,53,36,1
clan_26222,clan_25795,53,36,1
clan_36212,clan_13565,53,36,1
clan_11689,clan_20979,53,36,1
clan_31690,clan_7971,53,36,1
clan_46475,clan_46418,53,36,1
clan_47458,clan_33853,53,36,1
clan_31939,clan_28850,53,36,1
clan_39440,clan_32232,53,36,1
clan_6767,clan_3167,53,36,1
clan_20198,clan_5064,53,36,1
clan_11994,clan_6555,53,36,1
clan_42693,clan_44958,53,36,1
clan_17390,clan_3130,53,36,1
clan_26163,clan_20676,53,37,1
clan_6265,clan_27980,53,37,1
clan_20685,clan_9345,53,37,1
clan_40344,clan_36139,53,37,1
clan_31306,clan_28418,53,37,1
clan_38222,clan_906,53,38,1
clan_45464,clan_38409,53,38,1
clan_44940,clan_17945,53,38,1
clan_22888,clan_16616,53,38,1
clan_36615,clan_26872,53,38,1
clan_11038,clan_14522,53,38,1
clan_30633,clan_32532,53,38,1
clan_12895,clan_9963,53,38,1
clan_14125,clan_37745,53,38,1
clan_45400,clan_39579,53,38,1
clan_17446,clan_28420,53,38,1
clan_44182,clan_12607,53,38,1
clan_38264,clan_11811,53,38,1
clan_45611,clan_32526,53,38,1
clan_26376,clan_39135,53,38,1
clan_12527,clan_19535,53,38,1
clan_27474,clan_32162,53,39,1
clan_6418,clan_36117,53,39,1
clan_21378,clan_8875,53,39,1
clan_44929,clan_37647,53,39,1
clan_39809,clan_23873,53,39,1
clan_24281,clan_33933,53,39,1
clan_33515,clan_34750,53,39,1
clan_25399,clan_31252,53,39,1
clan_16387,clan_19175,53,39,1
clan_27403,clan_32137,53,39,1
clan_574,clan_352,53,39,1
clan_24268,clan_26764,53,39,1
clan_23406,clan_26929,53,39,1
clan_45413,clan_44030,53,39,1
clan_40475,clan_37728,53,39,1
clan_27662,clan_38778,53,39,1
clan_32794,clan_23115,53,39,1
clan_36391,clan_46575,53,39,1
clan_26301,clan_38001,53,39,1
clan_112,clan_11821,53,39,1
clan_12869,clan_19726,53,39,1
clan_28008,clan_16148,53,39,1
clan_37862,clan_19561,53,39,1
clan_37418,clan_24253,53,39,1
clan_39082,clan_40379,53,39,1
clan_21491,clan_27329,53,39,1
clan_13224,clan_34142,53,39,1
clan_35768,clan_42354,53,39,1
clan_32636,clan_16159,53,40,1
clan_26627,clan_30003,53,40,1
clan_39148,clan_47538,53,41,1
clan_35034,clan_31598,53,41,1
clan_4984,clan_10180,53,41,1
clan_21677,clan_13851,53,41,1
clan_36862,clan_43702,53,41,1
clan_33225,clan_16886,53,41,1
clan_29010,clan_27701,53,41,1
clan_19442,clan_10155,53,41,1
clan_10896,clan_20376,53,41,1
clan_45041,clan_12764,53,42,1
clan_16955,clan_5329,53,42,1
clan_41507,clan_44689,53,42,1
clan_30809,clan_36555,53,42,1
clan_40526,clan_39193,53,42,1
clan_16194,clan_26404,53,42,1
clan_21054,clan_30450,53,42,1
clan_13812,clan_28408,53,42,1
clan_37945,clan_12736,53,42,1
clan_25595,clan_20379,53,42,1
clan_39532,clan_7740,53,42,1
clan_47571,clan_34404,53,42,1
clan_42362,clan_40670,53,42,1
clan_10886,clan_5075,53,42,1
clan_23630,clan_22942,53,42,1
clan_27079,clan_18745,53,42,1
clan_18866,clan_44354,53,42,1
clan_31327,clan_4817,53,42,1
clan_7207,clan_19565,53,42,1
clan_5606,clan_17550,53,42,1
clan_38673,clan_32860,53,42,1
clan_47101,clan_45194,53,42,1
clan_24029,clan_26809,53,42,1
clan_45137,clan_2306,53,42,1
clan_36960,clan_24464,53,42,1
clan_2438,clan_5949,53,42,1
clan_11405,clan_2473,53,42,1
clan_33213,clan_4160,53,42,1
clan_20829,clan_3488,53,42,1
clan_2178,clan_44289,53,42,1
clan_29703,clan_24116,53,43,1
clan_3196,clan_14083,53,43,1
clan_32060,clan_20837,53,43,1
clan_40612,clan_37827,53,44,1
clan_35874,clan_21346,53,44,1
clan_1306,clan_47427,53,44,1
clan_22059,clan_3667,53,44,1
clan_35425,clan_44328,53,44,1
clan_34106,clan_34294,53,44,1
clan_762,clan_46742,53,45,1
clan_2514,clan_41677,53,45,1
clan_46884,clan_47227,53,45,1
clan_44730,clan_48294,53,45,1
clan_9764,clan_10914,53,45,1
clan_34275,clan_32756,53,45,1
clan_38269,clan_38392,53,45,1
clan_22837,clan_6741,53,45,1
clan_38163,clan_30555,53,45,1
clan_30491,clan_27319,53,45,1
clan_4666,clan_26744,53,45,1
clan_12575,clan_18015,53,45,1
clan_27418,clan_8683,53,45,1
clan_31425,clan_37722,53,45,1
clan_15784,clan_29814,53,45,1
clan_25189,clan_29799,53,45,1
clan_21810,clan_15359,53,45,1
clan_36160,clan_4642,53,45,1
clan_13396,clan_39476,53,45,1
clan_37458,clan_33107,53,46,1
clan_9112,clan_9788,53,46,1
clan_15172,clan_10075,53,47,1
clan_15881,clan_7333,53,47,1
clan_22415,clan_21886,53,47,1
clan_42251,clan_1397,53,48,1
clan_36356,clan_35826,53,48,1
clan_997,clan_47206,53,48,1
clan_9965,clan_27632,53,48,1
clan_4870,clan_28156,53,48,1
clan_40203,clan_6067,53,48,1
clan_45045,clan_44934,53,48,1
clan_22712,clan_31529,53,48,1
clan_32371,clan_20294,53,48,1
clan_45772,clan_46251,53,48,1
clan_10610,clan_18832,53,48,1
clan_37157,clan_43734,53,48,1
clan_3216,clan_3940,53,48,1
clan_33081,clan_2919,53,48,1
clan_4531,clan_25153,53,48,1
clan_3813,clan_35022,53,48,1
clan_22896,clan_19000,53,48,1
clan_4240,clan_9960,53,48,1
clan_20724,clan_40137,53,48,1
clan_45641,clan_35957,53,48,1
clan_309,clan_47468,53,48,1
clan_28382,clan_8200,53,48,1
clan_14930,clan_11344,53,48,1
clan_28500,clan_41377,53,48,1
clan_39388,clan_40290,53,48,1
clan_48303,clan_46227,53,48,1
clan_45987,clan_48555,53,62,2
clan_3348,clan_3347,54,12,1
clan_15603,clan_7813,54,16,1
clan_43768,clan_46259,54,17,1
clan_11566,clan_11215,54,18,1
clan_16027,clan_4032,54,18,1
clan_7467,clan_3111,54,18,1
clan_3432,clan_14891,54,18,1
clan_31028,clan_34798,54,18,1
clan_2492,clan_5224,54,19,1
clan_10674,clan_27402,54,20,1
clan_32731,clan_14566,54,21,1
clan_22088,clan_7633,54,21,1
clan_24993,clan_18477,54,21,1
clan_22730,clan_6327,54,21,1
clan_16521,clan_7837,54,22,1
clan_25312,clan_20170,54,23,1
clan_12560,clan_9043,54,24,1
clan_19744,clan_22938,54,24,1
clan_6348,clan_5097,54,24,1
clan_42047,clan_46400,54,24,1
clan_7383,clan_8193,54,25,1
clan_29357,clan_17441,54,25,1
clan_16419,clan_8873,54,26,1
clan_11954,clan_18760,54,26,1
clan_10286,clan_11497,54,26,1
clan_45941,clan_44557,54,27,1
clan_12753,clan_9135,54,27,1
clan_23923,clan_12776,54,27,1
clan_8731,clan_15220,54,27,1
clan_9406,clan_44864,54,27,1
clan_43091,clan_44938,54,27,1
clan_36033,clan_11401,54,27,1
clan_27687,clan_5481,54,27,1
clan_41908,clan_6654,54,27,1
clan_4428,clan_12648,54,27,1
clan_27891,clan_8929,54,27,1
clan_15227,clan_15300,54,28,1
clan_6672,clan_3072,54,29,1
clan_40905,clan_21447,54,29,1
clan_45518,clan_37679,54,29,1
clan_34648,clan_27672,54,29,1
clan_7011,clan_4326,54,30,1
clan_9154,clan_12182,54,30,1
clan_4371,clan_26175,54,30,1
clan_14667,clan_20973,54,30,1
clan_4970,clan_5181,54,30,1
clan_10284,clan_9405,54,30,1
clan_41999,clan_635,54,30,1
clan_25300,clan_13510,54,30,1
clan_45976,clan_37612,54,30,1
clan_34901,clan_9996,54,30,1
clan_15663,clan_22930,54,30,1
clan_7695,clan_26265,54,30,1
clan_4155,clan_6743,54,30,1
clan_25421,clan_9740,54,30,1
clan_27576,clan_35908,54,30,1
clan_16558,clan_22425,54,30,1
clan_22507,clan_21168,54,30,1
clan_48421,clan_46649,54,30,1
clan_28844,clan_5745,54,30,1
clan_29594,clan_15637,54,30,1
clan_23352,clan_14565,54,30,1
clan_11201,clan_9513,54,30,1
clan_5939,clan_8538,54,30,1
clan_9470,clan_7928,54,30,1
clan_21399,clan_4860,54,31,1
clan_28485,clan_22462,54,31,1
clan_33356,clan_16719,54,31,1
clan_33621,clan_34334,54,32,1
clan_30021,clan_41308,54,32,1
clan_20413,clan_19825,54,32,1
clan_14552,clan_10668,54,32,1
clan_37905,clan_18111,54,32,1
clan_17173,clan_34960,54,32,1
clan_40960,clan_45291,54,32,1
clan_11246,clan_12973,54,32,1
clan_25961,clan_5947,54,32,1
clan_27721,clan_21296,54,32,1
clan_1691,clan_28932,54,32,1
clan_22850,clan_27177,54,32,1
clan_9099,clan_21676,54,33,1
clan_30099,clan_14111,54,33,1
clan_19385,clan_12660,54,33,1
clan_14785,clan_15417,54,33,1
clan_29783,clan_21121,54,33,1
clan_28007,clan_30935,54,33,1
clan_7514,clan_7137,54,33,1
clan_18818,clan_24410,54,33,1
clan_30033,clan_2327,54,33,1
clan_24425,clan_23769,54,33,1
clan_36563,clan_3315,54,33,1
clan_14687,clan_21055,54,33,1
clan_9982,clan_12395,54,33,1
clan_21904,clan_14634,54,33,1
clan_8791,clan_16737,54,33,1
clan_15614,clan_7130,54,33,1
clan_21547,clan_21754,54,33,1
clan_47887,clan_1444,54,33,1
clan_20738,clan_3524,54,33,1
clan_20649,clan_18696,54,33,1
clan_6426,clan_10541,54,33,1
clan_3503,clan_7018,54,33,1
clan_13882,clan_31419,54,33,1
clan_37721,clan_8564,54,33,1
clan_26149,clan_3780,54,33,1
clan_29696,clan_44213,54,33,1
clan_16070,clan_16935,54,33,1
clan_4048,clan_12070,54,33,1
clan_335,clan_1387,54,33,1
clan_28116,clan_30786,54,33,1
clan_29576,clan_34946,54,33,1
clan_4323,clan_10990,54,33,1
clan_22801,clan_19094,54,33,1
clan_25581,clan_14005,54,33,1
clan_38146,clan_6990,54,33,1
clan_30268,clan_26529,54,34,1
clan_35188,clan_35156,54,34,1
clan_5692,clan_2711,54,34,1
clan_28162,clan_31174,54,34,1
clan_13966,clan_22990,54,35,1
clan_24574,clan_42516,54,35,1
clan_47102,clan_44676,54,35,1
clan_34762,clan_28152,54,35,1
clan_35228,clan_1424,54,35,1
clan_39223,clan_2019,54,35,1
clan_3278,clan_4012,54,35,1
clan_13301,clan_10909,54,35,1
clan_14059,clan_8739,54,35,1
clan_34678,clan_45520,54,35,1
clan_18302,clan_15251,54,35,1
clan_22646,clan_10333,54,35,1
clan_9703,clan_4761,54,35,1
clan_29086,clan_31779,54,35,1
clan_33414,clan_17821,54,35,1
clan_24300,clan_17816,54,36,1
clan_41237,clan_24184,54,36,1
clan_29286,clan_13487,54,36,1
clan_2100,clan_47195,54,36,1
clan_46961,clan_44641,54,36,1
clan_11014,clan_38884,54,36,1
clan_30103,clan_24655,54,36,1
clan_36451,clan_12143,54,36,1
clan_28796,clan_24681,54,36,1
clan_45242,clan_39415,54,36,1
clan_21291,clan_25836,54,36,1
clan_9299,clan_19418,54,36,1
clan_16331,clan_3308,54,36,1
clan_10703,clan_11624,54,36,1
clan_36598,clan_26446,54,36,1
clan_44100,clan_41023,54,36,1
clan_45120,clan_42454,54,36,1
clan_6556,clan_4099,54,36,1
clan_7850,clan_12668,54,36,1
clan_33115,clan_9821,54,36,1
clan_19573,clan_3467,54,36,1
clan_13634,clan_34775,54,36,1
clan_42320,clan_4873,54,36,1
clan_2392,clan_10741,54,36,1
clan_30524,clan_21646,54,36,1
clan_41056,clan_5782,54,36,1
clan_35245,clan_29505,54,36,1
clan_17112,clan_45970,54,36,1
clan_5777,clan_26358,54,36,1
clan_21196,clan_36346,54,36,1
clan_39204,clan_45151,54,36,1
clan_19286,clan_5488,54,36,1
clan_5065,clan_14271,54,36,1
clan_14383,clan_26058,54,36,1
clan_14159,clan_9263,54,36,1
clan_31144,clan_25093,54,36,1
clan_9611,clan_5862,54,36,1
clan_9442,clan_3693,54,36,1
clan_23509,clan_33033,54,36,1
clan_31319,clan_26430,54,36,1
clan_47572,clan_47790,54,36,1
clan_33759,clan_29245,54,36,1
clan_12623,clan_21213,54,36,1
clan_2792,clan_4168,54,36,1
clan_10556,clan_6763,54,36,1
clan_12045,clan_7433,54,36,1
clan_18356,clan_11693,54,36,1
clan_41060,clan_30943,54,36,1
clan_31903,clan_23734,54,36,1
clan_20682,clan_36258,54,36,1
clan_34303,clan_12935,54,36,1
clan_48219,clan_46907,54,36,1
clan_8606,clan_14628,54,36,1
clan_11496,clan_22206,54,36,1
clan_43608,clan_39034,54,36,1
clan_40348,clan_35347,54,36,1
clan_45502,clan_39254,54,36,1
clan_32724,clan_26873,54,36,1
clan_29213,clan_26408,54,36,1
clan_1326,clan_47886,54,36,1
clan_28864,clan_13611,54,36,1
clan_6495,clan_14294,54,36,1
clan_8945,clan_3057,54,36,1
clan_8882,clan_10725,54,36,1
clan_25611,clan_24328,54,36,1
clan_10486,clan_7410,54,36,1
clan_26919,clan_26039,54,36,1
clan_25098,clan_24469,54,36,1
clan_10926,clan_5768,54,36,1
clan_16828,clan_40333,54,36,1
clan_4697,clan_2647,54,36,1
clan_39639,clan_12214,54,36,1
clan_18249,clan_11011,54,36,1
clan_8072,clan_25638,54,36,1
clan_21425,clan_14788,54,36,1
clan_9284,clan_3911,54,36,1
clan_20471,clan_13809,54,36,1
clan_37915,clan_33395,54,36,1
clan_28262,clan_13585,54,36,1
clan_29773,clan_2369,54,36,1
clan_17485,clan_20553,54,36,1
clan_24671,clan_13607,54,37,1
clan_30199,clan_29830,54,37,1
clan_20876,clan_26742,54,37,1
clan_16312,clan_42599,54,37,1
clan_17629,clan_26621,54,37,1
clan_45379,clan_41599,54,37,1
clan_32559,clan_45226,54,38,1
clan_27595,clan_39808,54,38,1
clan_1514,clan_41230,54,38,1
clan_35761,clan_30538,54,38,1
clan_31155,clan_15075,54,38,1
clan_9990,clan_21586,54,38,1
clan_38055,clan_33559,54,38,1
clan_6087,clan_14432,54,38,1
clan_17829,clan_7879,54,38,1
clan_30489,clan_11056,54,38,1
clan_26453,clan_32160,54,38,1
clan_35570,clan_32403,54,38,1
clan_14808,clan_12582,54,38,1
clan_5938,clan_22544,54,38,1
clan_30715,clan_15023,54,38,1
clan_36203,clan_41672,54,38,1
clan_10126,clan_26193,54,38,1
clan_34443,clan_17473,54,38,1
clan_20671,clan_21520,54,38,1
clan_43116,clan_25549,54,38,1
clan_33703,clan_10056,54,38,1
clan_24254,clan_10128,54,38,1
clan_3756,clan_31936,54,38,1
clan_16651,clan_32861,54,38,1
clan_32054,clan_39181,54,38,1
clan_27566,clan_30837,54,38,1
clan_35581,clan_33317,54,38,1
clan_486,clan_777,54,38,1
clan_5061,clan_30311,54,38,1
clan_7020,clan_20811,54,38,1
clan_43579,clan_35779,54,38,1
clan_33441,clan_33409,54,38,1
clan_29192,clan_32878,54,38,1
clan_24881,clan_3361,54,38,1
clan_24624,clan_47028,54,39,1
clan_20848,clan_28346,54,39,1
clan_19241,clan_719,54,39,1
clan_11260,clan_33345,54,39,1
clan_16134,clan_14693,54,39,1
clan_38408,clan_31286,54,39,1
clan_42851,clan_43195,54,39,1
clan_23497,clan_13903,54,39,1
clan_37123,clan_42864,54,39,1
clan_19387,clan_31531,54,39,1
clan_3407,clan_18171,54,39,1
clan_2848,clan_3631,54,39,1
clan_44329,clan_45387,54,39,1
clan_4751,clan_11601,54,39,1
clan_17498,clan_4310,54,39,1
clan_40678,clan_46243,54,39,1
clan_21890,clan_35256,54,39,1
clan_17988,clan_31712,54,39,1
clan_10673,clan_5544,54,39,1
clan_9367,clan_5804,54,39,1
clan_41557,clan_48288,54,39,1
clan_20243,clan_10345,54,39,1
clan_36331,clan_35439,54,39,1
clan_21982,clan_32407,54,39,1
clan_33021,clan_21893,54,39,1
clan_34739,clan_1956,54,39,1
clan_14923,clan_37226,54,39,1
clan_2498,clan_16729,54,39,1
clan_27806,clan_29082,54,39,1
clan_11169,clan_7078,54,39,1
clan_33898,clan_108,54,39,1
clan_18184,clan_16761,54,39,1
clan_14869,clan_24402,54,39,1
clan_41196,clan_45144,54,39,1
clan_43108,clan_22936,54,39,1
clan_48218,clan_47332,54,39,1
clan_41799,clan_48214,54,39,1
clan_2081,clan_43925,54,39,1
clan_34077,clan_26413,54,39,1
clan_30680,clan_28407,54,39,1
clan_31840,clan_26264,54,39,1
clan_11375,clan_28954,54,39,1
clan_24078,clan_33257,54,39,1
clan_40859,clan_37223,54,39,1
clan_18369,clan_15308,54,39,1
clan_1131,clan_46190,54,39,1
clan_42082,clan_37109,54,39,1
clan_37321,clan_35704,54,39,1
clan_17734,clan_8777,54,39,1
clan_20593,clan_3334,54,39,1
clan_15748,clan_3042,54,39,1
clan_28646,clan_24042,54,39,1
clan_29577,clan_30683,54,39,1
clan_13825,clan_10524,54,39,1
clan_16551,clan_6523,54,39,1
clan_40398,clan_40620,54,39,1
clan_4712,clan_28221,54,39,1
clan_3743,clan_22668,54,39,1
clan_38014,clan_44040,54,39,1
clan_8220,clan_7557,54,39,1
clan_1407,clan_47325,54,39,1
clan_1234,clan_4157,54,39,1
clan_47411,clan_47650,54,39,1
clan_28314,clan_22502,54,39,1
clan_12556,clan_16347,54,39,1
clan_26599,clan_4446,54,39,1
clan_45156,clan_22979,54,39,1
clan_42311,clan_8550,54,39,1
clan_5262,clan_25181,54,39,1
clan_19466,clan_10797,54,39,1
clan_36129,clan_1170,54,39,1
clan_45286,clan_47659,54,39,1
clan_32956,clan_18552,54,39,1
clan_6465,clan_13646,54,39,1
clan_31827,clan_22816,54,39,1
clan_37130,clan_2550,54,39,1
clan_37740,clan_33280,54,39,1
clan_10476,clan_4763,54,39,1
clan_23029,clan_31247,54,39,1
clan_35395,clan_43864,54,39,1
clan_6322,clan_16332,54,39,1
clan_43745,clan_8970,54,39,1
clan_11315,clan_18362,54,39,1
clan_22916,clan_9215,54,39,1
clan_5005,clan_15552,54,39,1
clan_37591,clan_33466,54,39,1
clan_10334,clan_28990,54,39,1
clan_46680,clan_44744,54,39,1
clan_9041,clan_19414,54,39,1
clan_16789,clan_21223,54,39,1
clan_26635,clan_38699,54,39,1
clan_25696,clan_16930,54,40,1
clan_13145,clan_33746,54,40,1
clan_45351,clan_38110,54,40,1
clan_44319,clan_46132,54,40,1
clan_3772,clan_30994,54,40,1
clan_28518,clan_6846,54,40,1
clan_47727,clan_1233,54,41,1
clan_9200,clan_42997,54,41,1
clan_38693,clan_24822,54,41,1
clan_24199,clan_31616,54,41,1
clan_22453,clan_8957,54,41,1
clan_26178,clan_20291,54,41,1
clan_33722,clan_34937,54,41,1
clan_39117,clan_29633,54,41,1
clan_25938,clan_24575,54,41,1
clan_23890,clan_14161,54,41,1
clan_43433,clan_46124,54,41,1
clan_38899,clan_20791,54,41,1
clan_42404,clan_33281,54,41,1
clan_43481,clan_1351,54,41,1
clan_35752,clan_32982,54,41,1
clan_31937,clan_40256,54,41,1
clan_36114,clan_2219,54,41,1
clan_3555,clan_37271,54,41,1
clan_29796,clan_40541,54,41,1
clan_8778,clan_30613,54,41,1
clan_24887,clan_25872,54,41,1
clan_31009,clan_1726,54,41,1
clan_4850,clan_11207,54,41,1
clan_26251,clan_36595,54,41,1
clan_47606,clan_46906,54,41,1
clan_1657,clan_2138,54,41,1
clan_13786,clan_34947,54,41,1
clan_42977,clan_41073,54,41,1
clan_25873,clan_4841,54,41,1
clan_29993,clan_7853,54,41,1
clan_25485,clan_15321,54,41,1
clan_12368,clan_30447,54,41,1
clan_35702,clan_46193,54,41,1
clan_23772,clan_26655,54,41,1
clan_5572,clan_8000,54,41,1
clan_39665,clan_31747,54,41,1
clan_44072,clan_46720,54,41,1
clan_1829,clan_872,54,42,1
clan_47151,clan_33984,54,42,1
clan_28993,clan_47516,54,42,1
clan_21689,clan_25914,54,42,1
clan_34635,clan_32495,54,42,1
clan_37983,clan_43394,54,42,1
clan_27587,clan_12138,54,42,1
clan_45068,clan_8399,54,42,1
clan_39521,clan_31584,54,42,1
clan_4178,clan_19287,54,42,1
clan_34921,clan_11118,54,42,1
clan_14558,clan_19243,54,42,1
clan_2317,clan_547,54,42,1
clan_31053,clan_20641,54,42,1
clan_32310,clan_37037,54,42,1
clan_38570,clan_36098,54,42,1
clan_18579,clan_19728,54,42,1
clan_44810,clan_44020,54,42,1
clan_48527,clan_38784,54,42,1
clan_14645,clan_2472,54,42,1
clan_36994,clan_43503,54,42,1
clan_28348,clan_37979,54,42,1
clan_37228,clan_21304,54,42,1
clan_24793,clan_4640,54,42,1
clan_29094,clan_10495,54,42,1
clan_35903,clan_42843,54,42,1
clan_21786,clan_10739,54,42,1
clan_36675,clan_19325,54,42,1
clan_28248,clan_23059,54,42,1
clan_25753,clan_5955,54,42,1
clan_47293,clan_37483,54,42,1
clan_36182,clan_33833,54,42,1
clan_6611,clan_2924,54,42,1
clan_33830,clan_9428,54,42,1
clan_45556,clan_31311,54,42,1
clan_6107,clan_34802,54,42,1
clan_15118,clan_6135,54,42,1
clan_42709,clan_31064,54,42,1
clan_122,clan_21678,54,42,1
clan_19264,clan_26553,54,42,1
clan_3758,clan_10000,54,42,1
clan_38034,clan_7765,54,42,1
clan_34087,clan_14682,54,42,1
clan_16358,clan_38868,54,42,1
clan_8685,clan_19209,54,42,1
clan_24568,clan_16649,54,42,1
clan_39094,clan_44911,54,42,1
clan_5953,clan_6195,54,42,1
clan_10964,clan_9849,54,42,1
clan_10175,clan_20844,54,42,1
clan_38543,clan_44866,54,42,1
clan_38284,clan_43785,54,42,1
clan_1745,clan_36955,54,42,1
clan_13461,clan_6854,54,42,1
clan_27212,clan_18331,54,42,1
clan_3729,clan_27297,54,42,1
clan_11718,clan_10266,54,42,1
clan_16762,clan_28514,54,42,1
clan_36947,clan_11258,54,42,1
clan_34130,clan_8439,54,42,1
clan_32981,clan_9070,54,42,1
clan_34938,clan_39115,54,42,1
clan_27220,clan_39734,54,42,1
clan_15630,clan_5828,54,42,1
clan_6992,clan_35114,54,42,1
clan_40724,clan_25482,54,42,1
clan_38108,clan_13193,54,42,1
clan_20216,clan_20654,54,42,1
clan_7473,clan_8922,54,42,1
clan_16008,clan_27396,54,42,1
clan_31700,clan_31030,54,42,1
clan_258,clan_39177,54,42,1
clan_30950,clan_1417,54,42,1
clan_8109,clan_11383,54,42,1
clan_499,clan_951,54,42,1
clan_25672,clan_4065,54,42,1
clan_45133,clan_41606,54,42,1
clan_26461,clan_18796,54,42,1
clan_47121,clan_40665,54,42,1
clan_15601,clan_29528,54,42,1
clan_21799,clan_39383,54,42,1
clan_37049,clan_13309,54,42,1
clan_44439,clan_43000,54,42,1
clan_13609,clan_11923,54,42,1
clan_34915,clan_37619,54,42,1
clan_46269,clan_38144,54,42,1
clan_35993,clan_12110,54,42,1
clan_40179,clan_29951,54,42,1
clan_26662,clan_30039,54,42,1
clan_47785,clan_36676,54,42,1
clan_1583,clan_1794,54,42,1
clan_43972,clan_41096,54,42,1
clan_10450,clan_21829,54,42,1
clan_47125,clan_45801,54,42,1
clan_14715,clan_12567,54,42,1
clan_19720,clan_22384,54,42,1
clan_45500,clan_48204,54,42,1
clan_15928,clan_24273,54,42,1
clan_39340,clan_37687,54,42,1
clan_41386,clan_31279,54,42,1
clan_43846,clan_34669,54,42,1
clan_9698,clan_25289,54,42,1
clan_2967,clan_25008,54,42,1
clan_46156,clan_38330,54,42,1
clan_23817,clan_8855,54,42,1
clan_44335,clan_39860,54,42,1
clan_29837,clan_24554,54,42,1
clan_16627,clan_34428,54,42,1
clan_22968,clan_22688,54,42,1
clan_27962,clan_15808,54,42,1
clan_35410,clan_43631,54,42,1
clan_46798,clan_47656,54,42,1
clan_40544,clan_16220,54,42,1
clan_45927,clan_45091,54,42,1
clan_38105,clan_39500,54,42,1
clan_32228,clan_965,54,42,1
clan_10433,clan_22308,54,42,1
clan_33192,clan_24141,54,42,1
clan_22395,clan_47199,54,42,1
clan_16970,clan_12749,54,42,1
clan_35873,clan_33471,54,42,1
clan_24432,clan_14467,54,42,1
clan_6042,clan_24189,54,42,1
clan_41303,clan_31610,54,42,1
clan_36372,clan_41516,54,42,1
clan_27949,clan_20759,54,42,1
clan_48177,clan_45412,54,42,1
clan_38882,clan_35461,54,42,1
clan_41631,clan_46956,54,42,1
clan_35726,clan_31351,54,42,1
clan_29377,clan_27892,54,42,1
clan_35921,clan_19134,54,42,1
clan_45482,clan_2252,54,42,1
clan_3401,clan_36060,54,42,1
clan_36481,clan_4960,54,42,1
clan_26380,clan_29639,54,42,1
clan_6167,clan_22558,54,42,1
clan_28943,clan_31847,54,42,1
clan_18001,clan_25115,54,42,1
clan_38553,clan_35859,54,42,1
clan_43569,clan_39690,54,42,1
clan_22673,clan_37731,54,42,1
clan_38311,clan_34514,54,42,1
clan_28665,clan_4184,54,42,1
clan_39762,clan_15472,54,42,1
clan_42833,clan_43523,54,42,1
clan_6334,clan_36458,54,42,1
clan_26862,clan_12197,54,42,1
clan_39077,clan_39168,54,42,1
clan_30765,clan_27569,54,42,1
clan_45748,clan_43751,54,42,1
clan_48139,clan_48058,54,42,1
clan_2175,clan_24407,54,42,1
clan_27230,clan_30542,54,42,1
clan_29781,clan_23110,54,42,1
clan_6451,clan_28824,54,42,1
clan_47868,clan_42485,54,42,1
clan_3248,clan_9287,54,43,1
clan_47443,clan_39792,54,43,1
clan_43520,clan_37502,54,43,1
clan_39046,clan_39539,54,43,1
clan_21755,clan_33531,54,43,1
clan_11559,clan_17886,54,43,1
clan_14982,clan_17110,54,43,1
clan_20125,clan_19969,54,44,1
clan_33995,clan_26674,54,44,1
clan_2078,clan_14649,54,44,1
clan_28803,clan_27619,54,44,1
clan_28556,clan_34207,54,44,1
clan_43283,clan_44027,54,44,1
clan_25044,clan_9854,54,44,1
clan_8274,clan_43882,54,44,1
clan_43214,clan_40143,54,44,1
clan_43470,clan_33413,54,44,1
clan_32171,clan_20329,54,44,1
clan_41496,clan_45124,54,44,1
clan_17895,clan_13659,54,44,1
clan_35405,clan_34489,54,44,1
clan_41461,clan_46837,54,44,1
clan_19883,clan_4080,54,44,1
clan_35230,clan_38900,54,44,1
clan_29902,clan_16253,54,44,1
clan_32497,clan_36493,54,44,1
clan_29101,clan_21847,54,44,1
clan_32429,clan_37245,54,44,1
clan_39661,clan_46857,54,44,1
clan_1285,clan_32274,54,44,1
clan_32487,clan_14716,54,44,1
clan_45940,clan_46100,54,44,1
clan_30480,clan_30825,54,44,1
clan_36505,clan_39964,54,44,1
clan_23439,clan_40861,54,44,1
clan_1484,clan_24741,54,44,1
clan_23655,clan_16429,54,45,1
clan_13798,clan_22043,54,45,1
clan_46683,clan_36178,54,45,1
clan_37430,clan_1276,54,45,1
clan_40862,clan_33223,54,45,1
clan_5316,clan_4263,54,45,1
clan_5067,clan_31782,54,45,1
clan_37463,clan_12224,54,45,1
clan_44203,clan_303,54,45,1
clan_43519,clan_886,54,45,1
clan_27128,clan_19972,54,45,1
clan_24252,clan_27322,54,45,1
clan_2688,clan_3877,54,45,1
clan_40510,clan_28299,54,45,1
clan_26130,clan_11723,54,45,1
clan_6704,clan_11583,54,45,1
clan_18248,clan_34198,54,45,1
clan_567,clan_39733,54,45,1
clan_45473,clan_660,54,45,1
clan_24723,clan_39513,54,45,1
clan_1886,clan_48221,54,45,1
clan_48433,clan_2010,54,45,1
clan_33803,clan_38819,54,45,1
clan_17217,clan_19877,54,45,1
clan_3508,clan_32935,54,45,1
clan_47589,clan_47422,54,45,1
clan_19680,clan_10643,54,45,1
clan_13417,clan_6683,54,45,1
clan_1095,clan_47745,54,45,1
clan_40112,clan_43654,54,45,1
clan_990,clan_43406,54,45,1
clan_38977,clan_37333,54,45,1
clan_32258,clan_5688,54,45,1
clan_41759,clan_47404,54,45,1
clan_41965,clan_39041,54,45,1
clan_26382,clan_10254,54,45,1
clan_19937,clan_9789,54,45,1
clan_5160,clan_34679,54,45,1
clan_36899,clan_38865,54,45,1
clan_14340,clan_6479,54,45,1
clan_37549,clan_31772,54,45,1
clan_28995,clan_42705,54,45,1
clan_47866,clan_32002,54,45,1
clan_36911,clan_32612,54,45,1
clan_41347,clan_1134,54,45,1
clan_33274,clan_20239,54,45,1
clan_30346,clan_5426,54,45,1
clan_19262,clan_25366,54,45,1
clan_41537,clan_19882,54,45,1
clan_358,clan_1636,54,45,1
clan_2097,clan_35005,54,45,1
clan_48377,clan_47086,54,45,1
clan_23188,clan_38004,54,45,1
clan_41317,clan_40380,54,45,1
clan_14061,clan_19927,54,45,1
clan_42853,clan_38972,54,45,1
clan_40851,clan_42146,54,45,1
clan_39127,clan_31449,54,45,1
clan_22633,clan_28821,54,45,1
clan_36375,clan_37686,54,45,1
clan_7842,clan_13374,54,45,1
clan_24926,clan_18793,54,45,1
clan_34115,clan_40396,54,45,1
clan_10789,clan_11430,54,45,1
clan_27546,clan_20273,54,45,1
clan_43959,clan_47133,54,45,1
clan_43344,clan_48368,54,45,1
clan_12861,clan_11406,54,45,1
clan_20196,clan_38276,54,45,1
clan_3691,clan_16701,54,45,1
clan_58,clan_48320,54,45,1
clan_43092,clan_38926,54,45,1
clan_1844,clan_47932,54,45,1
clan_9003,clan_4692,54,45,1
clan_45614,clan_48349,54,45,1
clan_12812,clan_21540,54,45,1
clan_15313,clan_4858,54,45,1
clan_1952,clan_3942,54,45,1
clan_28605,clan_22877,54,45,1
clan_36512,clan_30180,54,45,1
clan_7101,clan_35991,54,45,1
clan_14224,clan_12317,54,45,1
clan_4019,clan_17062,54,45,1
clan_42134,clan_1367,54,45,1
clan_34932,clan_27937,54,45,1
clan_44486,clan_41549,54,45,1
clan_33827,clan_25452,54,45,1
clan_30737,clan_2354,54,45,1
clan_20279,clan_36257,54,45,1
clan_32788,clan_15539,54,45,1
clan_19642,clan_28779,54,45,1
clan_36662,clan_37875,54,45,1
clan_39216,clan_34734,54,45,1
clan_36347,clan_24986,54,45,1
clan_4318,clan_19600,54,45,1
clan_3373,clan_7427,54,45,1
clan_19581,clan_19646,54,45,1
clan_11951,clan_13909,54,45,1
clan_44521,clan_43808,54,45,1
clan_41931,clan_38556,54,45,1
clan_35542,clan_26972,54,45,1
clan_34642,clan_31219,54,45,1
clan_30216,clan_36237,54,45,1
clan_46488,clan_46448,54,45,1
clan_7458,clan_16919,54,45,1
clan_33924,clan_31261,54,45,1
clan_46349,clan_1611,54,45,1
clan_23870,clan_22196,54,45,1
clan_18044,clan_18138,54,45,1
clan_42188,clan_46818,54,45,1
clan_43839,clan_40537,54,45,1
clan_31007,clan_19687,54,45,1
clan_20094,clan_27810,54,45,1
clan_18647,clan_19767,54,45,1
clan_21317,clan_9631,54,45,1
clan_36104,clan_37082,54,45,1
clan_26159,clan_2372,54,45,1
clan_7414,clan_35370,54,45,1
clan_2360,clan_41258,54,45,1
clan_45290,clan_39244,54,45,1
clan_27093,clan_25833,54,45,1
clan_32391,clan_34928,54,45,1
clan_22213,clan_17417,54,45,1
clan_461,clan_42474,54,45,1
clan_38369,clan_29911,54,45,1
clan_32337,clan_13866,54,45,1
clan_48247,clan_44152,54,45,1
clan_47409,clan_9332,54,45,1
clan_43223,clan_37009,54,45,1
clan_500,clan_45637,54,45,1
clan_36271,clan_19249,54,45,1
clan_1219,clan_35327,54,45,1
clan_8372,clan_32266,54,45,1
clan_15831,clan_6615,54,45,1
clan_33624,clan_1901,54,45,1
clan_45467,clan_19814,54,45,1
clan_16527,clan_27003,54,45,1
clan_45510,clan_47533,54,45,1
clan_39702,clan_37342,54,45,1
clan_41724,clan_45322,54,45,1
clan_13373,clan_16829,54,45,1
clan_8106,clan_6057,54,46,1
clan_16875,clan_15998,54,46,1
clan_32293,clan_19488,54,47,1
clan_14054,clan_18909,54,47,1
clan_37634,clan_34010,54,47,1
clan_30819,clan_3090,54,47,1
clan_34092,clan_32651,54,47,1
clan_41027,clan_40545,54,47,1
clan_48150,clan_47051,54,47,1
clan_48396,clan_47341,54,47,1
clan_9630,clan_3706,54,47,1
clan_11812,clan_34593,54,48,1
clan_15212,clan_10715,54,48,1
clan_32888,clan_41625,54,48,1
clan_32712,clan_37834,54,48,1
clan_46667,clan_37501,54,48,1
clan_17661,clan_23698,54,48,1
clan_25957,clan_10623,54,48,1
clan_45318,clan_38002,54,48,1
clan_25458,clan_2937,54,48,1
clan_31750,clan_23963,54,48,1
clan_19316,clan_29319,54,48,1
clan_10405,clan_27061,54,48,1
clan_47578,clan_1508,54,48,1
clan_25996,clan_6417,54,48,1
clan_35515,clan_37050,54,48,1
clan_8766,clan_39989,54,48,1
clan_37964,clan_39985,54,48,1
clan_34655,clan_2615,54,48,1
clan_35584,clan_48213,54,48,1
clan_42848,clan_39188,54,48,1
clan_39441,clan_34255,54,48,1
clan_31106,clan_26363,54,48,1
clan_18263,clan_32245,54,48,1
clan_37211,clan_24159,54,48,1
clan_44458,clan_8446,54,48,1
clan_42335,clan_38954,54,48,1
clan_995,clan_37268,54,48,1
clan_23576,clan_5296,54,48,1
clan_41654,clan_37887,54,48,1
clan_40173,clan_37059,54,48,1
clan_2898,clan_27920,54,48,1
clan_44895,clan_19951,54,48,1
clan_44548,clan_44903,54,48,1
clan_33415,clan_34217,54,48,1
clan_10829,clan_27015,54,48,1
clan_36526,clan_29469,54,48,1
clan_4086,clan_29,54,48,1
clan_35978,clan_26088,54,48,1
clan_21278,clan_7166,54,48,1
clan_15598,clan_4430,54,48,1
clan_18551,clan_4845,54,48,1
clan_1396,clan_1456,54,48,1
clan_39713,clan_1721,54,48,1
clan_12413,clan_31854,54,48,1
clan_4665,clan_2637,54,48,1
clan_4955,clan_47233,54,48,1
clan_2586,clan_37119,54,48,1
clan_20331,clan_6389,54,48,1
clan_29075,clan_22063,54,48,1
clan_3443,clan_46664,54,48,1
clan_19742,clan_7597,54,48,1
clan_1327,clan_9752,54,48,1
clan_27665,clan_2585,54,48,1
clan_28925,clan_23041,54,48,1
clan_25967,clan_13799,54,48,1
clan_24750,clan_15896,54,48,1
clan_20804,clan_21539,54,48,1
clan_8889,clan_25908,54,48,1
clan_31026,clan_38984,54,48,1
clan_45447,clan_33805,54,48,1
clan_4886,clan_34557,54,48,1
clan_3973,clan_11912,54,48,1
clan_32998,clan_9729,54,48,1
clan_33103,clan_15240,54,48,1
clan_18104,clan_30096,54,48,1
clan_40864,clan_24929,54,48,1
clan_2123,clan_1371,54,48,1
clan_2155,clan_228,54,48,1
clan_10187,clan_13527,54,48,1
clan_9733,clan_10702,54,48,1
clan_2228,clan_44399,54,48,1
clan_18497,clan_27756,54,48,1
clan_26378,clan_36763,54,48,1
clan_45575,clan_47144,54,48,1
clan_30916,clan_38051,54,48,1
clan_24542,clan_22977,54,48,1
clan_25752,clan_13433,54,48,1
clan_38199,clan_16928,54,48,1
clan_22710,clan_6116,54,48,1
clan_6360,clan_1750,54,48,1
clan_33486,clan_34032,54,48,1
clan_37435,clan_47579,54,48,1
clan_41649,clan_18719,54,48,1
clan_41368,clan_38158,54,48,1
clan_38856,clan_45272,54,48,1
clan_44396,clan_46671,54,48,1
clan_36192,clan_45102,54,48,1
clan_17427,clan_31431,54,48,1
clan_30815,clan_31040,54,48,1
clan_20835,clan_38113,54,48,1
clan_14130,clan_40036,54,48,1
clan_4777,clan_4556,54,48,1
clan_19095,clan_28180,54,48,1
clan_26509,clan_34007,54,48,1
clan_42656,clan_35700,54,48,1
clan_38390,clan_21666,54,48,1
clan_40989,clan_1298,54,48,1
clan_29190,clan_9187,54,48,1
clan_35556,clan_37759,54,48,1
clan_140,clan_46997,54,48,1
clan_46206,clan_43230,54,48,1
clan_37224,clan_33268,54,48,1
clan_25461,clan_36461,54,48,1
clan_40784,clan_39396,54,48,1
clan_24625,clan_21469,54,48,1
clan_46973,clan_23991,54,48,1
clan_37543,clan_42299,54,48,1
clan_41679,clan_47515,54,48,1
clan_9888,clan_28355,54,48,1
clan_264,clan_3374,54,48,1
clan_43225,clan_48566,54,48,1
clan_39840,clan_44177,54,48,1
clan_45907,clan_922,54,48,1
clan_7687,clan_24430,54,48,1
clan_47363,clan_32206,54,48,1
clan_1769,clan_48412,54,48,1
clan_34829,clan_33358,54,48,1
clan_24629,clan_23032,54,48,1
clan_39858,clan_47653,54,48,1
clan_29493,clan_39479,54,48,1
clan_44560,clan_35760,54,48,1
clan_37045,clan_32718,54,48,1
clan_39086,clan_5620,54,48,1
clan_4001,clan_2391,54,48,1
clan_41540,clan_21286,54,48,1
clan_32448,clan_33338,54,48,1
clan_41707,clan_38795,54,48,1
clan_23529,clan_25434,54,48,1
clan_31737,clan_41801,54,48,1
clan_11409,clan_21133,54,48,1
clan_36509,clan_28755,54,48,1
clan_6493,clan_28168,54,48,1
clan_40089,clan_39037,54,48,1
clan_30832,clan_6660,54,48,1
clan_26305,clan_36300,54,48,1
clan_6951,clan_1674,54,48,1
clan_33436,clan_2269,54,48,1
clan_42638,clan_9955,54,48,1
clan_30758,clan_13849,54,48,1
clan_700,clan_2291,54,48,1
clan_41330,clan_32240,54,48,1
clan_33490,clan_9853,54,48,1
clan_16784,clan_20820,54,48,1
clan_194,clan_43941,54,51,1
clan_31735,clan_10391,54,51,1
clan_34508,clan_39559,54,51,1
clan_24460,clan_1541,54,51,1
clan_36074,clan_27127,54,51,1
clan_40606,clan_14296,54,51,1
clan_33462,clan_35440,54,51,1
clan_38969,clan_35650,54,51,1
clan_42339,clan_43177,54,51,1
clan_38088,clan_11262,54,51,1
clan_16163,clan_33817,54,51,1
clan_34800,clan_41615,54,51,1
clan_19334,clan_36345,54,51,1
clan_17551,clan_26906,54,51,1
clan_25968,clan_24126,54,51,1
clan_36240,clan_44649,54,51,1
clan_34551,clan_8706,54,51,1
clan_34494,clan_37330,54,51,1
clan_35969,clan_4119,54,51,1
clan_967,clan_39952,54,51,1
clan_37949,clan_28226,54,51,1
clan_6871,clan_31914,54,51,1
clan_40487,clan_22764,54,51,1
clan_45129,clan_35529,54,51,1
clan_31446,clan_41943,54,51,1
clan_37808,clan_39121,54,51,1
clan_24188,clan_12831,54,51,1
clan_1401,clan_888,54,51,1
clan_29383,clan_20417,54,51,1
clan_6580,clan_9757,54,51,1
clan_41926,clan_43124,54,51,1
clan_48418,clan_46037,54,51,1
clan_39,clan_2089,54,51,1
clan_34478,clan_6233,54,51,1
clan_22606,clan_20315,54,51,1
clan_36221,clan_41971,54,51,1
clan_43326,clan_40168,54,51,1
clan_45809,clan_40169,54,51,1
clan_31440,clan_37597,54,51,1
clan_25427,clan_48023,54,51,1
clan_46746,clan_45006,54,51,1
clan_30435,clan_19987,54,51,1
clan_38494,clan_47478,54,51,1
clan_26835,clan_35470,54,51,1
clan_15927,clan_18253,54,51,1
clan_38219,clan_44520,54,51,1
clan_13237,clan_24996,54,51,1
clan_9916,clan_25675,54,51,1
clan_39081,clan_467,54,51,1
clan_20675,clan_34810,54,51,1
clan_14264,clan_43422,54,51,1
clan_30005,clan_34595,54,51,1
clan_550,clan_1108,54,51,1
clan_17061,clan_19852,54,51,1
clan_22447,clan_14929,54,51,1
clan_45566,clan_42044,54,51,1
clan_252,clan_47999,54,51,1
clan_35113,clan_10089,54,51,1
clan_36766,clan_1819,54,51,1
clan_47847,clan_555,54,57,2
clan_25975,clan_23267,54,57,2
clan_48537,clan_1911,54,60,2
clan_2740,clan_13486,55,10,1
clan_16180,clan_24502,55,19,1
clan_6509,clan_7659,55,20,1
clan_32591,clan_41435,55,21,1
clan_47691,clan_39191,55,22,1
clan_22664,clan_5746,55,22,1
clan_9329,clan_20463,55,23,1
clan_2927,clan_24549,55,23,1
clan_27881,clan_23550,55,23,1
clan_12982,clan_13745,55,23,1
clan_4005,clan_18929,55,23,1
clan_7070,clan_12415,55,24,1
clan_47929,clan_45323,55,24,1
clan_17124,clan_15179,55,25,1
clan_9914,clan_8984,55,25,1
clan_14816,clan_5124,55,26,1
clan_43783,clan_25166,55,27,1
clan_12078,clan_7214,55,27,1
clan_24490,clan_20709,55,28,1
clan_5290,clan_7877,55,28,1
clan_16141,clan_3985,55,28,1
clan_20029,clan_3782,55,28,1
clan_14609,clan_5858,55,28,1
clan_13624,clan_20716,55,28,1
clan_13318,clan_20360,55,28,1
clan_9169,clan_2774,55,29,1
clan_7512,clan_18389,55,29,1
clan_19047,clan_2961,55,30,1
clan_30640,clan_8823,55,30,1
clan_11743,clan_30861,55,30,1
clan_8652,clan_2368,55,30,1
clan_12397,clan_32550,55,30,1
clan_5110,clan_7424,55,31,1
clan_11690,clan_17336,55,31,1
clan_30025,clan_8260,55,31,1
clan_24970,clan_14574,55,31,1
clan_18536,clan_24140,55,31,1
clan_32115,clan_4094,55,31,1
clan_45281,clan_35045,55,31,1
clan_4411,clan_8734,55,31,1
clan_15027,clan_31588,55,32,1
clan_14265,clan_6474,55,32,1
clan_9669,clan_9250,55,32,1
clan_23129,clan_21466,55,32,1
clan_5473,clan_3724,55,32,1
clan_18821,clan_20601,55,32,1
clan_17626,clan_24844,55,32,1
clan_10846,clan_25311,55,32,1
clan_32867,clan_3327,55,32,1
clan_13622,clan_18336,55,32,1
clan_38754,clan_34034,55,33,1
clan_31479,clan_8798,55,33,1
clan_8293,clan_20768,55,33,1
clan_19992,clan_8336,55,33,1
clan_26613,clan_4266,55,33,1
clan_31571,clan_14380,55,33,1
clan_32745,clan_17329,55,33,1
clan_12655,clan_23559,55,33,1
clan_29515,clan_29199,55,34,1
clan_18927,clan_17471,55,34,1
clan_14750,clan_6996,55,34,1
clan_15467,clan_23632,55,34,1
clan_27005,clan_8471,55,34,1
clan_5361,clan_4728,55,34,1
clan_23781,clan_19430,55,34,1
clan_27397,clan_4373,55,35,1
clan_9819,clan_20850,55,35,1
clan_14133,clan_43365,55,35,1
clan_7709,clan_47184,55,35,1
clan_23580,clan_8107,55,35,1
clan_28739,clan_5521,55,35,1
clan_28543,clan_20622,55,35,1
clan_40609,clan_43383,55,36,1
clan_20613,clan_4949,55,36,1
clan_45956,clan_47106,55,36,1
clan_7159,clan_6810,55,36,1
clan_3435,clan_4227,55,36,1
clan_39800,clan_33949,55,36,1
clan_595,clan_44334,55,37,1
clan_20274,clan_27502,55,37,1
clan_17716,clan_17880,55,38,1
clan_7950,clan_2367,55,38,1
clan_8289,clan_30794,55,38,1
clan_15276,clan_8854,55,38,1
clan_8415,clan_3576,55,38,1
clan_14777,clan_10455,55,38,1
clan_23391,clan_10822,55,38,1
clan_30353,clan_19648,55,39,1
clan_24639,clan_22911,55,39,1
clan_40346,clan_26852,55,39,1
clan_765,clan_44409,55,39,1
clan_15576,clan_34151,55,39,1
clan_14071,clan_17680,55,39,1
clan_11870,clan_15174,55,39,1
clan_4250,clan_5147,55,40,1
clan_2547,clan_6325,55,40,1
clan_15854,clan_35795,55,42,1
clan_22698,clan_19013,55,42,1
clan_9431,clan_7763,55,42,1
clan_41846,clan_560,55,42,1
clan_16316,clan_23358,55,42,1
clan_35006,clan_26075,55,42,1
clan_47245,clan_37910,55,42,1
clan_10941,clan_5637,55,44,1
clan_20178,clan_6811,55,44,1
clan_7670,clan_4559,55,45,1
clan_39165,clan_45998,55,47,1
clan_10559,clan_6411,55,48,1
clan_23582,clan_27030,55,48,1
clan_960,clan_386,55,48,1
clan_40099,clan_33991,55,48,1
clan_4053,clan_25761,55,48,1
clan_9064,clan_18510,55,48,1
clan_20340,clan_14345,55,48,1
clan_14510,clan_10252,55,48,1
clan_19518,clan_13416,55,48,1
clan_1530,clan_48390,55,51,1
clan_586,clan_504,55,80,2
clan_7596,clan_10836,56,8,1
clan_40040,clan_17218,56,18,1
clan_6842,clan_13473,56,19,1
clan_28215,clan_12352,56,21,1
clan_34144,clan_21536,56,21,1
clan_28644,clan_2799,56,21,1
clan_8529,clan_3820,56,23,1
clan_16247,clan_11835,56,23,1
clan_47424,clan_48180,56,23,1
clan_21067,clan_16160,56,24,1
clan_35750,clan_25950,56,25,1
clan_37811,clan_7524,56,25,1
clan_47937,clan_37553,56,26,1
clan_27563,clan_12388,56,26,1
clan_44200,clan_12484,56,26,1
clan_44194,clan_45309,56,26,1
clan_7607,clan_33768,56,26,1
clan_38274,clan_44482,56,27,1
clan_5334,clan_12134,56,27,1
clan_28788,clan_5928,56,27,1
clan_39591,clan_38761,56,27,1
clan_39423,clan_8951,56,27,1
clan_1955,clan_46155,56,27,1
clan_18272,clan_13563,56,27,1
clan_7673,clan_12929,56,27,1
clan_13250,clan_15906,56,27,1
clan_10424,clan_22259,56,27,1
clan_27574,clan_29500,56,27,1
clan_42075,clan_30451,56,28,1
clan_27985,clan_28657,56,28,1
clan_26024,clan_9940,56,28,1
clan_19041,clan_2379,56,29,1
clan_1201,clan_34141,56,29,1
clan_32545,clan_4497,56,29,1
clan_22279,clan_27251,56,29,1
clan_12892,clan_33600,56,29,1
clan_39635,clan_27056,56,29,1
clan_30987,clan_11932,56,29,1
clan_19222,clan_16370,56,29,1
clan_33751,clan_35610,56,29,1
clan_21916,clan_4201,56,29,1
clan_14571,clan_34075,56,29,1
clan_32061,clan_31102,56,29,1
clan_42277,clan_39993,56,30,1
clan_8032,clan_22691,56,30,1
clan_35015,clan_10229,56,30,1
clan_11595,clan_18028,56,30,1
clan_22307,clan_16750,56,30,1
clan_3854,clan_10651,56,30,1
clan_25632,clan_6191,56,30,1
clan_28402,clan_4113,56,30,1
clan_8433,clan_16742,56,30,1
clan_33304,clan_6199,56,30,1
clan_3971,clan_3204,56,30,1
clan_43008,clan_45241,56,30,1
clan_46491,clan_38121,56,30,1
clan_17216,clan_3560,56,30,1
clan_27301,clan_6631,56,30,1
clan_12952,clan_14262,56,30,1
clan_13025,clan_12386,56,30,1
clan_16468,clan_6004,56,31,1
clan_16576,clan_36036,56,31,1
clan_34597,clan_18951,56,32,1
clan_13783,clan_6904,56,32,1
clan_2759,clan_1788,56,32,1
clan_22830,clan_3300,56,32,1
clan_18633,clan_28123,56,32,1
clan_11862,clan_29195,56,32,1
clan_44373,clan_25210,56,32,1
clan_4631,clan_26912,56,32,1
clan_5519,clan_18823,56,32,1
clan_32628,clan_301,56,32,1
clan_24261,clan_30250,56,32,1
clan_34709,clan_4903,56,32,1
clan_25456,clan_27142,56,33,1
clan_38770,clan_43070,56,33,1
clan_22765,clan_15502,56,33,1
clan_29694,clan_36061,56,33,1
clan_42784,clan_42605,56,33,1
clan_7022,clan_13032,56,33,1
clan_6757,clan_4473,56,33,1
clan_35268,clan_15853,56,33,1
clan_38709,clan_42303,56,33,1
clan_32044,clan_40366,56,33,1
clan_43269,clan_44371,56,33,1
clan_19415,clan_21971,56,33,1
clan_30896,clan_11744,56,33,1
clan_38603,clan_9984,56,33,1
clan_37870,clan_40562,56,33,1
clan_20231,clan_13592,56,33,1
clan_36120,clan_15280,56,33,1
clan_40364,clan_44769,56,33,1
clan_38622,clan_26284,56,33,1
clan_32067,clan_18955,56,33,1
clan_33575,clan_41894,56,33,1
clan_14925,clan_11841,56,33,1
clan_5866,clan_12079,56,33,1
clan_22605,clan_25149,56,33,1
clan_4898,clan_6962,56,33,1
clan_11306,clan_16033,56,34,1
clan_35086,clan_36231,56,34,1
clan_7519,clan_7136,56,34,1
clan_2622,clan_11055,56,34,1
clan_35178,clan_46393,56,35,1
clan_20756,clan_8126,56,35,1
clan_2353,clan_9261,56,35,1
clan_28880,clan_7419,56,35,1
clan_3001,clan_16959,56,35,1
clan_31021,clan_3369,56,35,1
clan_13813,clan_5130,56,35,1
clan_15505,clan_17842,56,35,1
clan_46918,clan_1752,56,35,1
clan_8802,clan_26962,56,35,1
clan_38776,clan_38079,56,35,1
clan_21284,clan_8494,56,35,1
clan_24359,clan_6942,56,35,1
clan_45451,clan_45173,56,35,1
clan_44240,clan_35127,56,36,1
clan_26335,clan_21385,56,36,1
clan_39079,clan_9077,56,36,1
clan_29752,clan_39573,56,36,1
clan_17381,clan_26802,56,36,1
clan_29373,clan_19481,56,36,1
clan_47559,clan_16170,56,36,1
clan_36644,clan_47793,56,36,1
clan_7563,clan_4136,56,36,1
clan_43446,clan_42189,56,36,1
clan_33167,clan_10677,56,36,1
clan_9652,clan_3972,56,36,1
clan_26792,clan_2005,56,36,1
clan_23904,clan_21151,56,36,1
clan_22160,clan_10299,56,36,1
clan_16061,clan_27789,56,36,1
clan_31905,clan_17714,56,36,1
clan_35897,clan_38737,56,36,1
clan_11720,clan_12722,56,36,1
clan_35865,clan_3860,56,36,1
clan_39349,clan_624,56,36,1
clan_29564,clan_12931,56,36,1
clan_34448,clan_37367,56,36,1
clan_23091,clan_47217,56,36,1
clan_43728,clan_46811,56,37,1
clan_34719,clan_35460,56,37,1
clan_11266,clan_18410,56,37,1
clan_29873,clan_11884,56,37,1
clan_6982,clan_17857,56,37,1
clan_13900,clan_38053,56,37,1
clan_20902,clan_16085,56,37,1
clan_27249,clan_11416,56,37,1
clan_36736,clan_38836,56,38,1
clan_42032,clan_39700,56,38,1
clan_32512,clan_15947,56,38,1
clan_6515,clan_8031,56,38,1
clan_25003,clan_2434,56,38,1
clan_9591,clan_17137,56,38,1
clan_30778,clan_3184,56,38,1
clan_28868,clan_14648,56,38,1
clan_26141,clan_13350,56,39,1
clan_42794,clan_23633,56,39,1
clan_17005,clan_13968,56,39,1
clan_30966,clan_30771,56,39,1
clan_35093,clan_8118,56,39,1
clan_13743,clan_24028,56,39,1
clan_23329,clan_13619,56,39,1
clan_21709,clan_30929,56,39,1
clan_26190,clan_11830,56,39,1
clan_26080,clan_25732,56,39,1
clan_35084,clan_30608,56,39,1
clan_1426,clan_42984,56,39,1
clan_41128,clan_588,56,39,1
clan_46180,clan_27006,56,39,1
clan_17884,clan_31121,56,39,1
clan_29519,clan_16047,56,39,1
clan_45073,clan_47697,56,39,1
clan_37990,clan_40886,56,39,1
clan_35431,clan_44518,56,39,1
clan_46674,clan_883,56,39,1
clan_23818,clan_28153,56,39,1
clan_37921,clan_31360,56,39,1
clan_1347,clan_47415,56,39,1
clan_34325,clan_40983,56,39,1
clan_35488,clan_3350,56,39,1
clan_10290,clan_9353,56,39,1
clan_17219,clan_27533,56,39,1
clan_30464,clan_33349,56,39,1
clan_3499,clan_27713,56,39,1
clan_36462,clan_40528,56,39,1
clan_28195,clan_17874,56,39,1
clan_6679,clan_27878,56,39,1
clan_47071,clan_48388,56,39,1
clan_7092,clan_3408,56,39,1
clan_23642,clan_14748,56,39,1
clan_3243,clan_25853,56,39,1
clan_18090,clan_28762,56,39,1
clan_37076,clan_13781,56,39,1
clan_32383,clan_33742,56,39,1
clan_23023,clan_27062,56,39,1
clan_6712,clan_30323,56,40,1
clan_12082,clan_12408,56,40,1
clan_12209,clan_23197,56,40,1
clan_26221,clan_15963,56,41,1
clan_17828,clan_5658,56,41,1
clan_35833,clan_29735,56,41,1
clan_3173,clan_21868,56,41,1
clan_43010,clan_44476,56,41,1
clan_42298,clan_42530,56,41,1
clan_11882,clan_7982,56,41,1
clan_519,clan_48423,56,41,1
clan_14251,clan_37372,56,41,1
clan_35131,clan_4593,56,41,1
clan_8928,clan_24643,56,41,1
clan_23920,clan_25885,56,41,1
clan_34536,clan_26969,56,41,1
clan_34822,clan_8703,56,41,1
clan_9637,clan_39269,56,42,1
clan_40494,clan_35825,56,42,1
clan_4946,clan_9746,56,42,1
clan_40768,clan_38851,56,42,1
clan_32399,clan_34665,56,42,1
clan_43526,clan_45025,56,42,1
clan_31388,clan_4905,56,42,1
clan_43623,clan_45591,56,42,1
clan_16582,clan_41740,56,42,1
clan_7400,clan_30942,56,42,1
clan_5017,clan_34505,56,42,1
clan_33635,clan_1870,56,42,1
clan_19974,clan_15378,56,42,1
clan_39520,clan_37899,56,42,1
clan_13876,clan_26019,56,42,1
clan_47269,clan_46937,56,42,1
clan_45767,clan_44140,56,42,1
clan_18399,clan_42017,56,42,1
clan_22810,clan_20436,56,42,1
clan_19118,clan_42701,56,42,1
clan_43074,clan_45066,56,42,1
clan_45227,clan_39237,56,42,1
clan_44044,clan_38764,56,42,1
clan_4395,clan_9240,56,42,1
clan_26883,clan_15950,56,42,1
clan_35252,clan_39688,56,42,1
clan_15625,clan_23133,56,42,1
clan_28223,clan_22498,56,42,1
clan_35210,clan_19238,56,42,1
clan_12616,clan_38753,56,42,1
clan_28384,clan_20014,56,44,1
clan_12267,clan_15464,56,44,1
clan_7109,clan_16433,56,44,1
clan_19534,clan_27356,56,44,1
clan_630,clan_39385,56,45,1
clan_23336,clan_8956,56,45,1
clan_37384,clan_36890,56,45,1
clan_29433,clan_42715,56,47,1
clan_22492,clan_43931,56,47,1
clan_46700,clan_2093,56,47,1
clan_29023,clan_4530,56,48,1
clan_34481,clan_7929,56,48,1
clan_8483,clan_11334,56,48,1
clan_33123,clan_36705,56,48,1
clan_26737,clan_7613,56,48,1
clan_16283,clan_11149,56,48,1
clan_40459,clan_40183,56,48,1
clan_48243,clan_48268,56,48,1
clan_20121,clan_23100,56,48,1
clan_13012,clan_31068,56,48,1
clan_21684,clan_12394,56,48,1
clan_15832,clan_15736,56,48,1
clan_42329,clan_42467,56,48,1
clan_36681,clan_15367,56,48,1
clan_43748,clan_45909,56,48,1
clan_19496,clan_3549,56,48,1
clan_34991,clan_892,56,48,1
clan_34741,clan_27872,56,48,1
clan_39683,clan_21146,56,48,1
clan_8236,clan_46217,56,48,1
clan_23885,clan_20755,56,48,1
clan_45205,clan_33816,56,48,1
clan_25623,clan_33836,56,48,1
clan_21949,clan_33500,56,48,1
clan_38259,clan_30628,56,48,1
clan_20096,clan_7662,56,48,1
clan_95,clan_1389,56,48,1
clan_40077,clan_17118,56,48,1
clan_2205,clan_27882,56,48,1
clan_4000,clan_32217,56,48,1
clan_39472,clan_15159,56,48,1
clan_14428,clan_37240,56,48,1
clan_34702,clan_4910,56,48,1
clan_902,clan_446,56,54,1
clan_1186,clan_42898,56,64,2
clan_1355,clan_1117,56,72,2
clan_48496,clan_1537,56,80,2
clan_2624,clan_6602,57,15,1
clan_30326,clan_28881,57,17,1
clan_7851,clan_7486,57,17,1
clan_18130,clan_13715,57,18,1
clan_12406,clan_5028,57,18,1
clan_18439,clan_13939,57,18,1
clan_37936,clan_4991,57,18,1
clan_7069,clan_3918,57,18,1
clan_45669,clan_40430,57,18,1
clan_19599,clan_11495,57,20,1
clan_26123,clan_3630,57,21,1
clan_5843,clan_19899,57,21,1
clan_8672,clan_4743,57,21,1
clan_5506,clan_24580,57,21,1
clan_15727,clan_17622,57,21,1
clan_14420,clan_4907,57,22,1
clan_17978,clan_14555,57,23,1
clan_20958,clan_21501,57,23,1
clan_20978,clan_15317,57,23,1
clan_28627,clan_10812,57,23,1
clan_633,clan_11579,57,23,1
clan_47429,clan_42822,57,24,1
clan_2925,clan_12706,57,24,1
clan_26215,clan_19183,57,24,1
clan_47936,clan_46529,57,24,1
clan_15573,clan_18872,57,24,1
clan_45524,clan_520,57,24,1
clan_10512,clan_15327,57,24,1
clan_29673,clan_35406,57,24,1
clan_14398,clan_18089,57,24,1
clan_15298,clan_8009,57,24,1
clan_27507,clan_5720,57,25,1
clan_24152,clan_3527,57,25,1
clan_26202,clan_17407,57,26,1
clan_12657,clan_25014,57,26,1
clan_43354,clan_39263,57,26,1
clan_11686,clan_22229,57,26,1
clan_5038,clan_5023,57,26,1
clan_31083,clan_30846,57,26,1
clan_33464,clan_27141,57,26,1
clan_27697,clan_20766,57,26,1
clan_4389,clan_5307,57,26,1
clan_11469,clan_3199,57,26,1
clan_6998,clan_24897,57,27,1
clan_14192,clan_27953,57,27,1
clan_20382,clan_26697,57,27,1
clan_14844,clan_16931,57,27,1
clan_33602,clan_6918,57,27,1
clan_29545,clan_13807,57,27,1
clan_16059,clan_23979,57,27,1
clan_46656,clan_43341,57,27,1
clan_45773,clan_45631,57,27,1
clan_2499,clan_6406,57,27,1
clan_33651,clan_29972,57,27,1
clan_4177,clan_9755,57,27,1
clan_41535,clan_31861,57,27,1
clan_5069,clan_16671,57,27,1
clan_31442,clan_19503,57,27,1
clan_27218,clan_12018,57,27,1
clan_16766,clan_22129,57,28,1
clan_42619,clan_39493,57,28,1
clan_14999,clan_25502,57,28,1
clan_16620,clan_4789,57,28,1
clan_15813,clan_7469,57,28,1
clan_35159,clan_42249,57,28,1
clan_25040,clan_30696,57,29,1
clan_7210,clan_8615,57,29,1
clan_38632,clan_37295,57,29,1
clan_1251,clan_28097,57,29,1
clan_32828,clan_34400,57,29,1
clan_5655,clan_26455,57,29,1
clan_1121,clan_33221,57,29,1
clan_24679,clan_26136,57,29,1
clan_28839,clan_14948,57,29,1
clan_4273,clan_22358,57,29,1
clan_9795,clan_42328,57,30,1
clan_46712,clan_12116,57,30,1
clan_25144,clan_6224,57,30,1
clan_33626,clan_11988,57,30,1
clan_39770,clan_36227,57,30,1
clan_23205,clan_12146,57,30,1
clan_19804,clan_9610,57,30,1
clan_34213,clan_27103,57,30,1
clan_41349,clan_43085,57,30,1
clan_8753,clan_13629,57,30,1
clan_1948,clan_44728,57,30,1
clan_13499,clan_29542,57,30,1
clan_24978,clan_31293,57,30,1
clan_12439,clan_21005,57,30,1
clan_12969,clan_9891,57,30,1
clan_21102,clan_25269,57,30,1
clan_39942,clan_25660,57,30,1
clan_12049,clan_25075,57,30,1
clan_23745,clan_9785,57,30,1
clan_2810,clan_25757,57,30,1
clan_21778,clan_38451,57,30,1
clan_24582,clan_9434,57,30,1
clan_36581,clan_36985,57,30,1
clan_18676,clan_23379,57,30,1
clan_23684,clan_18461,57,31,1
clan_28021,clan_22291,57,31,1
clan_36228,clan_19634,57,31,1
clan_42525,clan_20990,57,31,1
clan_3718,clan_4270,57,31,1
clan_8983,clan_17012,57,31,1
clan_41824,clan_29247,57,31,1
clan_34565,clan_999,57,32,1
clan_36443,clan_20821,57,32,1
clan_3776,clan_19329,57,32,1
clan_32610,clan_9293,57,32,1
clan_23156,clan_8244,57,32,1
clan_16816,clan_24969,57,32,1
clan_9654,clan_31705,57,32,1
clan_24811,clan_11585,57,32,1
clan_46849,clan_46820,57,32,1
clan_26638,clan_23231,57,32,1
clan_46011,clan_31100,57,32,1
clan_15855,clan_9717,57,32,1
clan_10301,clan_13099,57,32,1
clan_35832,clan_33771,57,32,1
clan_29142,clan_5446,57,32,1
clan_24586,clan_35657,57,32,1
clan_30265,clan_14326,57,32,1
clan_22218,clan_4699,57,32,1
clan_19405,clan_13180,57,32,1
clan_29452,clan_7190,57,32,1
clan_13791,clan_9324,57,32,1
clan_46663,clan_40282,57,32,1
clan_37275,clan_30,57,32,1
clan_47803,clan_43827,57,32,1
clan_11000,clan_17003,57,32,1
clan_32163,clan_11398,57,33,1
clan_25604,clan_6801,57,33,1
clan_42452,clan_21374,57,33,1
clan_29351,clan_22205,57,33,1
clan_23387,clan_13932,57,33,1
clan_10311,clan_8219,57,33,1
clan_24841,clan_15703,57,33,1
clan_8981,clan_20972,57,33,1
clan_37147,clan_60,57,33,1
clan_31193,clan_16031,57,33,1
clan_14393,clan_12109,57,33,1
clan_25852,clan_19794,57,33,1
clan_45797,clan_2120,57,33,1
clan_5716,clan_16755,57,33,1
clan_27121,clan_2552,57,33,1
clan_14120,clan_2901,57,33,1
clan_32701,clan_39478,57,33,1
clan_5438,clan_20650,57,33,1
clan_47684,clan_32820,57,33,1
clan_32368,clan_15201,57,33,1
clan_31447,clan_37084,57,33,1
clan_30403,clan_19128,57,33,1
clan_29806,clan_21427,57,33,1
clan_7678,clan_19033,57,33,1
clan_33325,clan_31691,57,33,1
clan_32617,clan_32279,57,33,1
clan_10105,clan_19876,57,33,1
clan_32782,clan_32977,57,33,1
clan_13100,clan_5090,57,33,1
clan_30805,clan_25400,57,33,1
clan_30768,clan_24325,57,33,1
clan_17074,clan_13508,57,33,1
clan_34808,clan_12216,57,33,1
clan_41773,clan_31622,57,33,1
clan_13217,clan_17767,57,33,1
clan_16869,clan_28336,57,33,1
clan_8345,clan_21549,57,33,1
clan_46036,clan_47096,57,33,1
clan_16090,clan_6414,57,33,1
clan_8570,clan_11131,57,33,1
clan_20046,clan_7248,57,33,1
clan_46386,clan_33416,57,33,1
clan_33122,clan_41590,57,33,1
clan_17711,clan_6293,57,33,1
clan_31653,clan_40646,57,33,1
clan_32809,clan_17285,57,33,1
clan_25051,clan_21953,57,33,1
clan_11113,clan_10359,57,33,1
clan_15726,clan_15382,57,33,1
clan_40142,clan_30285,57,33,1
clan_26045,clan_10824,57,33,1
clan_24169,clan_13127,57,33,1
clan_27702,clan_2265,57,33,1
clan_33927,clan_29533,57,33,1
clan_13091,clan_7358,57,33,1
clan_15508,clan_26185,57,33,1
clan_26291,clan_25475,57,33,1
clan_34885,clan_7502,57,33,1
clan_33536,clan_25321,57,34,1
clan_13899,clan_17849,57,34,1
clan_30590,clan_9076,57,34,1
clan_2674,clan_21997,57,34,1
clan_15649,clan_5659,57,34,1
clan_28244,clan_17421,57,34,1
clan_18728,clan_7077,57,34,1
clan_46092,clan_11685,57,34,1
clan_35697,clan_18413,57,34,1
clan_7429,clan_12239,57,34,1
clan_39130,clan_5583,57,34,1
clan_13334,clan_8748,57,34,1
clan_32739,clan_21251,57,34,1
clan_14223,clan_5265,57,34,1
clan_37334,clan_22872,57,35,1
clan_31935,clan_36491,57,35,1
clan_16480,clan_11357,57,35,1
clan_14672,clan_29370,57,35,1
clan_42501,clan_10711,57,35,1
clan_23430,clan_37309,57,35,1
clan_42023,clan_29630,57,35,1
clan_46532,clan_43817,57,35,1
clan_9008,clan_8831,57,35,1
clan_34241,clan_27796,57,35,1
clan_26008,clan_4068,57,35,1
clan_4694,clan_20542,57,35,1
clan_44537,clan_14850,57,35,1
clan_22736,clan_42,57,35,1
clan_31034,clan_23649,57,35,1
clan_2754,clan_18147,57,35,1
clan_23936,clan_9303,57,35,1
clan_12754,clan_18900,57,35,1
clan_2420,clan_15040,57,35,1
clan_30279,clan_15409,57,35,1
clan_46388,clan_39309,57,35,1
clan_13769,clan_41281,57,36,1
clan_12098,clan_6060,57,36,1
clan_44103,clan_23614,57,36,1
clan_33699,clan_18117,57,36,1
clan_22661,clan_11903,57,36,1
clan_27392,clan_24670,57,36,1
clan_17376,clan_4192,57,36,1
clan_47754,clan_44244,57,36,1
clan_26844,clan_21823,57,36,1
clan_35051,clan_21538,57,36,1
clan_21965,clan_20824,57,36,1
clan_20366,clan_9921,57,36,1
clan_39581,clan_26464,57,36,1
clan_34712,clan_40221,57,36,1
clan_28970,clan_43292,57,36,1
clan_1866,clan_12755,57,36,1
clan_46359,clan_820,57,36,1
clan_44901,clan_20814,57,36,1
clan_17378,clan_27592,57,36,1
clan_15544,clan_23679,57,36,1
clan_34663,clan_41381,57,36,1
clan_41880,clan_44232,57,36,1
clan_42049,clan_46191,57,36,1
clan_20996,clan_22985,57,36,1
clan_38230,clan_39837,57,36,1
clan_33822,clan_40207,57,36,1
clan_41314,clan_39703,57,36,1
clan_42938,clan_38021,57,36,1
clan_30335,clan_27312,57,36,1
clan_36513,clan_18198,57,36,1
clan_46618,clan_975,57,36,1
clan_28216,clan_16328,57,36,1
clan_865,clan_47065,57,36,1
clan_13172,clan_2592,57,36,1
clan_8016,clan_29569,57,36,1
clan_40293,clan_41909,57,36,1
clan_29932,clan_2462,57,36,1
clan_2687,clan_8801,57,36,1
clan_28211,clan_9674,57,36,1
clan_35560,clan_41697,57,36,1
clan_10416,clan_5721,57,36,1
clan_35920,clan_18443,57,36,1
clan_16760,clan_39794,57,36,1
clan_4545,clan_15303,57,36,1
clan_2068,clan_47922,57,36,1
clan_22901,clan_22469,57,36,1
clan_24041,clan_14997,57,36,1
clan_10327,clan_32827,57,36,1
clan_30676,clan_29392,57,36,1
clan_39360,clan_29453,57,36,1
clan_7776,clan_6114,57,36,1
clan_5478,clan_23194,57,36,1
clan_14620,clan_30462,57,36,1
clan_16709,clan_23467,57,36,1
clan_30693,clan_30556,57,36,1
clan_46423,clan_1132,57,36,1
clan_22463,clan_23502,57,36,1
clan_38593,clan_38597,57,36,1
clan_27772,clan_16839,57,36,1
clan_3392,clan_24038,57,36,1
clan_43624,clan_45604,57,36,1
clan_45329,clan_34516,57,36,1
clan_19995,clan_24505,57,36,1
clan_13852,clan_14538,57,36,1
clan_9544,clan_13470,57,36,1
clan_47748,clan_39915,57,36,1
clan_28900,clan_35982,57,36,1
clan_48369,clan_45647,57,36,1
clan_17916,clan_25463,57,36,1
clan_33783,clan_36561,57,36,1
clan_43500,clan_46372,57,36,1
clan_38257,clan_30121,57,36,1
clan_40313,clan_38170,57,36,1
clan_29753,clan_35184,57,36,1
clan_21657,clan_9797,57,36,1
clan_47801,clan_11764,57,36,1
clan_15714,clan_13644,57,36,1
clan_41123,clan_46829,57,36,1
clan_48246,clan_986,57,36,1
clan_44041,clan_28091,57,36,1
clan_24967,clan_2915,57,37,1
clan_25956,clan_24040,57,37,1
clan_13738,clan_7972,57,37,1
clan_2136,clan_2033,57,37,1
clan_6152,clan_15532,57,37,1
clan_48463,clan_1024,57,38,1
clan_38491,clan_26007,57,38,1
clan_41753,clan_37471,57,38,1
clan_46610,clan_36247,57,38,1
clan_27673,clan_35044,57,38,1
clan_10890,clan_8989,57,38,1
clan_24157,clan_34786,57,38,1
clan_14053,clan_21664,57,38,1
clan_46715,clan_43483,57,38,1
clan_45685,clan_47039,57,38,1
clan_39437,clan_32392,57,38,1
clan_6514,clan_29905,57,38,1
clan_34690,clan_43818,57,38,1
clan_3864,clan_29652,57,38,1
clan_36426,clan_22831,57,38,1
clan_5030,clan_3505,57,38,1
clan_32193,clan_26735,57,38,1
clan_42293,clan_43123,57,38,1
clan_29798,clan_34749,57,38,1
clan_46627,clan_47856,57,38,1
clan_28437,clan_245,57,38,1
clan_29931,clan_19958,57,38,1
clan_37548,clan_41842,57,38,1
clan_5963,clan_24682,57,38,1
clan_3866,clan_36399,57,38,1
clan_37670,clan_33079,57,38,1
clan_41156,clan_41431,57,38,1
clan_27656,clan_16850,57,38,1
clan_31119,clan_13307,57,38,1
clan_15826,clan_12758,57,39,1
clan_43591,clan_553,57,39,1
clan_33059,clan_31468,57,39,1
clan_39266,clan_42030,57,39,1
clan_33855,clan_35733,57,39,1
clan_30164,clan_1110,57,39,1
clan_39380,clan_6490,57,39,1
clan_3048,clan_42285,57,39,1
clan_38059,clan_34065,57,39,1
clan_39906,clan_25813,57,39,1
clan_115,clan_1729,57,39,1
clan_11570,clan_14573,57,39,1
clan_6049,clan_13884,57,39,1
clan_16704,clan_30922,57,39,1
clan_36517,clan_37460,57,39,1
clan_33667,clan_30188,57,39,1
clan_34512,clan_44154,57,39,1
clan_44139,clan_41898,57,39,1
clan_30712,clan_32248,57,39,1
clan_36787,clan_26537,57,39,1
clan_24877,clan_22722,57,39,1
clan_25990,clan_16775,57,39,1
clan_43660,clan_45883,57,39,1
clan_16479,clan_29581,57,39,1
clan_34970,clan_24124,57,39,1
clan_45698,clan_38824,57,39,1
clan_38615,clan_8237,57,39,1
clan_36422,clan_2543,57,39,1
clan_27783,clan_3123,57,39,1
clan_43721,clan_1609,57,39,1
clan_9532,clan_13067,57,39,1
clan_46524,clan_18858,57,39,1
clan_4463,clan_22267,57,39,1
clan_44538,clan_38326,57,39,1
clan_18215,clan_11274,57,39,1
clan_3277,clan_11581,57,39,1
clan_31597,clan_12490,57,39,1
clan_42748,clan_42137,57,39,1
clan_41955,clan_28858,57,39,1
clan_35483,clan_10609,57,39,1
clan_30533,clan_2811,57,39,1
clan_10671,clan_21009,57,39,1
clan_37371,clan_6297,57,39,1
clan_43693,clan_43127,57,39,1
clan_20719,clan_18887,57,39,1
clan_40533,clan_41124,57,39,1
clan_741,clan_47218,57,39,1
clan_1454,clan_930,57,39,1
clan_17011,clan_42400,57,39,1
clan_42055,clan_7892,57,39,1
clan_36185,clan_12795,57,39,1
clan_10287,clan_20707,57,39,1
clan_45389,clan_32122,57,39,1
clan_37310,clan_32666,57,39,1
clan_31366,clan_35099,57,39,1
clan_41896,clan_29229,57,39,1
clan_25538,clan_3479,57,39,1
clan_35023,clan_14093,57,39,1
clan_29207,clan_11172,57,39,1
clan_36053,clan_3930,57,39,1
clan_5742,clan_22780,57,39,1
clan_40261,clan_4698,57,39,1
clan_19723,clan_17057,57,39,1
clan_42211,clan_34044,57,39,1
clan_40352,clan_42592,57,39,1
clan_1274,clan_44678,57,39,1
clan_10408,clan_20586,57,39,1
clan_31595,clan_38843,57,39,1
clan_5989,clan_34133,57,39,1
clan_33460,clan_33111,57,39,1
clan_9157,clan_17839,57,39,1
clan_12087,clan_32289,57,39,1
clan_37948,clan_23255,57,39,1
clan_13931,clan_15487,57,39,1
clan_33970,clan_36470,57,39,1
clan_44582,clan_46060,57,39,1
clan_12662,clan_6856,57,39,1
clan_36722,clan_29125,57,39,1
clan_37822,clan_26101,57,39,1
clan_11529,clan_27398,57,39,1
clan_9994,clan_17041,57,39,1
clan_14684,clan_13240,57,39,1
clan_14914,clan_22876,57,39,1
clan_45675,clan_46783,57,39,1
clan_607,clan_34834,57,39,1
clan_42229,clan_22852,57,39,1
clan_8077,clan_29095,57,39,1
clan_42018,clan_22523,57,39,1
clan_21109,clan_32834,57,39,1
clan_24063,clan_43493,57,39,1
clan_41043,clan_32884,57,39,1
clan_40050,clan_46514,57,39,1
clan_24533,clan_28769,57,40,1
clan_45680,clan_1001,57,40,1
clan_29883,clan_21183,57,40,1
clan_3393,clan_8836,57,40,1
clan_6252,clan_33328,57,40,1
clan_17309,clan_28604,57,40,1
clan_6001,clan_18904,57,41,1
clan_39711,clan_47680,57,41,1
clan_1972,clan_11721,57,41,1
clan_33604,clan_34012,57,41,1
clan_23003,clan_19403,57,41,1
clan_11291,clan_23160,57,41,1
clan_44510,clan_13315,57,41,1
clan_13794,clan_26475,57,41,1
clan_34326,clan_29324,57,41,1
clan_43875,clan_37763,57,41,1
clan_24989,clan_11212,57,41,1
clan_42475,clan_47104,57,41,1
clan_11749,clan_32735,57,41,1
clan_7143,clan_15072,57,41,1
clan_36306,clan_19165,57,41,1
clan_25146,clan_34759,57,41,1
clan_37000,clan_28359,57,41,1
clan_22026,clan_19638,57,41,1
clan_19966,clan_20368,57,41,1
clan_1188,clan_132,57,41,1
clan_30574,clan_34844,57,41,1
clan_45529,clan_43114,57,41,1
clan_5954,clan_5167,57,41,1
clan_28326,clan_29048,57,41,1
clan_39631,clan_42815,57,41,1
clan_10664,clan_26161,57,41,1
clan_44927,clan_41687,57,41,1
clan_2482,clan_5980,57,41,1
clan_4527,clan_2887,57,42,1
clan_6612,clan_20068,57,42,1
clan_39787,clan_42517,57,42,1
clan_31502,clan_12139,57,42,1
clan_1123,clan_11351,57,42,1
clan_11294,clan_27084,57,42,1
clan_16278,clan_15509,57,42,1
clan_2090,clan_45168,57,42,1
clan_38273,clan_33055,57,42,1
clan_48391,clan_45237,57,42,1
clan_26307,clan_8712,57,42,1
clan_12547,clan_20236,57,42,1
clan_38470,clan_40539,57,42,1
clan_45966,clan_42183,57,42,1
clan_10665,clan_31754,57,42,1
clan_23189,clan_30944,57,42,1
clan_1656,clan_398,57,42,1
clan_15721,clan_16256,57,42,1
clan_45860,clan_42944,57,42,1
clan_24202,clan_26576,57,42,1
clan_18214,clan_20950,57,42,1
clan_6324,clan_25648,57,42,1
clan_31184,clan_25599,57,42,1
clan_33348,clan_34783,57,42,1
clan_38703,clan_1578,57,42,1
clan_4580,clan_9275,57,42,1
clan_44016,clan_1579,57,42,1
clan_40514,clan_41953,57,42,1
clan_32829,clan_31149,57,42,1
clan_43685,clan_26179,57,42,1
clan_20985,clan_28375,57,42,1
clan_17894,clan_17627,57,42,1
clan_5077,clan_16364,57,42,1
clan_42365,clan_36968,57,42,1
clan_8607,clan_5874,57,42,1
clan_40949,clan_45397,57,42,1
clan_34793,clan_18325,57,42,1
clan_37106,clan_33910,57,42,1
clan_343,clan_8002,57,42,1
clan_46403,clan_25192,57,42,1
clan_5593,clan_12820,57,42,1
clan_17214,clan_4627,57,42,1
clan_44565,clan_485,57,42,1
clan_1595,clan_13210,57,42,1
clan_20657,clan_14998,57,42,1
clan_30238,clan_16344,57,42,1
clan_30766,clan_44131,57,42,1
clan_41542,clan_2725,57,42,1
clan_4934,clan_6056,57,42,1
clan_10402,clan_8269,57,42,1
clan_13047,clan_11571,57,42,1
clan_18550,clan_10268,57,42,1
clan_27275,clan_26775,57,42,1
clan_37574,clan_243,57,42,1
clan_6243,clan_5175,57,42,1
clan_43628,clan_42757,57,42,1
clan_14016,clan_32631,57,42,1
clan_26551,clan_29028,57,42,1
clan_20119,clan_28436,57,42,1
clan_41259,clan_34651,57,42,1
clan_14918,clan_29236,57,42,1
clan_41660,clan_35999,57,42,1
clan_18565,clan_1516,57,42,1
clan_40916,clan_22965,57,42,1
clan_43053,clan_36321,57,42,1
clan_22804,clan_19749,57,42,1
clan_33329,clan_5207,57,42,1
clan_30467,clan_39898,57,42,1
clan_47958,clan_603,57,42,1
clan_28383,clan_24379,57,42,1
clan_14756,clan_22568,57,42,1
clan_36089,clan_41017,57,42,1
clan_18605,clan_10607,57,42,1
clan_26392,clan_28977,57,42,1
clan_7254,clan_32116,57,42,1
clan_39273,clan_34974,57,42,1
clan_5795,clan_23054,57,42,1
clan_45364,clan_42778,57,42,1
clan_32558,clan_6670,57,42,1
clan_42759,clan_40975,57,42,1
clan_16554,clan_13507,57,42,1
clan_1801,clan_46042,57,42,1
clan_36002,clan_13137,57,42,1
clan_48415,clan_622,57,42,1
clan_43464,clan_37306,57,42,1
clan_12541,clan_24885,57,42,1
clan_1538,clan_945,57,42,1
clan_44617,clan_48072,57,42,1
clan_14297,clan_26432,57,42,1
clan_940,clan_204,57,42,1
clan_27644,clan_32684,57,42,1
clan_14019,clan_23552,57,42,1
clan_29463,clan_16526,57,42,1
clan_2164,clan_12351,57,42,1
clan_29108,clan_6485,57,42,1
clan_30295,clan_5976,57,42,1
clan_31655,clan_27147,57,42,1
clan_13120,clan_21663,57,42,1
clan_20616,clan_27904,57,42,1
clan_30997,clan_5458,57,42,1
clan_21343,clan_8832,57,42,1
clan_39737,clan_41451,57,42,1
clan_40385,clan_40889,57,42,1
clan_18592,clan_10062,57,42,1
clan_26013,clan_16909,57,42,1
clan_24560,clan_36765,57,42,1
clan_45330,clan_44755,57,42,1
clan_30340,clan_22257,57,42,1
clan_37974,clan_1178,57,42,1
clan_28014,clan_33384,57,42,1
clan_42883,clan_45838,57,42,1
clan_3121,clan_17202,57,42,1
clan_508,clan_38323,57,42,1
clan_37916,clan_43862,57,42,1
clan_29421,clan_4008,57,42,1
clan_637,clan_605,57,42,1
clan_13086,clan_5675,57,42,1
clan_2021,clan_37884,57,42,1
clan_4997,clan_32737,57,42,1
clan_30116,clan_12887,57,42,1
clan_28212,clan_24658,57,42,1
clan_37877,clan_30067,57,42,1
clan_33095,clan_43522,57,42,1
clan_12958,clan_10652,57,42,1
clan_48257,clan_45368,57,42,1
clan_3793,clan_3613,57,42,1
clan_43714,clan_33518,57,42,1
clan_47597,clan_44393,57,42,1
clan_28334,clan_3787,57,42,1
clan_37942,clan_20866,57,42,1
clan_1179,clan_2153,57,42,1
clan_23168,clan_26739,57,42,1
clan_20919,clan_40152,57,42,1
clan_1814,clan_1004,57,42,1
clan_23590,clan_35867,57,42,1
clan_17962,clan_26839,57,42,1
clan_35934,clan_9183,57,42,1
clan_40986,clan_27591,57,42,1
clan_34485,clan_1381,57,42,1
clan_44945,clan_47467,57,42,1
clan_28138,clan_34111,57,42,1
clan_1744,clan_5483,57,42,1
clan_14328,clan_39160,57,42,1
clan_6480,clan_3136,57,42,1
clan_34479,clan_34061,57,42,1
clan_2053,clan_527,57,42,1
clan_26653,clan_29295,57,43,1
clan_15550,clan_34725,57,43,1
clan_31099,clan_27111,57,44,1
clan_9847,clan_8362,57,44,1
clan_31428,clan_12964,57,44,1
clan_15586,clan_13830,57,44,1
clan_31168,clan_42122,57,44,1
clan_34605,clan_32313,57,44,1
clan_9486,clan_40833,57,44,1
clan_4105,clan_37044,57,44,1
clan_17207,clan_21257,57,44,1
clan_20556,clan_9906,57,44,1
clan_29198,clan_27027,57,44,1
clan_8157,clan_19697,57,44,1
clan_10,clan_37287,57,44,1
clan_41164,clan_33603,57,44,1
clan_4372,clan_7212,57,44,1
clan_27264,clan_29527,57,44,1
clan_39393,clan_27946,57,44,1
clan_14492,clan_24278,57,44,1
clan_43576,clan_43212,57,44,1
clan_40560,clan_2035,57,44,1
clan_44917,clan_47420,57,44,1
clan_35033,clan_35170,57,44,1
clan_30018,clan_4241,57,44,1
clan_27524,clan_36169,57,44,1
clan_25251,clan_25001,57,44,1
clan_6034,clan_33979,57,44,1
clan_23150,clan_26768,57,44,1
clan_25937,clan_31020,57,44,1
clan_36090,clan_18588,57,44,1
clan_2112,clan_10194,57,44,1
clan_38855,clan_30423,57,44,1
clan_3439,clan_8087,57,44,1
clan_47066,clan_1345,57,44,1
clan_14541,clan_23562,57,44,1
clan_33401,clan_31642,57,44,1
clan_23130,clan_6045,57,45,1
clan_40701,clan_392,57,45,1
clan_36920,clan_4248,57,45,1
clan_29668,clan_21263,57,45,1
clan_32431,clan_39864,57,45,1
clan_47784,clan_48143,57,45,1
clan_44026,clan_33044,57,45,1
clan_17691,clan_32911,57,45,1
clan_42739,clan_17558,57,45,1
clan_26956,clan_32530,57,45,1
clan_11033,clan_10763,57,45,1
clan_2127,clan_48172,57,45,1
clan_38676,clan_18144,57,45,1
clan_39575,clan_37809,57,45,1
clan_22230,clan_24151,57,45,1
clan_46692,clan_38122,57,45,1
clan_36494,clan_17292,57,45,1
clan_23213,clan_26765,57,45,1
clan_25804,clan_43327,57,45,1
clan_17584,clan_14414,57,45,1
clan_12710,clan_27256,57,45,1
clan_4787,clan_30495,57,45,1
clan_36894,clan_6795,57,45,1
clan_37968,clan_43252,57,45,1
clan_38496,clan_40551,57,45,1
clan_19656,clan_46639,57,45,1
clan_36702,clan_32093,57,45,1
clan_2150,clan_1077,57,45,1
clan_29683,clan_33551,57,45,1
clan_33502,clan_1633,57,45,1
clan_29241,clan_29479,57,45,1
clan_32082,clan_1899,57,45,1
clan_17958,clan_12684,57,45,1
clan_48564,clan_42993,57,45,1
clan_19844,clan_5545,57,45,1
clan_44228,clan_12207,57,45,1
clan_36404,clan_539,57,45,1
clan_35648,clan_32873,57,45,1
clan_42437,clan_45016,57,45,1
clan_25397,clan_7051,57,45,1
clan_41958,clan_46209,57,45,1
clan_36084,clan_3491,57,45,1
clan_8057,clan_4277,57,45,1
clan_16318,clan_5046,57,45,1
clan_32154,clan_23704,57,45,1
clan_24233,clan_14491,57,45,1
clan_8012,clan_23918,57,45,1
clan_190,clan_1547,57,45,1
clan_37404,clan_26289,57,45,1
clan_28327,clan_21046,57,45,1
clan_37095,clan_8726,57,45,1
clan_42140,clan_10689,57,45,1
clan_20861,clan_36524,57,45,1
clan_20530,clan_10828,57,45,1
clan_36679,clan_12046,57,45,1
clan_42250,clan_34994,57,45,1
clan_41269,clan_1907,57,45,1
clan_40031,clan_39616,57,45,1
clan_23617,clan_23261,57,45,1
clan_38967,clan_37233,57,45,1
clan_13808,clan_22310,57,45,1
clan_19748,clan_17818,57,45,1
clan_8765,clan_13904,57,45,1
clan_1385,clan_45136,57,45,1
clan_34507,clan_10212,57,45,1
clan_35723,clan_26782,57,45,1
clan_9254,clan_15036,57,45,1
clan_39108,clan_39451,57,45,1
clan_38423,clan_41397,57,45,1
clan_33923,clan_28354,57,45,1
clan_35729,clan_22399,57,45,1
clan_4043,clan_4159,57,45,1
clan_36015,clan_42347,57,45,1
clan_29404,clan_40922,57,45,1
clan_2042,clan_621,57,45,1
clan_11610,clan_15331,57,45,1
clan_41395,clan_39593,57,45,1
clan_46634,clan_39455,57,45,1
clan_10650,clan_16467,57,45,1
clan_23313,clan_33235,57,45,1
clan_28111,clan_28612,57,45,1
clan_13489,clan_24695,57,45,1
clan_7281,clan_28467,57,45,1
clan_48307,clan_20904,57,45,1
clan_30026,clan_24118,57,45,1
clan_46816,clan_44562,57,45,1
clan_20323,clan_6008,57,45,1
clan_28862,clan_31923,57,45,1
clan_23269,clan_35244,57,45,1
clan_37512,clan_9365,57,45,1
clan_35811,clan_3556,57,45,1
clan_7883,clan_31699,57,45,1
clan_15713,clan_25212,57,45,1
clan_48166,clan_984,57,45,1
clan_38675,clan_20630,57,45,1
clan_34281,clan_40556,57,45,1
clan_15120,clan_19606,57,45,1
clan_2233,clan_40252,57,45,1
clan_14931,clan_11714,57,45,1
clan_17008,clan_20723,57,45,1
clan_8123,clan_35968,57,45,1
clan_21413,clan_34875,57,45,1
clan_43795,clan_31295,57,45,1
clan_17334,clan_32141,57,45,1
clan_36692,clan_31692,57,45,1
clan_31145,clan_39791,57,45,1
clan_47864,clan_17519,57,45,1
clan_35773,clan_6513,57,45,1
clan_47885,clan_42968,57,45,1
clan_32033,clan_35596,57,45,1
clan_44967,clan_36109,57,45,1
clan_42956,clan_1406,57,45,1
clan_34790,clan_27519,57,45,1
clan_30404,clan_38625,57,45,1
clan_28906,clan_5839,57,45,1
clan_27293,clan_5260,57,45,1
clan_25285,clan_11064,57,45,1
clan_17655,clan_10692,57,45,1
clan_48472,clan_47660,57,45,1
clan_41928,clan_24997,57,45,1
clan_13359,clan_26220,57,45,1
clan_42245,clan_29041,57,45,1
clan_36171,clan_26604,57,45,1
clan_39675,clan_1252,57,45,1
clan_11591,clan_5717,57,45,1
clan_34246,clan_3810,57,45,1
clan_12561,clan_26637,57,45,1
clan_29322,clan_4140,57,45,1
clan_16817,clan_6977,57,45,1
clan_12896,clan_9959,57,45,1
clan_39996,clan_36319,57,45,1
clan_1343,clan_13673,57,45,1
clan_1664,clan_35592,57,45,1
clan_21773,clan_13921,57,45,1
clan_23737,clan_2524,57,45,1
clan_39344,clan_13291,57,45,1
clan_39090,clan_28154,57,45,1
clan_32858,clan_1555,57,45,1
clan_42828,clan_1302,57,45,1
clan_30808,clan_32111,57,45,1
clan_35060,clan_45832,57,45,1
clan_35533,clan_36132,57,45,1
clan_45316,clan_162,57,45,1
clan_38810,clan_33944,57,45,1
clan_17567,clan_7394,57,45,1
clan_33373,clan_28984,57,45,1
clan_40337,clan_42154,57,45,1
clan_20783,clan_14485,57,45,1
clan_16625,clan_20444,57,45,1
clan_23930,clan_28358,57,45,1
clan_17002,clan_29938,57,45,1
clan_40579,clan_46345,57,45,1
clan_11865,clan_14040,57,45,1
clan_25322,clan_3403,57,45,1
clan_41131,clan_5811,57,45,1
clan_23812,clan_29966,57,45,1
clan_25811,clan_35941,57,45,1
clan_41518,clan_37694,57,45,1
clan_44013,clan_33839,57,45,1
clan_48269,clan_47952,57,45,1
clan_30734,clan_31166,57,45,1
clan_38999,clan_37083,57,45,1
clan_20387,clan_29653,57,45,1
clan_25640,clan_12431,57,45,1
clan_44691,clan_10184,57,45,1
clan_18353,clan_30332,57,45,1
clan_38540,clan_18376,57,45,1
clan_41988,clan_40383,57,45,1
clan_18624,clan_27726,57,46,1
clan_10445,clan_21665,57,47,1
clan_1908,clan_29973,57,47,1
clan_39775,clan_39210,57,47,1
clan_18282,clan_24688,57,47,1
clan_43711,clan_40726,57,47,1
clan_22261,clan_7551,57,47,1
clan_23985,clan_34697,57,47,1
clan_44339,clan_46158,57,47,1
clan_6222,clan_4462,57,47,1
clan_35215,clan_22560,57,47,1
clan_39485,clan_42553,57,47,1
clan_36166,clan_36367,57,47,1
clan_47334,clan_46880,57,47,1
clan_31194,clan_35816,57,47,1
clan_219,clan_27642,57,47,1
clan_46681,clan_45894,57,47,1
clan_24229,clan_13974,57,47,1
clan_31120,clan_2211,57,47,1
clan_8063,clan_25143,57,47,1
clan_20497,clan_30838,57,47,1
clan_23881,clan_35853,57,47,1
clan_3929,clan_7905,57,47,1
clan_3326,clan_37868,57,47,1
clan_10596,clan_37932,57,48,1
clan_15302,clan_15106,57,48,1
clan_27811,clan_44483,57,48,1
clan_9894,clan_11625,57,48,1
clan_26118,clan_2859,57,48,1
clan_13789,clan_3924,57,48,1
clan_44391,clan_38643,57,48,1
clan_41272,clan_40326,57,48,1
clan_1220,clan_42515,57,48,1
clan_34907,clan_29792,57,48,1
clan_30610,clan_30157,57,48,1
clan_33537,clan_38831,57,48,1
clan_22288,clan_20365,57,48,1
clan_43847,clan_11133,57,48,1
clan_40573,clan_38569,57,48,1
clan_48540,clan_858,57,48,1
clan_47648,clan_1045,57,48,1
clan_48447,clan_45563,57,48,1
clan_35688,clan_45204,57,48,1
clan_43506,clan_43860,57,48,1
clan_35900,clan_47805,57,48,1
clan_30688,clan_46987,57,48,1
clan_21338,clan_26503,57,48,1
clan_44258,clan_2946,57,48,1
clan_36019,clan_36005,57,48,1
clan_36301,clan_24748,57,48,1
clan_38986,clan_2275,57,48,1
clan_46788,clan_48242,57,48,1
clan_4353,clan_15673,57,48,1
clan_2043,clan_1926,57,48,1
clan_45354,clan_38624,57,48,1
clan_40675,clan_40763,57,48,1
clan_28786,clan_3490,57,48,1
clan_14502,clan_19802,57,48,1
clan_47638,clan_40307,57,48,1
clan_26313,clan_37605,57,48,1
clan_26938,clan_41338,57,48,1
clan_48025,clan_1107,57,48,1
clan_41014,clan_9363,57,48,1
clan_46047,clan_1421,57,48,1
clan_38351,clan_31456,57,48,1
clan_21034,clan_43914,57,48,1
clan_1246,clan_14910,57,48,1
clan_40974,clan_32736,57,48,1
clan_6218,clan_29570,57,48,1
clan_41044,clan_32117,57,48,1
clan_31163,clan_39343,57,48,1
clan_8729,clan_13014,57,48,1
clan_32105,clan_10547,57,48,1
clan_40693,clan_40117,57,48,1
clan_15014,clan_19645,57,48,1
clan_38781,clan_44905,57,48,1
clan_41469,clan_28242,57,48,1
clan_43460,clan_27288,57,48,1
clan_36593,clan_37733,57,48,1
clan_28335,clan_6449,57,48,1
clan_46203,clan_47693,57,48,1
clan_29547,clan_31066,57,48,1
clan_34583,clan_11290,57,48,1
clan_87,clan_10499,57,48,1
clan_32908,clan_40113,57,48,1
clan_3928,clan_7421,57,48,1
clan_22385,clan_8088,57,48,1
clan_44451,clan_42762,57,48,1
clan_39887,clan_41949,57,48,1
clan_20640,clan_30377,57,48,1
clan_36876,clan_34153,57,48,1
clan_29645,clan_23495,57,48,1
clan_37125,clan_15953,57,48,1
clan_44347,clan_1287,57,48,1
clan_40438,clan_41453,57,48,1
clan_45751,clan_18654,57,48,1
clan_13661,clan_36293,57,48,1
clan_26266,clan_41228,57,48,1
clan_42543,clan_46221,57,48,1
clan_10612,clan_31913,57,48,1
clan_32547,clan_29339,57,48,1
clan_19219,clan_15775,57,48,1
clan_10427,clan_29591,57,48,1
clan_7449,clan_17247,57,48,1
clan_31179,clan_11188,57,48,1
clan_37451,clan_40860,57,48,1
clan_20104,clan_483,57,48,1
clan_25897,clan_10285,57,48,1
clan_27977,clan_24289,57,48,1
clan_34462,clan_46159,57,48,1
clan_952,clan_805,57,48,1
clan_30282,clan_8903,57,48,1
clan_48348,clan_1169,57,48,1
clan_44550,clan_33209,57,48,1
clan_11308,clan_17563,57,48,1
clan_46301,clan_31548,57,48,1
clan_388,clan_1318,57,48,1
clan_43873,clan_43549,57,48,1
clan_45353,clan_11391,57,48,1
clan_40409,clan_43325,57,48,1
clan_35731,clan_7930,57,48,1
clan_5516,clan_14811,57,48,1
clan_3422,clan_19702,57,48,1
clan_2841,clan_25614,57,48,1
clan_31583,clan_3346,57,48,1
clan_949,clan_775,57,48,1
clan_1815,clan_44065,57,48,1
clan_20517,clan_17243,57,48,1
clan_45008,clan_39558,57,48,1
clan_47143,clan_16113,57,48,1
clan_436,clan_46576,57,48,1
clan_26450,clan_38412,57,48,1
clan_27270,clan_28453,57,48,1
clan_32989,clan_35374,57,48,1
clan_40090,clan_40402,57,48,1
clan_45610,clan_1920,57,48,1
clan_16581,clan_43849,57,48,1
clan_35869,clan_26911,57,48,1
clan_3757,clan_34526,57,48,1
clan_23972,clan_4659,57,48,1
clan_93,clan_90,57,48,1
clan_11027,clan_23647,57,48,1
clan_20352,clan_12014,57,48,1
clan_40950,clan_35486,57,48,1
clan_45468,clan_47510,57,48,1
clan_4070,clan_34351,57,48,1
clan_6062,clan_7026,57,48,1
clan_46625,clan_1782,57,48,1
clan_80,clan_42503,57,48,1
clan_36618,clan_31016,57,48,1
clan_46486,clan_42207,57,48,1
clan_13336,clan_37150,57,48,1
clan_36086,clan_11888,57,48,1
clan_20955,clan_15279,57,48,1
clan_2801,clan_21396,57,48,1
clan_40194,clan_40891,57,48,1
clan_21952,clan_12826,57,48,1
clan_38500,clan_15381,57,48,1
clan_37489,clan_28720,57,48,1
clan_40686,clan_43330,57,48,1
clan_36558,clan_428,57,48,1
clan_45475,clan_43357,57,48,1
clan_10110,clan_27239,57,48,1
clan_47413,clan_34197,57,48,1
clan_45083,clan_16308,57,48,1
clan_31579,clan_46809,57,48,1
clan_45051,clan_46922,57,48,1
clan_10619,clan_33324,57,48,1
clan_10526,clan_4564,57,48,1
clan_45357,clan_47683,57,48,1
clan_35328,clan_44552,57,48,1
clan_16198,clan_33845,57,48,1
clan_23894,clan_28599,57,48,1
clan_38485,clan_38005,57,48,1
clan_45771,clan_6370,57,48,1
clan_39863,clan_27018,57,48,1
clan_44900,clan_31928,57,48,1
clan_2134,clan_44910,57,48,1
clan_828,clan_92,57,48,1
clan_41396,clan_31520,57,48,1
clan_30740,clan_22547,57,48,1
clan_11181,clan_33444,57,48,1
clan_8216,clan_15620,57,48,1
clan_26704,clan_37924,57,48,1
clan_46505,clan_33277,57,48,1
clan_20598,clan_26815,57,48,1
clan_11844,clan_12164,57,48,1
clan_20292,clan_21354,57,48,1
clan_37195,clan_12114,57,48,1
clan_16782,clan_24790,57,48,1
clan_37436,clan_13103,57,48,1
clan_38462,clan_37437,57,48,1
clan_14924,clan_42312,57,48,1
clan_18600,clan_4936,57,48,1
clan_48052,clan_40109,57,48,1
clan_192,clan_2192,57,48,1
clan_41316,clan_2242,57,48,1
clan_23794,clan_27185,57,48,1
clan_867,clan_36349,57,48,1
clan_419,clan_48499,57,48,1
clan_36489,clan_15194,57,48,1
clan_27140,clan_21207,57,48,1
clan_24913,clan_34859,57,48,1
clan_13540,clan_2685,57,48,1
clan_31189,clan_23223,57,48,1
clan_22106,clan_39119,57,48,1
clan_27790,clan_31230,57,48,1
clan_48017,clan_45929,57,48,1
clan_37593,clan_32158,57,48,1
clan_7923,clan_28917,57,48,1
clan_18814,clan_21141,57,48,1
clan_2146,clan_46751,57,48,1
clan_14073,clan_31965,57,48,1
clan_20580,clan_15488,57,48,1
clan_31562,clan_39551,57,48,1
clan_46650,clan_2245,57,48,1
clan_25292,clan_20037,57,48,1
clan_2256,clan_41098,57,48,1
clan_2531,clan_4533,57,48,1
clan_35445,clan_39979,57,48,1
clan_46479,clan_37347,57,48,1
clan_14852,clan_30104,57,48,1
clan_34936,clan_41297,57,48,1
clan_35935,clan_18594,57,48,1
clan_12501,clan_10279,57,48,1
clan_39368,clan_34003,57,48,1
clan_1070,clan_43088,57,48,1
clan_48429,clan_46168,57,48,1
clan_20211,clan_32190,57,48,1
clan_13261,clan_38081,57,48,1
clan_37934,clan_39334,57,48,1
clan_43275,clan_1361,57,48,1
clan_47423,clan_47979,57,49,1
clan_1124,clan_1216,57,51,1
clan_47142,clan_308,57,51,1
clan_2232,clan_43831,57,54,1
clan_1228,clan_1353,57,54,1
clan_36085,clan_46039,57,66,2
clan_42258,clan_12167,58,9,1
clan_1919,clan_14362,58,13,1
clan_12534,clan_11992,58,14,1
clan_33418,clan_10004,58,15,1
clan_21930,clan_2877,58,16,1
clan_4557,clan_16350,58,17,1
clan_29813,clan_17120,58,17,1
clan_4299,clan_6780,58,18,1
clan_5128,clan_13233,58,19,1
clan_36261,clan_29671,58,20,1
clan_35289,clan_23002,58,21,1
clan_11091,clan_20859,58,21,1
clan_40570,clan_32254,58,21,1
clan_13400,clan_10376,58,21,1
clan_3339,clan_10807,58,22,1
clan_4618,clan_12108,58,22,1
clan_13797,clan_7300,58,22,1
clan_34221,clan_18004,58,24,1
clan_7742,clan_8842,58,24,1
clan_1453,clan_45385,58,24,1
clan_27873,clan_8668,58,24,1
clan_18634,clan_22401,58,24,1
clan_6857,clan_22905,58,24,1
clan_25874,clan_12911,58,25,1
clan_8517,clan_9584,58,25,1
clan_14187,clan_12945,58,26,1
clan_3541,clan_11280,58,26,1
clan_3717,clan_5191,58,26,1
clan_4785,clan_17254,58,26,1
clan_33292,clan_21856,58,26,1
clan_6006,clan_12853,58,26,1
clan_1785,clan_43926,58,26,1
clan_41083,clan_25128,58,27,1
clan_7941,clan_25819,58,27,1
clan_33764,clan_8255,58,27,1
clan_18994,clan_11773,58,27,1
clan_39412,clan_9132,58,27,1
clan_16251,clan_4387,58,28,1
clan_7306,clan_3388,58,28,1
clan_12459,clan_15019,58,28,1
clan_25577,clan_10911,58,28,1
clan_6391,clan_19153,58,28,1
clan_39459,clan_16299,58,29,1
clan_11640,clan_15615,58,29,1
clan_43257,clan_33407,58,29,1
clan_18145,clan_14324,58,30,1
clan_28386,clan_18153,58,30,1
clan_32734,clan_40741,58,30,1
clan_18103,clan_625,58,30,1
clan_19765,clan_9748,58,30,1
clan_2730,clan_10029,58,31,1
clan_37315,clan_1608,58,31,1
clan_5618,clan_7096,58,31,1
clan_10398,clan_18683,58,31,1
clan_19617,clan_10924,58,32,1
clan_31985,clan_8568,58,32,1
clan_20217,clan_26801,58,32,1
clan_43093,clan_41592,58,33,1
clan_24336,clan_16390,58,33,1
clan_7543,clan_26278,58,33,1
clan_23064,clan_286,58,33,1
clan_43117,clan_16484,58,33,1
clan_24862,clan_28709,58,34,1
clan_31778,clan_36909,58,34,1
clan_4609,clan_21569,58,35,1
clan_41037,clan_38599,58,35,1
clan_40694,clan_33653,58,35,1
clan_16797,clan_14994,58,35,1
clan_21747,clan_3032,58,36,1
clan_39243,clan_41148,58,36,1
clan_292,clan_45240,58,36,1
clan_17624,clan_13189,58,36,1
clan_35162,clan_13971,58,36,1
clan_25905,clan_3055,58,36,1
clan_14348,clan_11380,58,37,1
clan_13322,clan_8616,58,38,1
clan_14152,clan_10067,58,38,1
clan_6291,clan_30739,58,38,1
clan_22356,clan_8772,58,38,1
clan_23883,clan_27192,58,38,1
clan_18602,clan_10978,58,40,1
clan_23309,clan_26994,58,40,1
clan_30969,clan_17792,58,41,1
clan_42110,clan_40713,58,41,1
clan_12679,clan_14863,58,42,1
clan_41876,clan_45402,58,42,1
clan_24079,clan_35,58,42,1
clan_26784,clan_13452,58,42,1
clan_39584,clan_16763,58,42,1
clan_14193,clan_14979,58,42,1
clan_956,clan_614,58,45,1
clan_737,clan_1162,58,76,2
clan_47869,clan_46657,59,15,1
clan_1755,clan_14078,59,15,1
clan_8039,clan_8254,59,16,1
clan_19265,clan_16543,59,18,1
clan_29061,clan_23565,59,18,1
clan_10710,clan_9107,59,19,1
clan_16437,clan_20839,59,19,1
clan_5887,clan_5377,59,20,1
clan_41383,clan_28120,59,21,1
clan_38159,clan_16727,59,21,1
clan_39258,clan_4165,59,21,1
clan_23931,clan_6159,59,21,1
clan_44608,clan_44573,59,21,1
clan_44292,clan_31238,59,22,1
clan_39974,clan_33753,59,23,1
clan_21272,clan_25760,59,23,1
clan_16420,clan_3372,59,23,1
clan_22821,clan_5538,59,23,1
clan_13682,clan_5896,59,23,1
clan_21772,clan_27345,59,23,1
clan_28441,clan_3612,59,23,1
clan_28710,clan_15527,59,23,1
clan_47991,clan_46693,59,24,1
clan_15996,clan_2340,59,24,1
clan_20625,clan_2507,59,24,1
clan_14275,clan_8730,59,24,1
clan_1763,clan_19584,59,24,1
clan_11775,clan_11885,59,25,1
clan_5331,clan_19198,59,25,1
clan_19146,clan_11079,59,25,1
clan_23744,clan_20146,59,26,1
clan_14249,clan_11753,59,26,1
clan_47739,clan_17544,59,26,1
clan_41901,clan_31224,59,26,1
clan_25826,clan_28367,59,26,1
clan_22604,clan_9705,59,26,1
clan_38103,clan_21693,59,26,1
clan_17664,clan_9877,59,26,1
clan_44930,clan_46123,59,26,1
clan_17774,clan_28885,59,27,1
clan_23088,clan_17765,59,27,1
clan_5197,clan_2952,59,27,1
clan_38305,clan_34574,59,27,1
clan_23534,clan_8164,59,27,1
clan_14227,clan_21936,59,27,1
clan_24499,clan_19867,59,27,1
clan_45592,clan_42651,59,27,1
clan_17752,clan_29550,59,27,1
clan_47438,clan_43995,59,27,1
clan_24816,clan_26554,59,28,1
clan_24578,clan_12038,59,28,1
clan_3368,clan_17343,59,29,1
clan_11482,clan_12775,59,29,1
clan_19071,clan_29256,59,29,1
clan_12701,clan_18110,59,29,1
clan_23468,clan_36908,59,29,1
clan_30401,clan_29716,59,29,1
clan_14291,clan_17223,59,29,1
clan_14124,clan_24303,59,29,1
clan_28274,clan_2656,59,29,1
clan_3016,clan_4682,59,29,1
clan_46632,clan_30182,59,30,1
clan_30972,clan_46335,59,30,1
clan_23731,clan_8316,59,30,1
clan_26982,clan_19763,59,30,1
clan_21942,clan_28498,59,30,1
clan_7840,clan_42221,59,30,1
clan_36687,clan_12416,59,30,1
clan_30083,clan_7641,59,30,1
clan_44726,clan_42872,59,30,1
clan_10696,clan_15059,59,30,1
clan_8640,clan_3285,59,30,1
clan_12803,clan_30130,59,30,1
clan_45106,clan_29926,59,30,1
clan_47985,clan_47508,59,30,1
clan_14013,clan_20858,59,30,1
clan_45699,clan_13106,59,30,1
clan_17024,clan_18537,59,31,1
clan_3449,clan_12342,59,31,1
clan_18230,clan_31879,59,31,1
clan_38653,clan_38707,59,31,1
clan_25651,clan_14196,59,31,1
clan_22264,clan_8004,59,31,1
clan_22902,clan_17396,59,32,1
clan_33951,clan_42264,59,32,1
clan_32582,clan_18200,59,32,1
clan_33443,clan_44005,59,32,1
clan_44861,clan_34055,59,32,1
clan_14781,clan_2410,59,32,1
clan_12198,clan_27017,59,32,1
clan_40836,clan_46471,59,32,1
clan_19895,clan_18667,59,32,1
clan_3281,clan_34558,59,32,1
clan_40714,clan_45589,59,32,1
clan_4074,clan_35367,59,32,1
clan_33987,clan_19831,59,32,1
clan_22610,clan_24225,59,33,1
clan_40367,clan_22050,59,33,1
clan_47328,clan_34000,59,33,1
clan_26730,clan_22551,59,33,1
clan_48501,clan_33915,59,33,1
clan_39408,clan_26268,59,33,1
clan_42457,clan_30961,59,33,1
clan_23889,clan_35016,59,33,1
clan_38111,clan_12810,59,33,1
clan_16987,clan_25932,59,33,1
clan_4744,clan_42765,59,33,1
clan_36882,clan_41284,59,33,1
clan_7002,clan_16793,59,33,1
clan_24786,clan_3378,59,33,1
clan_31291,clan_8759,59,33,1
clan_38763,clan_15191,59,33,1
clan_20774,clan_8378,59,33,1
clan_8090,clan_25711,59,33,1
clan_30971,clan_8224,59,33,1
clan_5333,clan_6692,59,33,1
clan_28034,clan_30373,59,33,1
clan_21156,clan_10341,59,33,1
clan_11369,clan_10225,59,33,1
clan_36438,clan_5034,59,33,1
clan_41982,clan_16124,59,33,1
clan_47844,clan_12266,59,33,1
clan_20328,clan_8064,59,33,1
clan_3625,clan_7177,59,34,1
clan_22925,clan_18205,59,34,1
clan_35428,clan_15286,59,34,1
clan_8877,clan_29107,59,34,1
clan_20632,clan_12042,59,34,1
clan_46604,clan_46981,59,34,1
clan_41149,clan_47277,59,34,1
clan_32772,clan_16407,59,35,1
clan_19057,clan_41803,59,35,1
clan_28675,clan_3557,59,35,1
clan_43618,clan_12891,59,35,1
clan_44713,clan_48064,59,35,1
clan_4807,clan_18041,59,35,1
clan_6619,clan_20578,59,35,1
clan_45670,clan_33231,59,35,1
clan_10394,clan_21436,59,35,1
clan_9494,clan_24827,59,35,1
clan_37002,clan_19063,59,35,1
clan_31441,clan_14086,59,35,1
clan_36548,clan_29834,59,35,1
clan_42770,clan_38910,59,35,1
clan_28282,clan_15750,59,35,1
clan_41299,clan_38958,59,36,1
clan_528,clan_39654,59,36,1
clan_40382,clan_22534,59,36,1
clan_26592,clan_10644,59,36,1
clan_47266,clan_41948,59,36,1
clan_40728,clan_36210,59,36,1
clan_45747,clan_1380,59,36,1
clan_8459,clan_10249,59,36,1
clan_20393,clan_28731,59,36,1
clan_36711,clan_34312,59,36,1
clan_40752,clan_44455,59,36,1
clan_17443,clan_8306,59,36,1
clan_2809,clan_10072,59,36,1
clan_34361,clan_2129,59,36,1
clan_11392,clan_14166,59,36,1
clan_19803,clan_14933,59,36,1
clan_18087,clan_20702,59,36,1
clan_23397,clan_24579,59,36,1
clan_17919,clan_12622,59,36,1
clan_42672,clan_40801,59,36,1
clan_39445,clan_40849,59,36,1
clan_34252,clan_37710,59,36,1
clan_18643,clan_3017,59,36,1
clan_46886,clan_45978,59,37,1
clan_3292,clan_19574,59,38,1
clan_13701,clan_13155,59,38,1
clan_38066,clan_42257,59,38,1
clan_18387,clan_7962,59,38,1
clan_23612,clan_7988,59,38,1
clan_36698,clan_31368,59,38,1
clan_24067,clan_13614,59,38,1
clan_37189,clan_14307,59,38,1
clan_25941,clan_22578,59,38,1
clan_10595,clan_1644,59,39,1
clan_47566,clan_37773,59,39,1
clan_40061,clan_32348,59,39,1
clan_37706,clan_33096,59,39,1
clan_16910,clan_33147,59,39,1
clan_4185,clan_21611,59,39,1
clan_32011,clan_25109,59,39,1
clan_28413,clan_15599,59,39,1
clan_32308,clan_34713,59,39,1
clan_48015,clan_37052,59,39,1
clan_46384,clan_48318,59,39,1
clan_43922,clan_34644,59,39,1
clan_43163,clan_41800,59,39,1
clan_25243,clan_16009,59,39,1
clan_2619,clan_29053,59,39,1
clan_18911,clan_5146,59,39,1
clan_27843,clan_34828,59,39,1
clan_36865,clan_6102,59,39,1
clan_45075,clan_40069,59,39,1
clan_40782,clan_33766,59,39,1
clan_43782,clan_43937,59,39,1
clan_46564,clan_7595,59,39,1
clan_29867,clan_7553,59,39,1
clan_18383,clan_18097,59,39,1
clan_3847,clan_17180,59,39,1
clan_695,clan_9126,59,39,1
clan_44877,clan_35602,59,39,1
clan_36220,clan_38555,59,39,1
clan_20000,clan_4200,59,39,1
clan_35663,clan_34391,59,41,1
clan_9125,clan_15704,59,41,1
clan_36145,clan_14832,59,41,1
clan_39073,clan_30995,59,41,1
clan_25035,clan_40965,59,41,1
clan_39564,clan_44682,59,42,1
clan_48548,clan_44809,59,42,1
clan_14090,clan_26207,59,42,1
clan_4442,clan_26825,59,42,1
clan_41367,clan_15851,59,42,1
clan_44752,clan_26618,59,42,1
clan_42768,clan_39405,59,42,1
clan_718,clan_1987,59,42,1
clan_23278,clan_1624,59,42,1
clan_41119,clan_37021,59,42,1
clan_30213,clan_30967,59,42,1
clan_22411,clan_21480,59,42,1
clan_28213,clan_2545,59,42,1
clan_32136,clan_41114,59,42,1
clan_9826,clan_18980,59,42,1
clan_26824,clan_30168,59,42,1
clan_22039,clan_42386,59,42,1
clan_31110,clan_18374,59,42,1
clan_39280,clan_31031,59,42,1
clan_2527,clan_36474,59,42,1
clan_48520,clan_40461,59,42,1
clan_15789,clan_4795,59,42,1
clan_4071,clan_11957,59,42,1
clan_16968,clan_15506,59,42,1
clan_43738,clan_48030,59,45,1
clan_41091,clan_47331,59,45,1
clan_28583,clan_13975,60,7,1
clan_26341,clan_2975,60,9,1
clan_30885,clan_2607,60,12,1
clan_6289,clan_4913,60,14,1
clan_23071,clan_5432,60,15,1
clan_26267,clan_10446,60,15,1
clan_29203,clan_25609,60,17,1
clan_16963,clan_18239,60,18,1
clan_28229,clan_9614,60,18,1
clan_20112,clan_22695,60,18,1
clan_13942,clan_19181,60,18,1
clan_30159,clan_20158,60,18,1
clan_5467,clan_4639,60,18,1
clan_15196,clan_17242,60,18,1
clan_9677,clan_30876,60,18,1
clan_19294,clan_32347,60,18,1
clan_22130,clan_16924,60,19,1
clan_16545,clan_36025,60,20,1
clan_2863,clan_4279,60,21,1
clan_45012,clan_3003,60,21,1
clan_37203,clan_15545,60,21,1
clan_32519,clan_12309,60,22,1
clan_16169,clan_31235,60,22,1
clan_45391,clan_31649,60,22,1
clan_33568,clan_31852,60,22,1
clan_35322,clan_17140,60,23,1
clan_15769,clan_20826,60,23,1
clan_2176,clan_47704,60,23,1
clan_13125,clan_10976,60,24,1
clan_46946,clan_45527,60,24,1
clan_29217,clan_13354,60,24,1
clan_5899,clan_23853,60,24,1
clan_18926,clan_9456,60,24,1
clan_28563,clan_26186,60,24,1
clan_19455,clan_22485,60,24,1
clan_34189,clan_42396,60,24,1
clan_37620,clan_7297,60,24,1
clan_17451,clan_27034,60,24,1
clan_22036,clan_9800,60,24,1
clan_9219,clan_2655,60,24,1
clan_11807,clan_29496,60,24,1
clan_22494,clan_11654,60,24,1
clan_4205,clan_12700,60,24,1
clan_27690,clan_4979,60,24,1
clan_9384,clan_22180,60,24,1
clan_3103,clan_7434,60,24,1
clan_3183,clan_23212,60,24,1
clan_35872,clan_28759,60,25,1
clan_46786,clan_42411,60,25,1
clan_25314,clan_7039,60,26,1
clan_42657,clan_13443,60,26,1
clan_32564,clan_5264,60,26,1
clan_4426,clan_9924,60,26,1
clan_24789,clan_25099,60,26,1
clan_34060,clan_41407,60,26,1
clan_25532,clan_3550,60,26,1
clan_26299,clan_14122,60,26,1
clan_17455,clan_33177,60,26,1
clan_28832,clan_38666,60,26,1
clan_41321,clan_23354,60,26,1
clan_36165,clan_6098,60,26,1
clan_31341,clan_16132,60,26,1
clan_16270,clan_9388,60,26,1
clan_2210,clan_47315,60,27,1
clan_35834,clan_5762,60,27,1
clan_34853,clan_3054,60,27,1
clan_17883,clan_7640,60,27,1
clan_27229,clan_12247,60,27,1
clan_32195,clan_38303,60,27,1
clan_30545,clan_36122,60,27,1
clan_15938,clan_6101,60,27,1
clan_23166,clan_3761,60,27,1
clan_22648,clan_11527,60,27,1
clan_44024,clan_40928,60,27,1
clan_20312,clan_7584,60,27,1
clan_18190,clan_23973,60,27,1
clan_41721,clan_19595,60,27,1
clan_35458,clan_34376,60,27,1
clan_47880,clan_1798,60,27,1
clan_11910,clan_10127,60,27,1
clan_18792,clan_9883,60,28,1
clan_26900,clan_10712,60,28,1
clan_38035,clan_31257,60,28,1
clan_34714,clan_28825,60,29,1
clan_44634,clan_37121,60,29,1
clan_37649,clan_39131,60,29,1
clan_40826,clan_38375,60,29,1
clan_12498,clan_15445,60,29,1
clan_37246,clan_46322,60,29,1
clan_21355,clan_2318,60,29,1
clan_23351,clan_17632,60,29,1
clan_35924,clan_46702,60,29,1
clan_26890,clan_14553,60,29,1
clan_4675,clan_14802,60,29,1
clan_11431,clan_11998,60,29,1
clan_11400,clan_21494,60,29,1
clan_26728,clan_31993,60,29,1
clan_43479,clan_38154,60,29,1
clan_20852,clan_20098,60,29,1
clan_33171,clan_36200,60,29,1
clan_39882,clan_34333,60,30,1
clan_36154,clan_27427,60,30,1
clan_13027,clan_24241,60,30,1
clan_8401,clan_14528,60,30,1
clan_21932,clan_8646,60,30,1
clan_4779,clan_13035,60,30,1
clan_21097,clan_18006,60,30,1
clan_5784,clan_18000,60,30,1
clan_46344,clan_47797,60,30,1
clan_29750,clan_20396,60,30,1
clan_39420,clan_22775,60,30,1
clan_13720,clan_20338,60,30,1
clan_41268,clan_41910,60,30,1
clan_5853,clan_4209,60,30,1
clan_47715,clan_45269,60,30,1
clan_11616,clan_37550,60,30,1
clan_35913,clan_3906,60,30,1
clan_35477,clan_13112,60,30,1
clan_46543,clan_26751,60,30,1
clan_33930,clan_31800,60,30,1
clan_32074,clan_38792,60,30,1
clan_16262,clan_20966,60,30,1
clan_20968,clan_26517,60,30,1
clan_7259,clan_28715,60,30,1
clan_15456,clan_26387,60,30,1
clan_12770,clan_16213,60,30,1
clan_37562,clan_20190,60,30,1
clan_45421,clan_33542,60,30,1
clan_47303,clan_44004,60,30,1
clan_19884,clan_15655,60,30,1
clan_14017,clan_22632,60,30,1
clan_20612,clan_9439,60,30,1
clan_28434,clan_26120,60,30,1
clan_9232,clan_12115,60,30,1
clan_31226,clan_27144,60,30,1
clan_15192,clan_14880,60,30,1
clan_30900,clan_1078,60,30,1
clan_28794,clan_6671,60,30,1
clan_36452,clan_25668,60,30,1
clan_31161,clan_31471,60,30,1
clan_29582,clan_9664,60,30,1
clan_30430,clan_14936,60,30,1
clan_19760,clan_14499,60,30,1
clan_30755,clan_23120,60,30,1
clan_40340,clan_35012,60,30,1
clan_12302,clan_23335,60,31,1
clan_40468,clan_45769,60,31,1
clan_19439,clan_27765,60,31,1
clan_13344,clan_44725,60,31,1
clan_7252,clan_8701,60,31,1
clan_35183,clan_36817,60,31,1
clan_4439,clan_14438,60,31,1
clan_10873,clan_9647,60,31,1
clan_21040,clan_29916,60,32,1
clan_40603,clan_23964,60,32,1
clan_39849,clan_35047,60,32,1
clan_20942,clan_7055,60,32,1
clan_47509,clan_25469,60,32,1
clan_41989,clan_23831,60,32,1
clan_18035,clan_15148,60,32,1
clan_25816,clan_22518,60,32,1
clan_15987,clan_22085,60,32,1
clan_26968,clan_15642,60,32,1
clan_17876,clan_30461,60,32,1
clan_29511,clan_1269,60,32,1
clan_1173,clan_35601,60,32,1
clan_8819,clan_5212,60,32,1
clan_17801,clan_8630,60,32,1
clan_12894,clan_2956,60,32,1
clan_331,clan_12392,60,32,1
clan_15132,clan_7838,60,32,1
clan_39257,clan_44832,60,32,1
clan_30572,clan_33133,60,32,1
clan_38592,clan_44217,60,32,1
clan_43960,clan_1534,60,32,1
clan_17937,clan_30194,60,32,1
clan_24192,clan_6160,60,32,1
clan_29698,clan_21830,60,32,1
clan_34135,clan_25720,60,32,1
clan_9814,clan_42801,60,33,1
clan_19266,clan_12521,60,33,1
clan_8727,clan_30973,60,33,1
clan_4513,clan_14282,60,33,1
clan_39449,clan_35481,60,33,1
clan_18803,clan_12636,60,33,1
clan_11879,clan_6459,60,33,1
clan_35567,clan_31825,60,33,1
clan_18379,clan_14650,60,33,1
clan_15187,clan_7648,60,33,1
clan_15149,clan_39625,60,33,1
clan_42725,clan_47249,60,33,1
clan_39489,clan_20860,60,33,1
clan_21656,clan_23233,60,33,1
clan_36649,clan_29403,60,33,1
clan_7280,clan_14962,60,33,1
clan_24136,clan_26636,60,33,1
clan_27408,clan_20506,60,33,1
clan_8673,clan_5685,60,33,1
clan_2008,clan_17682,60,33,1
clan_38840,clan_22428,60,33,1
clan_16972,clan_20519,60,33,1
clan_43175,clan_39668,60,33,1
clan_32218,clan_26297,60,33,1
clan_28702,clan_7378,60,33,1
clan_10510,clan_15404,60,33,1
clan_47112,clan_46176,60,33,1
clan_45466,clan_40002,60,33,1
clan_46957,clan_39325,60,33,1
clan_15698,clan_28703,60,33,1
clan_22274,clan_12904,60,33,1
clan_36940,clan_40486,60,33,1
clan_32726,clan_35226,60,33,1
clan_623,clan_31564,60,33,1
clan_44156,clan_29514,60,33,1
clan_28184,clan_8491,60,33,1
clan_47610,clan_47776,60,33,1
clan_20536,clan_6639,60,33,1
clan_8781,clan_3817,60,33,1
clan_11864,clan_20065,60,33,1
clan_8503,clan_8864,60,33,1
clan_1684,clan_10015,60,33,1
clan_28333,clan_34223,60,33,1
clan_44554,clan_42195,60,33,1
clan_46169,clan_41275,60,33,1
clan_21463,clan_3731,60,33,1
clan_38196,clan_25594,60,33,1
clan_5982,clan_9143,60,33,1
clan_37565,clan_41204,60,33,1
clan_27414,clan_7392,60,33,1
clan_22971,clan_8275,60,33,1
clan_11763,clan_2578,60,33,1
clan_27063,clan_36506,60,33,1
clan_43429,clan_43502,60,33,1
clan_48005,clan_43630,60,33,1
clan_26444,clan_36554,60,33,1
clan_13992,clan_7549,60,33,1
clan_29950,clan_19449,60,33,1
clan_42133,clan_41203,60,33,1
clan_35846,clan_1923,60,33,1
clan_42542,clan_41245,60,33,1
clan_20003,clan_18569,60,33,1
clan_13803,clan_46473,60,33,1
clan_6828,clan_20193,60,33,1
clan_40178,clan_40336,60,33,1
clan_15778,clan_15330,60,33,1
clan_2352,clan_14497,60,33,1
clan_28919,clan_32574,60,34,1
clan_19331,clan_12906,60,34,1
clan_27295,clan_12637,60,34,1
clan_30126,clan_14236,60,34,1
clan_14641,clan_26974,60,34,1
clan_29617,clan_17122,60,34,1
clan_7652,clan_21615,60,35,1
clan_14496,clan_23033,60,35,1
clan_42698,clan_47412,60,35,1
clan_15497,clan_16985,60,35,1
clan_359,clan_7759,60,35,1
clan_27555,clan_31500,60,35,1
clan_39072,clan_13390,60,35,1
clan_29943,clan_17387,60,35,1
clan_34314,clan_29321,60,35,1
clan_26526,clan_18011,60,35,1
clan_20757,clan_8954,60,35,1
clan_23069,clan_22190,60,35,1
clan_47442,clan_47395,60,35,1
clan_28479,clan_19810,60,35,1
clan_42209,clan_11843,60,35,1
clan_35861,clan_26137,60,35,1
clan_9062,clan_23310,60,35,1
clan_20383,clan_14875,60,35,1
clan_27785,clan_11803,60,35,1
clan_29859,clan_30537,60,35,1
clan_26091,clan_23360,60,35,1
clan_35416,clan_16533,60,35,1
clan_10987,clan_23424,60,35,1
clan_44384,clan_29384,60,35,1
clan_38038,clan_8030,60,35,1
clan_5881,clan_35950,60,35,1
clan_10002,clan_10269,60,36,1
clan_36338,clan_35835,60,36,1
clan_40225,clan_25167,60,36,1
clan_5614,clan_33962,60,36,1
clan_6318,clan_18411,60,36,1
clan_45692,clan_43434,60,36,1
clan_37319,clan_40062,60,36,1
clan_21153,clan_27651,60,36,1
clan_29193,clan_37020,60,36,1
clan_33953,clan_27634,60,36,1
clan_12746,clan_9822,60,36,1
clan_15411,clan_15741,60,36,1
clan_47989,clan_28705,60,36,1
clan_30780,clan_17871,60,36,1
clan_46885,clan_46970,60,36,1
clan_33073,clan_14173,60,36,1
clan_37115,clan_1850,60,36,1
clan_32087,clan_28596,60,36,1
clan_22703,clan_34951,60,36,1
clan_48230,clan_37221,60,36,1
clan_19907,clan_14378,60,36,1
clan_31072,clan_35563,60,36,1
clan_44223,clan_36746,60,36,1
clan_17135,clan_14415,60,36,1
clan_32290,clan_9535,60,36,1
clan_25214,clan_9656,60,36,1
clan_29381,clan_758,60,36,1
clan_38730,clan_22042,60,36,1
clan_29719,clan_40543,60,36,1
clan_35759,clan_32489,60,36,1
clan_16217,clan_15657,60,36,1
clan_10167,clan_27499,60,36,1
clan_37198,clan_24146,60,36,1
clan_34057,clan_42615,60,36,1
clan_957,clan_41867,60,36,1
clan_8113,clan_7119,60,36,1
clan_14029,clan_4377,60,36,1
clan_41042,clan_26681,60,36,1
clan_39629,clan_46057,60,36,1
clan_37648,clan_27424,60,36,1
clan_8079,clan_29525,60,36,1
clan_11929,clan_15771,60,36,1
clan_39392,clan_31546,60,36,1
clan_29516,clan_23126,60,36,1
clan_41531,clan_27911,60,36,1
clan_26718,clan_9875,60,36,1
clan_2910,clan_29221,60,36,1
clan_32626,clan_27495,60,36,1
clan_27385,clan_24061,60,36,1
clan_48185,clan_47452,60,36,1
clan_11189,clan_2031,60,36,1
clan_33137,clan_27804,60,36,1
clan_39965,clan_39715,60,36,1
clan_1204,clan_180,60,36,1
clan_36307,clan_16977,60,36,1
clan_36068,clan_9515,60,36,1
clan_2751,clan_35662,60,36,1
clan_21145,clan_4472,60,36,1
clan_18827,clan_12787,60,36,1
clan_27119,clan_41252,60,36,1
clan_13239,clan_32947,60,36,1
clan_44771,clan_40189,60,36,1
clan_6043,clan_13134,60,36,1
clan_24390,clan_11656,60,36,1
clan_20727,clan_23432,60,36,1
clan_46545,clan_1495,60,36,1
clan_6054,clan_2617,60,36,1
clan_23138,clan_24524,60,36,1
clan_31611,clan_33595,60,36,1
clan_2260,clan_45763,60,36,1
clan_11846,clan_4735,60,36,1
clan_29498,clan_20991,60,36,1
clan_28974,clan_26318,60,36,1
clan_16504,clan_15970,60,36,1
clan_22607,clan_4708,60,36,1
clan_36194,clan_11902,60,36,1
clan_13864,clan_4973,60,36,1
clan_10687,clan_22248,60,36,1
clan_29172,clan_3582,60,36,1
clan_35776,clan_18979,60,36,1
clan_8287,clan_16222,60,36,1
clan_20327,clan_18878,60,36,1
clan_44978,clan_41464,60,36,1
clan_29153,clan_21509,60,36,1
clan_28041,clan_16787,60,36,1
clan_27493,clan_29360,60,36,1
clan_37542,clan_47367,60,36,1
clan_47965,clan_40161,60,36,1
clan_17260,clan_33878,60,36,1
clan_33879,clan_33865,60,36,1
clan_27614,clan_5709,60,36,1
clan_40421,clan_34701,60,36,1
clan_45857,clan_48517,60,36,1
clan_39277,clan_47113,60,36,1
clan_29768,clan_17893,60,36,1
clan_47455,clan_43706,60,36,1
clan_44645,clan_37707,60,36,1
clan_14221,clan_23037,60,36,1
clan_12816,clan_35025,60,36,1
clan_534,clan_41201,60,36,1
clan_26769,clan_38084,60,36,1
clan_6137,clan_17195,60,36,1
clan_36448,clan_35144,60,36,1
clan_1259,clan_12577,60,36,1
clan_1634,clan_31910,60,36,1
clan_13442,clan_15746,60,36,1
clan_43356,clan_37611,60,36,1
clan_15802,clan_4409,60,36,1
clan_37689,clan_16277,60,36,1
clan_29249,clan_7340,60,36,1
clan_31162,clan_23277,60,36,1
clan_43105,clan_42576,60,36,1
clan_9058,clan_5143,60,36,1
clan_35946,clan_38558,60,36,1
clan_25523,clan_27069,60,36,1
clan_37596,clan_8840,60,36,1
clan_25343,clan_39727,60,36,1
clan_47504,clan_43581,60,36,1
clan_40813,clan_11650,60,36,1
clan_34145,clan_3879,60,36,1
clan_37393,clan_4958,60,36,1
clan_19714,clan_23451,60,36,1
clan_2826,clan_21158,60,36,1
clan_5670,clan_23368,60,36,1
clan_594,clan_41077,60,36,1
clan_34253,clan_15234,60,36,1
clan_44403,clan_32226,60,36,1
clan_44983,clan_1081,60,36,1
clan_6796,clan_22597,60,36,1
clan_37514,clan_19536,60,36,1
clan_7336,clan_25704,60,36,1
clan_19975,clan_4228,60,36,1
clan_30158,clan_33248,60,36,1
clan_46430,clan_35020,60,36,1
clan_43370,clan_41822,60,36,1
clan_31122,clan_21736,60,37,1
clan_13140,clan_22247,60,37,1
clan_37176,clan_26976,60,37,1
clan_14698,clan_36897,60,37,1
clan_32056,clan_25552,60,37,1
clan_40292,clan_23628,60,38,1
clan_7475,clan_31894,60,38,1
clan_33010,clan_24507,60,38,1
clan_36255,clan_11899,60,38,1
clan_1535,clan_47825,60,38,1
clan_44148,clan_42699,60,38,1
clan_15583,clan_22481,60,38,1
clan_15652,clan_10633,60,38,1
clan_15684,clan_7493,60,38,1
clan_31557,clan_21169,60,38,1
clan_34028,clan_25208,60,38,1
clan_12525,clan_18831,60,38,1
clan_41490,clan_28549,60,38,1
clan_12129,clan_16173,60,38,1
clan_23226,clan_10693,60,38,1
clan_40151,clan_5739,60,38,1
clan_26424,clan_8750,60,38,1
clan_43929,clan_118,60,38,1
clan_42907,clan_24386,60,38,1
clan_31697,clan_16381,60,38,1
clan_46229,clan_39289,60,38,1
clan_37320,clan_39925,60,38,1
clan_257,clan_43746,60,38,1
clan_41508,clan_38233,60,38,1
clan_6234,clan_11594,60,38,1
clan_4690,clan_20680,60,38,1
clan_46678,clan_45350,60,38,1
clan_13580,clan_4384,60,38,1
clan_25183,clan_23459,60,38,1
clan_34338,clan_9174,60,38,1
clan_31216,clan_2485,60,38,1
clan_29802,clan_16773,60,38,1
clan_34392,clan_41584,60,38,1
clan_34540,clan_38415,60,38,1
clan_24354,clan_24585,60,38,1
clan_12712,clan_11732,60,38,1
clan_14779,clan_28916,60,38,1
clan_40906,clan_32491,60,38,1
clan_9675,clan_9999,60,38,1
clan_47998,clan_47255,60,38,1
clan_43554,clan_27961,60,38,1
clan_29224,clan_35815,60,38,1
clan_41777,clan_9578,60,38,1
clan_45873,clan_2041,60,38,1
clan_2414,clan_19450,60,38,1
clan_41076,clan_44619,60,38,1
clan_35936,clan_17196,60,38,1
clan_27473,clan_33255,60,39,1
clan_41190,clan_40467,60,39,1
clan_7436,clan_15806,60,39,1
clan_40247,clan_26791,60,39,1
clan_30393,clan_3834,60,39,1
clan_4076,clan_28376,60,39,1
clan_24530,clan_1368,60,39,1
clan_43207,clan_39152,60,39,1
clan_46521,clan_47498,60,39,1
clan_32058,clan_26298,60,39,1
clan_45904,clan_38424,60,39,1
clan_37821,clan_1203,60,39,1
clan_34174,clan_47925,60,39,1
clan_8760,clan_11691,60,39,1
clan_40985,clan_25495,60,39,1
clan_20133,clan_20842,60,39,1
clan_40439,clan_19505,60,39,1
clan_23489,clan_18431,60,39,1
clan_22251,clan_8562,60,39,1
clan_13523,clan_23285,60,39,1
clan_42421,clan_1358,60,39,1
clan_17379,clan_20181,60,39,1
clan_1202,clan_48227,60,39,1
clan_40063,clan_37461,60,39,1
clan_45513,clan_40721,60,39,1
clan_38057,clan_7738,60,39,1
clan_33774,clan_40215,60,39,1
clan_31759,clan_26252,60,39,1
clan_16795,clan_19709,60,39,1
clan_37102,clan_40822,60,39,1
clan_42065,clan_1724,60,39,1
clan_42282,clan_36038,60,39,1
clan_26671,clan_10086,60,39,1
clan_29600,clan_32964,60,39,1
clan_35973,clan_27442,60,39,1
clan_7932,clan_26437,60,39,1
clan_29289,clan_27739,60,39,1
clan_22370,clan_23726,60,39,1
clan_48097,clan_46899,60,39,1
clan_23703,clan_25068,60,39,1
clan_20311,clan_8692,60,39,1
clan_28979,clan_31057,60,39,1
clan_42262,clan_35673,60,39,1
clan_39055,clan_44805,60,39,1
clan_24892,clan_31773,60,39,1
clan_5054,clan_16166,60,39,1
clan_34367,clan_20679,60,39,1
clan_40466,clan_38028,60,39,1
clan_3768,clan_91,60,39,1
clan_4803,clan_9697,60,39,1
clan_44275,clan_34911,60,39,1
clan_31435,clan_33208,60,39,1
clan_41551,clan_21210,60,39,1
clan_9397,clan_22778,60,39,1
clan_36716,clan_36906,60,39,1
clan_48142,clan_38833,60,39,1
clan_21205,clan_4859,60,39,1
clan_21901,clan_27972,60,39,1
clan_47196,clan_46535,60,39,1
clan_20929,clan_13036,60,39,1
clan_26018,clan_9684,60,39,1
clan_37360,clan_42126,60,39,1
clan_47426,clan_45122,60,39,1
clan_1521,clan_32213,60,39,1
clan_38126,clan_28203,60,39,1
clan_38582,clan_19970,60,39,1
clan_43962,clan_47208,60,39,1
clan_45590,clan_48339,60,39,1
clan_28339,clan_15765,60,39,1
clan_32916,clan_45627,60,39,1
clan_46182,clan_31407,60,39,1
clan_44067,clan_45624,60,39,1
clan_20074,clan_17255,60,39,1
clan_26515,clan_13690,60,39,1
clan_38419,clan_40781,60,39,1
clan_44059,clan_33954,60,39,1
clan_32299,clan_37836,60,39,1
clan_45521,clan_46796,60,39,1
clan_30357,clan_30862,60,39,1
clan_42128,clan_40264,60,39,1
clan_26493,clan_13956,60,39,1
clan_25511,clan_32543,60,39,1
clan_7679,clan_17030,60,39,1
clan_36376,clan_46348,60,39,1
clan_47290,clan_47002,60,39,1
clan_46045,clan_33719,60,39,1
clan_24451,clan_20090,60,39,1
clan_25680,clan_10637,60,39,1
clan_47374,clan_742,60,39,1
clan_13516,clan_12059,60,39,1
clan_46519,clan_13424,60,39,1
clan_37892,clan_30697,60,39,1
clan_46686,clan_47381,60,39,1
clan_38839,clan_40211,60,39,1
clan_43249,clan_41089,60,39,1
clan_8246,clan_7503,60,39,1
clan_36340,clan_22756,60,39,1
clan_3461,clan_35120,60,39,1
clan_33677,clan_25174,60,39,1
clan_15366,clan_13500,60,39,1
clan_44357,clan_47816,60,39,1
clan_7778,clan_11491,60,39,1
clan_32438,clan_19776,60,39,1
clan_34420,clan_40378,60,39,1
clan_39460,clan_21543,60,39,1
clan_22776,clan_19406,60,39,1
clan_45113,clan_20687,60,39,1
clan_34049,clan_12163,60,39,1
clan_42019,clan_37533,60,39,1
clan_18700,clan_28940,60,39,1
clan_11296,clan_21351,60,39,1
clan_42445,clan_36065,60,39,1
clan_8091,clan_9599,60,39,1
clan_36336,clan_37857,60,39,1
clan_18716,clan_22280,60,39,1
clan_46892,clan_1718,60,39,1
clan_37362,clan_30300,60,39,1
clan_42459,clan_32868,60,39,1
clan_43103,clan_44813,60,39,1
clan_5255,clan_4482,60,39,1
clan_18845,clan_451,60,39,1
clan_16890,clan_24719,60,39,1
clan_29744,clan_11318,60,39,1
clan_46303,clan_14350,60,39,1
clan_39147,clan_32796,60,39,1
clan_12043,clan_20086,60,39,1
clan_26702,clan_10464,60,39,1
clan_1116,clan_764,60,39,1
clan_19465,clan_8662,60,39,1
clan_29983,clan_23762,60,39,1
clan_34584,clan_42860,60,39,1
clan_38335,clan_18451,60,39,1
clan_21432,clan_41591,60,39,1
clan_20415,clan_30627,60,39,1
clan_29552,clan_4874,60,40,1
clan_31941,clan_21956,60,40,1
clan_18857,clan_27205,60,40,1
clan_20269,clan_15399,60,40,1
clan_4830,clan_35061,60,40,1
clan_1500,clan_41663,60,40,1
clan_47127,clan_45854,60,40,1
clan_17652,clan_5674,60,41,1
clan_17538,clan_42871,60,41,1
clan_47553,clan_45263,60,41,1
clan_45872,clan_2085,60,41,1
clan_35342,clan_37570,60,41,1
clan_46689,clan_39292,60,41,1
clan_38289,clan_29078,60,41,1
clan_41009,clan_35972,60,41,1
clan_11333,clan_31436,60,41,1
clan_18426,clan_9193,60,41,1
clan_38637,clan_23934,60,41,1
clan_20714,clan_11132,60,41,1
clan_40499,clan_17198,60,41,1
clan_43718,clan_46778,60,41,1
clan_29310,clan_24910,60,41,1
clan_39312,clan_44782,60,41,1
clan_37617,clan_33686,60,41,1
clan_20422,clan_14636,60,41,1
clan_13361,clan_10879,60,41,1
clan_1774,clan_44299,60,41,1
clan_43675,clan_1092,60,41,1
clan_48554,clan_47654,60,41,1
clan_25731,clan_20874,60,41,1
clan_29724,clan_7446,60,41,1
clan_37355,clan_9661,60,41,1
clan_47163,clan_1913,60,41,1
clan_38677,clan_19145,60,41,1
clan_10856,clan_28524,60,41,1
clan_18931,clan_6896,60,41,1
clan_31474,clan_38145,60,41,1
clan_9665,clan_26922,60,41,1
clan_20297,clan_36853,60,41,1
clan_40868,clan_37779,60,41,1
clan_43462,clan_47295,60,41,1
clan_12366,clan_31032,60,42,1
clan_43853,clan_42225,60,42,1
clan_43133,clan_47058,60,42,1
clan_13596,clan_5229,60,42,1
clan_38705,clan_28069,60,42,1
clan_41502,clan_15495,60,42,1
clan_23976,clan_3880,60,42,1
clan_46394,clan_40584,60,42,1
clan_1845,clan_47670,60,42,1
clan_28635,clan_46895,60,42,1
clan_38271,clan_42766,60,42,1
clan_36914,clan_25551,60,42,1
clan_991,clan_43274,60,42,1
clan_21607,clan_21431,60,42,1
clan_37251,clan_34962,60,42,1
clan_29282,clan_34427,60,42,1
clan_19856,clan_6604,60,42,1
clan_19673,clan_9809,60,42,1
clan_19355,clan_17553,60,42,1
clan_32467,clan_18652,60,42,1
clan_22890,clan_34417,60,42,1
clan_41052,clan_28105,60,42,1
clan_41350,clan_28433,60,42,1
clan_19289,clan_17184,60,42,1
clan_30888,clan_18637,60,42,1
clan_18780,clan_8511,60,42,1
clan_4544,clan_23256,60,42,1
clan_40621,clan_23526,60,42,1
clan_38406,clan_40568,60,42,1
clan_41576,clan_15150,60,42,1
clan_47457,clan_770,60,42,1
clan_31392,clan_23303,60,42,1
clan_29482,clan_43705,60,42,1
clan_36183,clan_5232,60,42,1
clan_46707,clan_41942,60,42,1
clan_33852,clan_38127,60,42,1
clan_714,clan_1336,60,42,1
clan_39075,clan_4047,60,42,1
clan_31714,clan_14724,60,42,1
clan_35966,clan_28037,60,42,1
clan_41109,clan_42585,60,42,1
clan_8763,clan_27675,60,42,1
clan_9565,clan_14373,60,42,1
clan_26795,clan_24296,60,42,1
clan_22174,clan_34625,60,42,1
clan_14761,clan_20965,60,42,1
clan_39971,clan_36216,60,42,1
clan_2373,clan_3663,60,42,1
clan_33920,clan_12360,60,42,1
clan_44413,clan_46309,60,42,1
clan_1997,clan_1036,60,42,1
clan_7465,clan_25123,60,42,1
clan_24466,clan_44601,60,42,1
clan_28112,clan_40304,60,42,1
clan_34931,clan_40330,60,42,1
clan_36975,clan_43015,60,42,1
clan_27180,clan_6953,60,42,1
clan_33439,clan_12391,60,42,1
clan_38591,clan_42877,60,42,1
clan_27137,clan_22351,60,42,1
clan_31305,clan_5234,60,42,1
clan_6684,clan_15400,60,42,1
clan_36826,clan_4610,60,42,1
clan_44515,clan_48046,60,42,1
clan_703,clan_45022,60,42,1
clan_38211,clan_31129,60,42,1
clan_32149,clan_27455,60,42,1
clan_35954,clan_47246,60,42,1
clan_29774,clan_8961,60,42,1
clan_47497,clan_18159,60,42,1
clan_44461,clan_43294,60,42,1
clan_10172,clan_34634,60,42,1
clan_22881,clan_40816,60,42,1
clan_20245,clan_23857,60,42,1
clan_40780,clan_39252,60,42,1
clan_38896,clan_28251,60,42,1
clan_48336,clan_43304,60,42,1
clan_38898,clan_42035,60,42,1
clan_13514,clan_33134,60,42,1
clan_22948,clan_44468,60,42,1
clan_47057,clan_32556,60,42,1
clan_18285,clan_45182,60,42,1
clan_48417,clan_44199,60,42,1
clan_20421,clan_40839,60,42,1
clan_38486,clan_17395,60,42,1
clan_16585,clan_4092,60,42,1
clan_45097,clan_32808,60,42,1
clan_39155,clan_39544,60,42,1
clan_42690,clan_40309,60,42,1
clan_47134,clan_48248,60,42,1
clan_46022,clan_36504,60,42,1
clan_25770,clan_4968,60,42,1
clan_8006,clan_8059,60,42,1
clan_24479,clan_24071,60,42,1
clan_35336,clan_16887,60,42,1
clan_17593,clan_26623,60,42,1
clan_40736,clan_13329,60,42,1
clan_35852,clan_31127,60,42,1
clan_31559,clan_224,60,42,1
clan_23300,clan_24062,60,42,1
clan_45871,clan_31615,60,42,1
clan_42271,clan_30804,60,42,1
clan_39363,clan_35870,60,42,1
clan_45315,clan_44859,60,42,1
clan_31731,clan_14735,60,42,1
clan_43022,clan_39426,60,42,1
clan_27603,clan_4484,60,42,1
clan_2116,clan_1903,60,42,1
clan_42168,clan_41793,60,42,1
clan_38428,clan_47806,60,42,1
clan_46613,clan_884,60,42,1
clan_43431,clan_47205,60,42,1
clan_2206,clan_43395,60,42,1
clan_38240,clan_34053,60,42,1
clan_38580,clan_29804,60,42,1
clan_13362,clan_39561,60,42,1
clan_42773,clan_39218,60,42,1
clan_10963,clan_11619,60,42,1
clan_36058,clan_35749,60,42,1
clan_19848,clan_23836,60,42,1
clan_37928,clan_25451,60,42,1
clan_41680,clan_27156,60,42,1
clan_11214,clan_32968,60,42,1
clan_14619,clan_28941,60,42,1
clan_18928,clan_25498,60,42,1
clan_45762,clan_48505,60,42,1
clan_34771,clan_22595,60,42,1
clan_17932,clan_26889,60,42,1
clan_36155,clan_37382,60,42,1
clan_38347,clan_21889,60,42,1
clan_46249,clan_46323,60,42,1
clan_28443,clan_44496,60,42,1
clan_35555,clan_19196,60,42,1
clan_33146,clan_6129,60,42,1
clan_31285,clan_45162,60,42,1
clan_15401,clan_8104,60,42,1
clan_45517,clan_29129,60,42,1
clan_48021,clan_43432,60,42,1
clan_26721,clan_13472,60,42,1
clan_18031,clan_28484,60,42,1
clan_44045,clan_42887,60,42,1
clan_7881,clan_29302,60,42,1
clan_13943,clan_27042,60,42,1
clan_16964,clan_32396,60,42,1
clan_2580,clan_4865,60,42,1
clan_34715,clan_16131,60,42,1
clan_26184,clan_29057,60,42,1
clan_37535,clan_18140,60,42,1
clan_23124,clan_18620,60,42,1
clan_17298,clan_14885,60,42,1
clan_37258,clan_20846,60,42,1
clan_47657,clan_46425,60,42,1
clan_44767,clan_22448,60,42,1
clan_21170,clan_9366,60,42,1
clan_20725,clan_14647,60,42,1
clan_3045,clan_26255,60,42,1
clan_25652,clan_3143,60,45,1
clan_18003,clan_46911,60,45,1
clan_45708,clan_48070,60,45,1
clan_1522,clan_37040,60,45,1
clan_32418,clan_6746,60,45,1
clan_688,clan_350,60,45,1
clan_7298,clan_7888,60,45,1
clan_164,clan_18908,60,45,1
clan_10746,clan_21136,60,45,1
clan_10329,clan_9837,60,45,1
clan_11794,clan_34571,60,45,1
clan_17805,clan_2710,60,45,1
clan_21671,clan_20735,60,45,1
clan_7569,clan_33182,60,45,1
clan_40053,clan_35320,60,45,1
clan_38475,clan_23429,60,45,1
clan_43892,clan_27997,60,45,1
clan_6638,clan_23025,60,45,1
clan_27221,clan_21301,60,45,1
clan_42844,clan_31727,60,45,1
clan_40554,clan_41031,60,45,1
clan_19358,clan_37022,60,45,1
clan_34163,clan_22234,60,45,1
clan_37846,clan_28197,60,45,1
clan_34706,clan_37581,60,45,1
clan_46189,clan_39228,60,45,1
clan_7631,clan_16175,60,45,1
clan_43469,clan_28742,60,45,1
clan_22692,clan_28269,60,45,1
clan_17349,clan_26668,60,45,1
clan_16362,clan_30283,60,45,1
clan_37840,clan_37575,60,45,1
clan_47791,clan_11098,60,45,1
clan_8312,clan_1362,60,45,1
clan_23481,clan_18819,60,45,1
clan_46622,clan_39059,60,45,1
clan_32889,clan_34561,60,45,1
clan_39104,clan_599,60,45,1
clan_29747,clan_24813,60,45,1
clan_25605,clan_39443,60,45,1
clan_47914,clan_2222,60,45,1
clan_27124,clan_29262,60,45,1
clan_8695,clan_2972,60,45,1
clan_2561,clan_4453,60,45,1
clan_47364,clan_934,60,45,1
clan_36389,clan_11108,60,45,1
clan_1660,clan_43082,60,45,1
clan_47802,clan_46817,60,45,1
clan_6940,clan_36889,60,45,1
clan_24548,clan_44135,60,45,1
clan_2200,clan_47177,60,45,1
clan_47778,clan_48107,60,45,1
clan_35151,clan_36535,60,45,1
clan_33524,clan_24721,60,45,1
clan_19698,clan_33623,60,45,1
clan_32912,clan_25915,60,45,1
clan_44646,clan_45434,60,45,1
clan_36627,clan_27330,60,45,1
clan_46766,clan_46501,60,45,1
clan_10928,clan_25600,60,45,1
clan_17174,clan_30878,60,45,1
clan_46117,clan_217,60,46,1
clan_1055,clan_1655,60,47,1
clan_46171,clan_45523,60,47,1
clan_44436,clan_43169,60,48,1
clan_1261,clan_807,60,72,2
clan_13533,clan_23997,61,12,1
clan_8923,clan_11331,61,13,1
clan_15931,clan_19437,61,15,1
clan_2544,clan_4173,61,16,1
clan_7806,clan_3601,61,16,1
clan_17065,clan_27916,61,17,1
clan_20698,clan_2692,61,18,1
clan_18093,clan_15691,61,19,1
clan_17033,clan_13686,61,20,1
clan_16431,clan_4311,61,21,1
clan_27781,clan_19515,61,21,1
clan_1418,clan_43192,61,21,1
clan_31821,clan_9754,61,22,1
clan_24439,clan_15701,61,22,1
clan_10934,clan_3180,61,22,1
clan_30849,clan_16492,61,22,1
clan_34767,clan_32590,61,22,1
clan_13990,clan_17013,61,23,1
clan_14464,clan_16552,61,23,1
clan_18069,clan_13123,61,23,1
clan_11868,clan_17224,61,23,1
clan_28503,clan_11905,61,24,1
clan_40852,clan_41112,61,24,1
clan_12605,clan_16189,61,25,1
clan_8835,clan_20377,61,26,1
clan_6362,clan_16550,61,26,1
clan_9792,clan_26369,61,26,1
clan_17750,clan_7282,61,27,1
clan_37358,clan_37966,61,27,1
clan_4421,clan_30044,61,27,1
clan_32774,clan_39928,61,27,1
clan_5312,clan_2891,61,28,1
clan_16048,clan_12990,61,29,1
clan_21797,clan_15975,61,29,1
clan_39746,clan_10678,61,29,1
clan_19157,clan_8808,61,29,1
clan_41157,clan_35414,61,30,1
clan_30853,clan_21244,61,30,1
clan_27733,clan_14874,61,30,1
clan_28128,clan_20584,61,30,1
clan_45602,clan_30989,61,30,1
clan_24531,clan_28565,61,30,1
clan_40473,clan_38358,61,31,1
clan_337,clan_38208,61,31,1
clan_13241,clan_28506,61,31,1
clan_4569,clan_19602,61,31,1
clan_28676,clan_24455,61,32,1
clan_27728,clan_19787,61,32,1
clan_30368,clan_32871,61,32,1
clan_11558,clan_399,61,32,1
clan_27049,clan_33037,61,32,1
clan_36771,clan_23701,61,32,1
clan_23369,clan_2713,61,33,1
clan_2517,clan_12226,61,33,1
clan_15186,clan_11560,61,33,1
clan_7585,clan_9242,61,34,1
clan_29070,clan_3214,61,35,1
clan_5652,clan_28099,61,35,1
clan_17177,clan_15444,61,35,1
clan_18650,clan_7634,61,36,1
clan_39890,clan_40174,61,36,1
clan_46071,clan_44364,61,36,1
clan_8053,clan_38605,61,36,1
clan_45596,clan_44419,61,36,1
clan_32742,clan_18972,61,36,1
clan_47309,clan_37298,61,36,1
clan_4998,clan_3736,61,39,1
clan_314,clan_1661,61,48,1
clan_442,clan_1666,61,76,2
clan_20322,clan_8859,62,5,1
clan_4700,clan_20916,62,8,1
clan_15121,clan_9161,62,12,1
clan_5327,clan_14766,62,13,1
clan_3607,clan_3337,62,15,1
clan_16051,clan_12870,62,15,1
clan_8325,clan_11228,62,17,1
clan_16354,clan_10375,62,17,1
clan_44466,clan_14572,62,17,1
clan_16847,clan_29474,62,17,1
clan_41337,clan_25596,62,18,1
clan_9109,clan_12927,62,19,1
clan_11880,clan_16065,62,20,1
clan_9559,clan_26447,62,20,1
clan_31050,clan_5531,62,20,1
clan_41720,clan_12675,62,20,1
clan_17532,clan_3353,62,20,1
clan_45967,clan_35423,62,21,1
clan_13288,clan_14174,62,21,1
clan_29461,clan_9045,62,21,1
clan_10046,clan_7490,62,21,1
clan_27615,clan_21194,62,21,1
clan_41845,clan_45717,62,21,1
clan_5856,clan_13366,62,22,1
clan_6305,clan_10380,62,22,1
clan_17275,clan_18687,62,22,1
clan_19107,clan_28761,62,22,1
clan_44906,clan_2119,62,22,1
clan_31943,clan_31350,62,22,1
clan_5549,clan_16710,62,22,1
clan_14082,clan_6503,62,23,1
clan_13043,clan_14866,62,23,1
clan_26960,clan_13976,62,24,1
clan_16913,clan_17847,62,24,1
clan_37723,clan_28440,62,24,1
clan_41287,clan_10972,62,24,1
clan_32100,clan_3586,62,24,1
clan_12592,clan_30951,62,24,1
clan_30235,clan_19471,62,24,1
clan_41920,clan_38838,62,24,1
clan_25436,clan_12179,62,24,1
clan_9178,clan_12369,62,24,1
clan_41559,clan_40204,62,25,1
clan_14542,clan_2922,62,25,1
clan_5468,clan_4729,62,25,1
clan_40115,clan_6407,62,25,1
clan_21937,clan_12978,62,26,1
clan_36174,clan_21838,62,26,1
clan_45689,clan_46001,62,26,1
clan_35732,clan_18662,62,26,1
clan_39215,clan_33535,62,27,1
clan_11080,clan_21814,62,27,1
clan_16477,clan_9163,62,27,1
clan_31929,clan_15110,62,27,1
clan_30802,clan_4333,62,27,1
clan_42720,clan_15310,62,27,1
clan_24807,clan_16803,62,27,1
clan_9551,clan_23440,62,27,1
clan_9156,clan_10930,62,27,1
clan_28976,clan_1859,62,27,1
clan_28729,clan_25301,62,27,1
clan_29312,clan_13115,62,28,1
clan_38742,clan_11245,62,28,1
clan_26466,clan_9129,62,28,1
clan_16979,clan_43187,62,28,1
clan_15140,clan_23315,62,28,1
clan_24279,clan_9724,62,28,1
clan_23577,clan_28637,62,29,1
clan_2506,clan_18083,62,29,1
clan_48217,clan_42381,62,29,1
clan_6298,clan_14197,62,29,1
clan_13018,clan_14551,62,29,1
clan_33176,clan_7777,62,29,1
clan_42068,clan_2299,62,30,1
clan_35886,clan_42738,62,30,1
clan_32553,clan_32602,62,30,1
clan_34164,clan_21560,62,30,1
clan_13105,clan_20111,62,30,1
clan_26155,clan_836,62,30,1
clan_10189,clan_2994,62,30,1
clan_36275,clan_40240,62,30,1
clan_39552,clan_29660,62,30,1
clan_33034,clan_16815,62,30,1
clan_37743,clan_36790,62,30,1
clan_31795,clan_6700,62,30,1
clan_20713,clan_8296,62,30,1
clan_20514,clan_33907,62,30,1
clan_35882,clan_16382,62,30,1
clan_31632,clan_10302,62,30,1
clan_38183,clan_43161,62,30,1
clan_32459,clan_18987,62,30,1
clan_27331,clan_8213,62,30,1
clan_47822,clan_38769,62,30,1
clan_46404,clan_43725,62,30,1
clan_17511,clan_22740,62,30,1
clan_26196,clan_34210,62,30,1
clan_46592,clan_45111,62,30,1
clan_40830,clan_10748,62,30,1
clan_43268,clan_47734,62,30,1
clan_32023,clan_38498,62,30,1
clan_35594,clan_33773,62,30,1
clan_4193,clan_17597,62,31,1
clan_28533,clan_30138,62,31,1
clan_10497,clan_24196,62,31,1
clan_44999,clan_37952,62,32,1
clan_46360,clan_47496,62,32,1
clan_8278,clan_15685,62,32,1
clan_33587,clan_4226,62,32,1
clan_48117,clan_2028,62,32,1
clan_40762,clan_38978,62,32,1
clan_2865,clan_3262,62,32,1
clan_36686,clan_33885,62,32,1
clan_17339,clan_8944,62,32,1
clan_33162,clan_14977,62,32,1
clan_15656,clan_14851,62,33,1
clan_37427,clan_40387,62,33,1
clan_38131,clan_34093,62,33,1
clan_29042,clan_7470,62,33,1
clan_27782,clan_14280,62,33,1
clan_15863,clan_33334,62,33,1
clan_8116,clan_6662,62,33,1
clan_16812,clan_35945,62,33,1
clan_46516,clan_30124,62,33,1
clan_33541,clan_30147,62,33,1
clan_41538,clan_37854,62,33,1
clan_9625,clan_9168,62,33,1
clan_34685,clan_9083,62,33,1
clan_23933,clan_30743,62,33,1
clan_25133,clan_19293,62,33,1
clan_2009,clan_43894,62,33,1
clan_2395,clan_11119,62,33,1
clan_34309,clan_44351,62,33,1
clan_36922,clan_12130,62,33,1
clan_32903,clan_13681,62,33,1
clan_39813,clan_9113,62,33,1
clan_24866,clan_9787,62,33,1
clan_35671,clan_16108,62,33,1
clan_40629,clan_33479,62,33,1
clan_46594,clan_116,62,33,1
clan_47983,clan_29164,62,35,1
clan_30236,clan_13488,62,35,1
clan_13165,clan_12192,62,35,1
clan_37673,clan_16417,62,35,1
clan_33300,clan_25058,62,35,1
clan_25565,clan_18695,62,35,1
clan_35511,clan_17027,62,35,1
clan_2007,clan_913,62,35,1
clan_10701,clan_33597,62,35,1
clan_37950,clan_24409,62,36,1
clan_36670,clan_640,62,36,1
clan_21472,clan_17959,62,36,1
clan_31534,clan_22749,62,36,1
clan_22101,clan_7660,62,36,1
clan_39337,clan_43716,62,36,1
clan_46272,clan_42003,62,36,1
clan_21162,clan_17589,62,36,1
clan_19580,clan_16451,62,36,1
clan_13949,clan_4717,62,36,1
clan_19062,clan_16118,62,36,1
clan_38606,clan_8410,62,36,1
clan_7969,clan_21588,62,37,1
clan_8752,clan_29486,62,38,1
clan_12854,clan_13642,62,38,1
clan_46283,clan_22705,62,38,1
clan_9525,clan_23982,62,38,1
clan_18585,clan_38003,62,38,1
clan_44576,clan_41445,62,39,1
clan_7671,clan_3078,62,39,1
clan_11524,clan_20505,62,39,1
clan_46143,clan_27814,62,39,1
clan_48165,clan_8885,62,39,1
clan_46563,clan_2107,62,39,1
clan_46520,clan_41004,62,39,1
clan_43516,clan_27581,62,39,1
clan_47226,clan_47525,62,39,1
clan_37113,clan_13274,62,39,1
clan_41066,clan_44196,62,39,1
clan_32386,clan_35932,62,39,1
clan_27497,clan_17371,62,39,1
clan_1066,clan_1628,62,48,1
clan_583,clan_271,62,51,1
clan_16137,clan_5431,63,11,1
clan_30405,clan_12987,63,12,1
clan_19096,clan_29348,63,12,1
clan_24406,clan_3043,63,14,1
clan_24412,clan_19567,63,14,1
clan_24205,clan_13171,63,15,1
clan_14198,clan_4916,63,16,1
clan_29428,clan_20271,63,16,1
clan_8812,clan_20800,63,18,1
clan_6366,clan_9238,63,18,1
clan_38638,clan_41522,63,18,1
clan_25356,clan_12867,63,19,1
clan_22194,clan_13919,63,19,1
clan_3044,clan_13160,63,19,1
clan_31967,clan_40415,63,20,1
clan_25369,clan_14940,63,20,1
clan_28817,clan_27841,63,20,1
clan_1194,clan_46310,63,20,1
clan_19169,clan_8080,63,21,1
clan_33607,clan_27354,63,21,1
clan_6624,clan_10061,63,21,1
clan_10628,clan_24255,63,21,1
clan_21199,clan_29171,63,21,1
clan_29332,clan_10865,63,21,1
clan_36972,clan_19591,63,21,1
clan_36691,clan_45536,63,21,1
clan_27196,clan_20967,63,21,1
clan_40982,clan_36594,63,21,1
clan_14592,clan_2453,63,21,1
clan_19922,clan_25445,63,21,1
clan_28319,clan_7330,63,22,1
clan_35927,clan_20765,63,22,1
clan_8825,clan_22980,63,23,1
clan_31739,clan_20044,63,23,1
clan_18720,clan_19820,63,23,1
clan_1998,clan_9276,63,23,1
clan_10276,clan_11198,63,23,1
clan_4354,clan_7726,63,23,1
clan_22970,clan_12354,63,24,1
clan_6698,clan_9639,63,24,1
clan_20222,clan_5523,63,24,1
clan_45869,clan_1620,63,24,1
clan_35002,clan_27487,63,24,1
clan_1679,clan_29548,63,24,1
clan_42136,clan_38096,63,25,1
clan_4718,clan_6115,63,25,1
clan_27370,clan_19016,63,25,1
clan_18981,clan_5470,63,25,1
clan_13485,clan_32150,63,26,1
clan_32514,clan_7099,63,26,1
clan_3086,clan_25280,63,26,1
clan_18548,clan_28689,63,26,1
clan_38490,clan_2022,63,26,1
clan_18956,clan_19615,63,26,1
clan_28778,clan_23283,63,26,1
clan_32900,clan_15883,63,26,1
clan_45282,clan_7495,63,26,1
clan_1450,clan_988,63,26,1
clan_12823,clan_24944,63,26,1
clan_26423,clan_16904,63,27,1
clan_11044,clan_25071,63,27,1
clan_17496,clan_16075,63,27,1
clan_6595,clan_13355,63,27,1
clan_36009,clan_31240,63,27,1
clan_28263,clan_7564,63,27,1
clan_29948,clan_23907,63,27,1
clan_15706,clan_22429,63,27,1
clan_36394,clan_24478,63,27,1
clan_34941,clan_39984,63,27,1
clan_8696,clan_17891,63,27,1
clan_31719,clan_43884,63,27,1
clan_38887,clan_17956,63,27,1
clan_23473,clan_2993,63,27,1
clan_2634,clan_3535,63,27,1
clan_14654,clan_12625,63,27,1
clan_20664,clan_22132,63,27,1
clan_32811,clan_27640,63,27,1
clan_23289,clan_6263,63,27,1
clan_214,clan_47169,63,27,1
clan_7511,clan_24556,63,27,1
clan_34564,clan_36291,63,27,1
clan_9252,clan_21955,63,27,1
clan_3411,clan_14488,63,27,1
clan_4541,clan_42489,63,27,1
clan_46492,clan_45375,63,27,1
clan_44808,clan_33634,63,27,1
clan_25275,clan_4491,63,27,1
clan_26501,clan_17696,63,27,1
clan_27050,clan_8450,63,27,1
clan_33856,clan_38532,63,28,1
clan_10288,clan_34445,63,28,1
clan_32203,clan_36473,63,28,1
clan_44306,clan_43084,63,28,1
clan_17438,clan_12522,63,28,1
clan_39463,clan_19309,63,28,1
clan_18298,clan_15772,63,28,1
clan_35615,clan_20684,63,28,1
clan_26796,clan_22989,63,28,1
clan_36067,clan_30016,63,29,1
clan_36416,clan_21572,63,29,1
clan_32664,clan_44454,63,29,1
clan_25806,clan_5123,63,29,1
clan_14156,clan_35876,63,29,1
clan_11426,clan_11404,63,29,1
clan_31274,clan_13985,63,29,1
clan_29138,clan_21568,63,29,1
clan_22087,clan_39260,63,29,1
clan_44812,clan_46160,63,29,1
clan_35963,clan_6956,63,29,1
clan_34079,clan_22555,63,29,1
clan_3231,clan_19330,63,29,1
clan_34103,clan_374,63,29,1
clan_8629,clan_2015,63,29,1
clan_41864,clan_35247,63,29,1
clan_11687,clan_25997,63,29,1
clan_33584,clan_9660,63,29,1
clan_12208,clan_5942,63,29,1
clan_26996,clan_20418,63,29,1
clan_27705,clan_24317,63,29,1
clan_23020,clan_18743,63,29,1
clan_34359,clan_8223,63,29,1
clan_34854,clan_32725,63,29,1
clan_26818,clan_30777,63,29,1
clan_5631,clan_3200,63,29,1
clan_37772,clan_36083,63,30,1
clan_26261,clan_44076,63,30,1
clan_31940,clan_24457,63,30,1
clan_40765,clan_11090,63,30,1
clan_43840,clan_10335,63,30,1
clan_47753,clan_43156,63,30,1
clan_9401,clan_19991,63,30,1
clan_13205,clan_5907,63,30,1
clan_29411,clan_18723,63,30,1
clan_3486,clan_2964,63,30,1
clan_31242,clan_11223,63,30,1
clan_28699,clan_18244,63,30,1
clan_30347,clan_17785,63,30,1
clan_7606,clan_13225,63,30,1
clan_30286,clan_6583,63,30,1
clan_45217,clan_43455,63,30,1
clan_37094,clan_3610,63,30,1
clan_43416,clan_13702,63,30,1
clan_505,clan_654,63,30,1
clan_13078,clan_4821,63,30,1
clan_1904,clan_41212,63,30,1
clan_11938,clan_26148,63,30,1
clan_32987,clan_18597,63,30,1
clan_15168,clan_17748,63,30,1
clan_28370,clan_6404,63,30,1
clan_43204,clan_48158,63,30,1
clan_32942,clan_19858,63,30,1
clan_39912,clan_663,63,30,1
clan_44675,clan_39285,63,30,1
clan_40301,clan_18169,63,30,1
clan_14671,clan_14456,63,30,1
clan_86,clan_16010,63,30,1
clan_36671,clan_33260,63,30,1
clan_16107,clan_25947,63,30,1
clan_31659,clan_16469,63,30,1
clan_1039,clan_38407,63,30,1
clan_39739,clan_33377,63,30,1
clan_38039,clan_19526,63,30,1
clan_39293,clan_15131,63,30,1
clan_42059,clan_44303,63,30,1
clan_37241,clan_7139,63,30,1
clan_12418,clan_11588,63,30,1
clan_10073,clan_2423,63,30,1
clan_10377,clan_10743,63,30,1
clan_48202,clan_38258,63,30,1
clan_22249,clan_21083,63,30,1
clan_45728,clan_28042,63,30,1
clan_10142,clan_37719,63,30,1
clan_22620,clan_42521,63,30,1
clan_29458,clan_15780,63,30,1
clan_15916,clan_29504,63,30,1
clan_2786,clan_13776,63,30,1
clan_46968,clan_45371,63,30,1
clan_11359,clan_12175,63,30,1
clan_33028,clan_20582,63,30,1
clan_39610,clan_110,63,30,1
clan_30361,clan_23594,63,30,1
clan_36226,clan_45088,63,30,1
clan_29544,clan_22995,63,30,1
clan_10079,clan_18050,63,30,1
clan_34578,clan_3995,63,30,1
clan_31745,clan_4706,63,30,1
clan_18511,clan_3835,63,30,1
clan_13637,clan_11900,63,31,1
clan_20212,clan_17638,63,31,1
clan_37564,clan_24834,63,31,1
clan_22477,clan_14695,63,31,1
clan_14072,clan_19138,63,32,1
clan_34792,clan_42001,63,32,1
clan_44193,clan_26097,63,32,1
clan_43609,clan_36888,63,32,1
clan_24128,clan_6153,63,32,1
clan_46566,clan_34824,63,32,1
clan_9034,clan_14319,63,32,1
clan_26736,clan_11966,63,32,1
clan_39374,clan_45830,63,32,1
clan_38178,clan_35196,63,32,1
clan_29494,clan_10974,63,32,1
clan_24992,clan_14018,63,32,1
clan_37077,clan_16745,63,32,1
clan_46845,clan_1697,63,32,1
clan_24738,clan_29113,63,32,1
clan_34567,clan_31501,63,32,1
clan_12983,clan_15866,63,32,1
clan_4529,clan_23257,63,32,1
clan_11533,clan_7199,63,32,1
clan_16060,clan_33245,63,32,1
clan_36918,clan_31921,63,32,1
clan_40321,clan_36283,63,32,1
clan_15350,clan_10307,63,33,1
clan_30906,clan_31560,63,33,1
clan_26743,clan_5001,63,33,1
clan_12644,clan_7381,63,33,1
clan_35525,clan_32838,63,33,1
clan_2885,clan_9246,63,33,1
clan_42870,clan_42448,63,33,1
clan_33018,clan_38064,63,33,1
clan_26552,clan_25334,63,33,1
clan_46242,clan_43321,63,33,1
clan_15315,clan_19989,63,33,1
clan_42279,clan_38189,63,33,1
clan_42256,clan_45543,63,33,1
clan_39747,clan_23779,63,33,1
clan_25295,clan_30481,63,33,1
clan_17073,clan_22511,63,33,1
clan_41433,clan_42586,63,33,1
clan_40206,clan_24361,63,33,1
clan_4591,clan_21347,63,33,1
clan_32606,clan_13070,63,33,1
clan_43998,clan_34797,63,33,1
clan_29270,clan_5084,63,33,1
clan_19666,clan_21116,63,33,1
clan_23463,clan_21294,63,33,1
clan_44787,clan_9086,63,33,1
clan_38861,clan_43551,63,33,1
clan_38047,clan_23030,63,33,1
clan_3126,clan_14741,63,33,1
clan_41092,clan_40534,63,33,1
clan_13037,clan_5187,63,33,1
clan_16014,clan_22640,63,33,1
clan_39585,clan_13407,63,33,1
clan_28898,clan_20176,63,33,1
clan_28542,clan_13388,63,33,1
clan_142,clan_45919,63,33,1
clan_1741,clan_47689,63,33,1
clan_46018,clan_48541,63,33,1
clan_37164,clan_18815,63,33,1
clan_35485,clan_15165,63,33,1
clan_32515,clan_20228,63,33,1
clan_22702,clan_23908,63,33,1
clan_10819,clan_31058,63,33,1
clan_26763,clan_6696,63,33,1
clan_9188,clan_26336,63,33,1
clan_17668,clan_29855,63,33,1
clan_38885,clan_810,63,33,1
clan_27161,clan_20998,63,33,1
clan_27360,clan_12984,63,33,1
clan_42617,clan_47308,63,33,1
clan_42267,clan_36986,63,33,1
clan_27489,clan_2364,63,33,1
clan_39594,clan_30366,63,33,1
clan_28461,clan_22657,63,33,1
clan_41961,clan_17598,63,33,1
clan_13257,clan_17291,63,33,1
clan_19847,clan_10026,63,33,1
clan_32349,clan_24155,63,33,1
clan_2758,clan_27234,63,33,1
clan_16063,clan_38903,63,33,1
clan_31732,clan_19724,63,33,1
clan_22581,clan_28849,63,33,1
clan_16708,clan_10048,63,33,1
clan_2074,clan_29379,63,33,1
clan_40454,clan_22381,63,33,1
clan_4459,clan_16637,63,33,1
clan_19396,clan_9398,63,33,1
clan_21912,clan_30657,63,33,1
clan_10561,clan_24158,63,33,1
clan_44928,clan_34868,63,33,1
clan_14678,clan_25095,63,33,1
clan_17449,clan_15429,63,33,1
clan_41467,clan_8783,63,33,1
clan_3354,clan_13381,63,33,1
clan_2520,clan_13147,63,33,1
clan_17743,clan_12001,63,33,1
clan_15600,clan_6405,63,33,1
clan_30308,clan_27284,63,33,1
clan_42294,clan_42573,63,33,1
clan_15469,clan_13604,63,33,1
clan_46368,clan_40894,63,33,1
clan_30449,clan_31095,63,33,1
clan_3804,clan_5992,63,33,1
clan_41183,clan_4776,63,33,1
clan_2971,clan_36436,63,33,1
clan_28737,clan_13076,63,33,1
clan_45307,clan_10322,63,33,1
clan_30085,clan_12054,63,33,1
clan_25276,clan_16191,63,33,1
clan_28888,clan_15384,63,33,1
clan_24513,clan_16139,63,33,1
clan_41429,clan_44950,63,33,1
clan_44352,clan_46453,63,33,1
clan_19797,clan_32562,63,33,1
clan_45594,clan_42394,63,33,1
clan_8167,clan_29854,63,33,1
clan_30322,clan_42994,63,33,1
clan_16571,clan_4378,63,33,1
clan_32361,clan_20943,63,33,1
clan_27129,clan_22467,63,33,1
clan_40354,clan_30735,63,33,1
clan_43352,clan_30522,63,33,1
clan_42487,clan_17939,63,33,1
clan_40563,clan_29848,63,33,1
clan_12201,clan_9369,63,33,1
clan_45714,clan_32395,63,33,1
clan_10144,clan_16606,63,33,1
clan_23636,clan_29489,63,33,1
clan_44416,clan_19121,63,34,1
clan_2030,clan_45458,63,34,1
clan_23651,clan_13897,63,34,1
clan_28023,clan_22667,63,34,1
clan_31464,clan_30589,63,34,1
clan_42724,clan_32732,63,34,1
clan_9117,clan_19903,63,34,1
clan_11313,clan_24551,63,34,1
clan_13107,clan_6369,63,34,1
clan_19684,clan_9774,63,34,1
clan_36688,clan_6185,63,34,1
clan_14172,clan_11622,63,34,1
clan_22913,clan_9983,63,34,1
clan_23638,clan_25481,63,35,1
clan_24744,clan_8114,63,35,1
clan_21479,clan_8717,63,35,1
clan_32830,clan_41966,63,35,1
clan_26715,clan_36904,63,35,1
clan_22658,clan_19399,63,35,1
clan_734,clan_48229,63,35,1
clan_38097,clan_30239,63,35,1
clan_23796,clan_34002,63,35,1
clan_32151,clan_25977,63,35,1
clan_40654,clan_34958,63,35,1
clan_24369,clan_14582,63,35,1
clan_5342,clan_11317,63,35,1
clan_29803,clan_41256,63,35,1
clan_32480,clan_23028,63,35,1
clan_9093,clan_16237,63,35,1
clan_7268,clan_5813,63,35,1
clan_43787,clan_32939,63,35,1
clan_47702,clan_44532,63,35,1
clan_44164,clan_43347,63,35,1
clan_46027,clan_37409,63,35,1
clan_23284,clan_26229,63,35,1
clan_44873,clan_35216,63,35,1
clan_32321,clan_33804,63,35,1
clan_40005,clan_15756,63,35,1
clan_16361,clan_37750,63,36,1
clan_19,clan_40828,63,36,1
clan_33417,clan_41448,63,36,1
clan_30619,clan_7645,63,36,1
clan_31799,clan_18999,63,36,1
clan_38403,clan_18506,63,36,1
clan_32869,clan_20010,63,36,1
clan_21353,clan_37486,63,36,1
clan_21913,clan_8162,63,36,1
clan_2483,clan_16933,63,36,1
clan_29531,clan_29408,63,36,1
clan_38030,clan_36419,63,36,1
clan_31310,clan_41110,63,36,1
clan_9971,clan_13375,63,36,1
clan_29789,clan_34296,63,36,1
clan_497,clan_27074,63,36,1
clan_44794,clan_44997,63,36,1
clan_21140,clan_26076,63,36,1
clan_25746,clan_19685,63,36,1
clan_5958,clan_7807,63,36,1
clan_36878,clan_24982,63,36,1
clan_46105,clan_48260,63,36,1
clan_20392,clan_15070,63,36,1
clan_41494,clan_17986,63,36,1
clan_48159,clan_45158,63,36,1
clan_17466,clan_31669,63,36,1
clan_34539,clan_11388,63,36,1
clan_36604,clan_8467,63,36,1
clan_47902,clan_45183,63,36,1
clan_723,clan_44246,63,36,1
clan_43362,clan_23766,63,36,1
clan_3669,clan_3170,63,36,1
clan_43259,clan_38714,63,36,1
clan_33263,clan_4847,63,36,1
clan_9155,clan_6848,63,36,1
clan_41860,clan_552,63,36,1
clan_23014,clan_10076,63,36,1
clan_38914,clan_39118,63,36,1
clan_21707,clan_3095,63,36,1
clan_46122,clan_28429,63,36,1
clan_31980,clan_22278,63,36,1
clan_30231,clan_29103,63,36,1
clan_43451,clan_47069,63,36,1
clan_7922,clan_23398,63,36,1
clan_41129,clan_36715,63,36,1
clan_22200,clan_2973,63,36,1
clan_45746,clan_47370,63,36,1
clan_48099,clan_893,63,36,1
clan_40831,clan_46331,63,36,1
clan_47890,clan_4820,63,36,1
clan_30980,clan_4112,63,36,1
clan_15587,clan_21726,63,36,1
clan_41137,clan_38587,63,36,1
clan_38174,clan_31374,63,36,1
clan_37717,clan_30272,63,36,1
clan_35324,clan_25105,63,36,1
clan_22329,clan_17230,63,36,1
clan_8357,clan_14108,63,36,1
clan_19345,clan_6237,63,36,1
clan_3512,clan_5384,63,36,1
clan_25824,clan_9408,63,36,1
clan_8625,clan_37816,63,36,1
clan_26038,clan_9211,63,36,1
clan_33299,clan_24237,63,36,1
clan_40661,clan_39249,63,36,1
clan_19250,clan_27007,63,36,1
clan_37307,clan_25221,63,36,1
clan_31859,clan_42380,63,36,1
clan_39319,clan_39859,63,36,1
clan_32001,clan_17029,63,36,1
clan_43496,clan_46020,63,36,1
clan_38934,clan_40937,63,36,1
clan_42556,clan_30565,63,36,1
clan_40027,clan_41648,63,36,1
clan_43626,clan_1980,63,36,1
clan_41668,clan_30914,63,36,1
clan_28763,clan_82,63,36,1
clan_6059,clan_45401,63,36,1
clan_43166,clan_36944,63,36,1
clan_37060,clan_19218,63,36,1
clan_39909,clan_22975,63,36,1
clan_12089,clan_10539,63,36,1
clan_34636,clan_5037,63,36,1
clan_566,clan_48420,63,36,1
clan_39124,clan_34876,63,36,1
clan_43404,clan_26819,63,36,1
clan_36814,clan_40303,63,36,1
clan_26601,clan_29266,63,36,1
clan_31946,clan_27014,63,36,1
clan_46752,clan_29879,63,36,1
clan_35710,clan_38857,63,36,1
clan_10563,clan_12186,63,36,1
clan_37626,clan_5103,63,36,1
clan_19826,clan_42788,63,36,1
clan_759,clan_7749,63,36,1
clan_26558,clan_31907,63,36,1
clan_13367,clan_5324,63,36,1
clan_42859,clan_6138,63,36,1
clan_9871,clan_2439,63,36,1
clan_39144,clan_28342,63,36,1
clan_16958,clan_28145,63,36,1
clan_48405,clan_42781,63,36,1
clan_37755,clan_37792,63,36,1
clan_33937,clan_40365,63,36,1
clan_37888,clan_45013,63,36,1
clan_41618,clan_35516,63,36,1
clan_16408,clan_24853,63,36,1
clan_26723,clan_5764,63,36,1
clan_36415,clan_40944,63,36,1
clan_44779,clan_18769,63,36,1
clan_5339,clan_15848,63,36,1
clan_1020,clan_47062,63,36,1
clan_9181,clan_29927,63,36,1
clan_41006,clan_841,63,36,1
clan_30889,clan_26714,63,36,1
clan_43143,clan_5510,63,36,1
clan_42621,clan_27889,63,36,1
clan_20540,clan_11190,63,36,1
clan_46585,clan_12608,63,36,1
clan_9327,clan_20398,63,36,1
clan_44269,clan_38733,63,36,1
clan_39829,clan_4360,63,36,1
clan_16111,clan_10993,63,36,1
clan_17541,clan_21849,63,36,1
clan_15412,clan_13853,63,38,1
clan_35180,clan_26924,63,38,1
clan_47904,clan_47915,63,38,1
clan_40172,clan_1332,63,38,1
clan_24265,clan_34794,63,38,1
clan_43585,clan_1474,63,38,1
clan_33689,clan_29896,63,38,1
clan_33330,clan_23955,63,38,1
clan_36774,clan_1481,63,38,1
clan_31971,clan_3371,63,39,1
clan_8166,clan_8637,63,39,1
clan_36285,clan_3464,63,39,1
clan_46902,clan_32227,63,39,1
clan_42458,clan_25922,63,39,1
clan_36304,clan_37181,63,39,1
clan_6731,clan_7382,63,39,1
clan_21743,clan_30240,63,39,1
clan_40322,clan_111,63,39,1
clan_40350,clan_1268,63,39,1
clan_11684,clan_12855,63,39,1
clan_32128,clan_43197,63,39,1
clan_7150,clan_9426,63,39,1
clan_32261,clan_23271,63,39,1
clan_38045,clan_27529,63,39,1
clan_37107,clan_28057,63,39,1
clan_21866,clan_17560,63,39,1
clan_45677,clan_37256,63,39,1
clan_34247,clan_40981,63,39,1
clan_43988,clan_39378,63,39,1
clan_23304,clan_13490,63,39,1
clan_45121,clan_22166,63,39,1
clan_1156,clan_43807,63,39,1
clan_9521,clan_36363,63,39,1
clan_572,clan_29173,63,39,1
clan_35417,clan_35019,63,39,1
clan_27583,clan_16292,63,39,1
clan_17004,clan_30118,63,39,1
clan_13255,clan_21926,63,39,1
clan_37665,clan_2142,63,39,1
clan_47076,clan_37583,63,39,1
clan_32176,clan_9882,63,39,1
clan_41408,clan_26427,63,39,1
clan_36113,clan_21359,63,39,1
clan_27454,clan_24014,63,39,1
clan_31725,clan_34867,63,39,1
clan_22591,clan_24094,63,39,1
clan_5974,clan_21234,63,39,1
clan_20318,clan_34550,63,39,1
clan_103,clan_851,63,39,1
clan_38085,clan_40470,63,39,1
clan_35082,clan_12458,63,39,1
clan_29091,clan_9736,63,39,1
clan_27727,clan_9212,63,39,1
clan_35140,clan_15622,63,39,1
clan_20511,clan_21555,63,39,1
clan_1235,clan_1641,63,39,1
clan_34195,clan_20608,63,39,1
clan_47417,clan_44991,63,39,1
clan_20339,clan_9097,63,39,1
clan_24415,clan_14503,63,39,1
clan_3979,clan_18092,63,39,1
clan_47531,clan_17617,63,39,1
clan_30034,clan_5241,63,39,1
clan_21122,clan_20606,63,39,1
clan_28515,clan_20609,63,39,1
clan_31586,clan_8161,63,39,1
clan_17100,clan_20603,63,39,1
clan_27741,clan_4314,63,39,1
clan_2284,clan_540,63,39,1
clan_19349,clan_11613,63,39,1
clan_41197,clan_53,63,39,1
clan_41794,clan_5274,63,39,1
clan_37159,clan_27824,63,39,1
clan_35066,clan_28537,63,39,1
clan_21790,clan_26154,63,39,1
clan_8786,clan_6434,63,39,1
clan_35843,clan_9350,63,39,1
clan_104,clan_34287,63,39,1
clan_21532,clan_27828,63,39,1
clan_32437,clan_45916,63,39,1
clan_43861,clan_44363,63,39,1
clan_24438,clan_23448,63,39,1
clan_47390,clan_46619,63,39,1
clan_47548,clan_39704,63,39,1
clan_16749,clan_5873,63,39,1
clan_46510,clan_42327,63,39,1
clan_5076,clan_28600,63,39,1
clan_18280,clan_4711,63,39,1
clan_33909,clan_40978,63,39,1
clan_25591,clan_16261,63,39,1
clan_40091,clan_35696,63,39,1
clan_2664,clan_5854,63,39,1
clan_15091,clan_11949,63,39,1
clan_16197,clan_36315,63,39,1
clan_36018,clan_18478,63,39,1
clan_6792,clan_7246,63,39,1
clan_27544,clan_14746,63,39,1
clan_24168,clan_31080,63,39,1
clan_33269,clan_25995,63,39,1
clan_44431,clan_41375,63,39,1
clan_46541,clan_31724,63,39,1
clan_29815,clan_18740,63,39,1
clan_31503,clan_19789,63,39,1
clan_20573,clan_37096,63,39,1
clan_15948,clan_26534,63,39,1
clan_11644,clan_30111,63,39,1
clan_40645,clan_44353,63,39,1
clan_25514,clan_18996,63,39,1
clan_31278,clan_32166,63,39,1
clan_44707,clan_45682,63,39,1
clan_9122,clan_25273,63,39,1
clan_36704,clan_32462,63,39,1
clan_30219,clan_44418,63,39,1
clan_18810,clan_11160,63,39,1
clan_4673,clan_3857,63,39,1
clan_35359,clan_19254,63,39,1
clan_10246,clan_15439,63,39,1
clan_9297,clan_4896,63,39,1
clan_36425,clan_22148,63,39,1
clan_19332,clan_5113,63,39,1
clan_6691,clan_11448,63,39,1
clan_15405,clan_5725,63,39,1
clan_31078,clan_20881,63,39,1
clan_33042,clan_24787,63,39,1
clan_21864,clan_12565,63,39,1
clan_47830,clan_42157,63,39,1
clan_41270,clan_18146,63,39,1
clan_16393,clan_32272,63,39,1
clan_47722,clan_48414,63,39,1
clan_32762,clan_36700,63,39,1
clan_363,clan_34220,63,39,1
clan_3026,clan_7291,63,39,1
clan_41703,clan_37878,63,39,1
clan_8015,clan_16764,63,39,1
clan_1346,clan_44609,63,39,1
clan_10472,clan_2905,63,39,1
clan_19596,clan_22455,63,39,1
clan_701,clan_35303,63,42,1
clan_32416,clan_5325,63,42,1
clan_1325,clan_48511,63,42,1
clan_32271,clan_37845,63,42,1
clan_34673,clan_44219,63,42,1
clan_36311,clan_36497,63,42,1
clan_46629,clan_46756,63,42,1
clan_39527,clan_44370,63,42,1
clan_27472,clan_42412,63,42,1
clan_43671,clan_653,63,42,1
clan_8022,clan_19843,63,42,1
clan_32615,clan_27871,63,42,1
clan_36887,clan_32761,63,42,1
clan_15491,clan_4346,63,42,1
clan_23127,clan_19086,63,42,1
clan_1090,clan_28332,63,42,1
clan_29427,clan_24950,63,42,1
clan_34082,clan_31831,63,42,1
clan_13515,clan_37585,63,42,1
clan_44053,clan_36162,63,42,1
clan_26722,clan_22176,63,42,1
clan_45920,clan_28789,63,42,1
clan_43668,clan_8509,63,42,1
clan_38996,clan_6340,63,42,1
clan_37383,clan_17408,63,42,1
clan_45636,clan_39587,63,42,1
clan_41692,clan_41492,63,42,1
clan_39512,clan_34992,63,42,1
clan_915,clan_1722,63,42,1
clan_17096,clan_5016,63,42,1
clan_881,clan_45370,63,42,1
clan_10261,clan_9679,63,42,1
clan_1739,clan_46601,63,42,1
clan_44773,clan_44472,63,42,1
clan_38711,clan_6932,63,42,1
clan_32813,clan_11413,63,42,1
clan_42873,clan_19906,63,42,1
clan_28411,clan_20255,63,42,1
clan_37954,clan_40451,63,42,1
clan_43498,clan_18833,63,42,1
clan_36924,clan_35167,63,42,1
clan_39924,clan_43023,63,42,1
clan_44853,clan_13940,63,42,1
clan_897,clan_1231,63,42,1
clan_16978,clan_20373,63,42,1
clan_32528,clan_35783,63,42,1
clan_9505,clan_33371,63,42,1
clan_46888,clan_47453,63,42,1
clan_37487,clan_44629,63,42,1
clan_7839,clan_23589,63,42,1
clan_48266,clan_43973,63,42,1
clan_13616,clan_7817,63,42,1
clan_43042,clan_46835,63,42,1
clan_34063,clan_19373,63,42,1
clan_2110,clan_42726,63,42,1
clan_961,clan_46854,63,42,1
clan_20309,clan_38998,63,42,1
clan_34542,clan_46749,63,42,1
clan_39973,clan_39008,63,44,1
clan_45094,clan_46887,63,44,1
clan_37023,clan_22615,63,45,1
clan_3470,clan_31556,63,45,1
clan_43228,clan_43351,63,45,1
clan_38909,clan_16309,63,45,1
clan_43737,clan_45586,63,45,1
clan_14823,clan_26083,63,45,1
clan_20410,clan_32420,63,45,1
clan_8687,clan_30408,63,45,1
clan_412,clan_43359,63,45,1
clan_2864,clan_5985,63,45,1
clan_41906,clan_21476,63,45,1
clan_38508,clan_38473,63,45,1
clan_34920,clan_18344,63,45,1
clan_35694,clan_21250,63,45,1
clan_1996,clan_2131,63,45,1
clan_23536,clan_41619,63,45,1
clan_63,clan_46729,63,45,1
clan_24902,clan_27778,63,45,1
clan_38019,clan_44060,63,45,1
clan_45546,clan_41078,63,45,1
clan_26926,clan_34596,63,45,1
clan_753,clan_44190,63,45,1
clan_16982,clan_6530,63,45,1
clan_39299,clan_19087,63,45,1
clan_14674,clan_40144,63,45,1
clan_35469,clan_8769,63,45,1
clan_46146,clan_42438,63,45,1
clan_17296,clan_26965,63,45,1
clan_25969,clan_20896,63,45,1
clan_30963,clan_23508,63,45,1
clan_28166,clan_2798,63,45,1
clan_22127,clan_29473,63,45,1
clan_30253,clan_19978,63,45,1
clan_12270,clan_24250,63,45,1
clan_13495,clan_12734,63,45,1
clan_42021,clan_32307,63,45,1
clan_39750,clan_39335,63,45,1
clan_44627,clan_39053,63,45,1
clan_29666,clan_35393,63,45,1
clan_45002,clan_34108,63,45,1
clan_13732,clan_40630,63,45,1
clan_29790,clan_31206,63,45,1
clan_1662,clan_36901,63,45,1
clan_39123,clan_36583,63,45,1
clan_40209,clan_48194,63,45,1
clan_47567,clan_40680,63,45,1
clan_41813,clan_43518,63,45,1
clan_45450,clan_47863,63,45,1
clan_12339,clan_37073,63,45,1
clan_47587,clan_43874,63,45,1
clan_10466,clan_11241,63,45,1
clan_12262,clan_27458,63,45,1
clan_2128,clan_22155,63,45,1
clan_23048,clan_15015,63,45,1
clan_8181,clan_2700,63,45,1
clan_46208,clan_47755,63,45,1
clan_12838,clan_29309,63,45,1
clan_41455,clan_46108,63,45,1
clan_27925,clan_23539,63,45,1
clan_36900,clan_32680,63,45,1
clan_9688,clan_30208,63,45,1
clan_20194,clan_28000,63,45,1
clan_27549,clan_7250,63,45,1
clan_11065,clan_12845,63,45,1
clan_41517,clan_32005,63,45,1
clan_14205,clan_6210,63,45,1
clan_44705,clan_46743,63,45,1
clan_14688,clan_26905,63,45,1
clan_14252,clan_27729,63,45,1
clan_44,clan_47700,63,45,1
clan_42649,clan_39466,63,45,1
clan_2013,clan_12694,63,45,1
clan_16234,clan_2983,63,45,1
clan_14714,clan_19967,63,45,1
clan_46015,clan_45942,63,45,1
clan_46197,clan_1425,63,45,1
clan_39880,clan_35263,63,45,1
clan_12595,clan_19941,63,45,1
clan_36868,clan_41442,63,45,1
clan_43583,clan_32182,63,45,1
clan_17698,clan_18496,63,45,1
clan_1115,clan_48176,63,45,1
clan_45043,clan_31364,63,45,1
clan_25798,clan_32144,63,45,1
clan_46531,clan_47487,63,45,1
clan_45019,clan_46673,63,45,1
clan_2895,clan_21616,63,45,1
clan_47493,clan_38548,63,45,1
clan_10413,clan_32139,63,45,1
clan_1468,clan_2054,63,45,1
clan_32291,clan_29141,63,45,1
clan_38399,clan_39710,63,45,1
clan_21895,clan_17453,63,45,1
clan_30494,clan_20773,63,45,1
clan_20066,clan_28130,63,45,1
clan_44442,clan_42478,63,45,1
clan_39151,clan_36926,63,45,1
clan_31320,clan_7307,63,45,1
clan_38254,clan_20572,63,45,1
clan_40793,clan_30260,63,45,1
clan_16500,clan_15829,63,45,1
clan_25631,clan_32397,63,45,1
clan_38719,clan_18902,63,45,1
clan_32051,clan_3939,63,45,1
clan_36913,clan_36982,63,45,1
clan_1988,clan_32621,63,45,1
clan_42906,clan_16322,63,45,1
clan_28836,clan_15419,63,45,1
clan_10168,clan_16702,63,45,1
clan_34,clan_45684,63,45,1
clan_38943,clan_39000,63,45,1
clan_36207,clan_37718,63,45,1
clan_13664,clan_27877,63,45,1
clan_44079,clan_26089,63,45,1
clan_41409,clan_41398,63,45,1
clan_34589,clan_799,63,45,1
clan_18967,clan_6853,63,45,1
clan_15063,clan_16372,63,45,1
clan_25503,clan_3599,63,45,1
clan_48007,clan_41856,63,45,1
clan_47263,clan_45285,63,45,1
clan_38075,clan_26365,63,45,1
clan_73,clan_1208,63,45,1
clan_15258,clan_6963,63,45,1
clan_26675,clan_3861,63,45,1
clan_42758,clan_29881,63,45,1
clan_23353,clan_22456,63,45,1
clan_24297,clan_24193,63,45,1
clan_40703,clan_36776,63,45,1
clan_31638,clan_21857,63,45,1
clan_2203,clan_45054,63,45,1
clan_33997,clan_18242,63,45,1
clan_18066,clan_8302,63,45,1
clan_11860,clan_3719,63,45,1
clan_34398,clan_16872,63,45,1
clan_11832,clan_21200,63,45,1
clan_48316,clan_46342,63,45,1
clan_27659,clan_28208,63,45,1
clan_15391,clan_44863,63,45,1
clan_48216,clan_18675,63,45,1
clan_32741,clan_15453,63,45,1
clan_34320,clan_4746,63,45,1
clan_42290,clan_41629,63,45,1
clan_2095,clan_1833,63,48,1
clan_45574,clan_970,63,48,1
clan_47322,clan_47428,63,48,1
clan_1553,clan_36417,63,48,1
clan_35193,clan_1286,63,51,1
clan_48426,clan_147,63,54,1
clan_2017,clan_48529,63,72,2
clan_25724,clan_27491,64,9,1
clan_32716,clan_7637,64,11,1
clan_23959,clan_29749,64,12,1
clan_12495,clan_17105,64,15,1
clan_5803,clan_16066,64,17,1
clan_3245,clan_3436,64,17,1
clan_28891,clan_17646,64,19,1
clan_11251,clan_19566,64,19,1
clan_7965,clan_26142,64,19,1
clan_4340,clan_14068,64,19,1
clan_25949,clan_21098,64,20,1
clan_31135,clan_8676,64,21,1
clan_13721,clan_3084,64,23,1
clan_37151,clan_42147,64,23,1
clan_5363,clan_14945,64,23,1
clan_10235,clan_8476,64,23,1
clan_39332,clan_13054,64,24,1
clan_36041,clan_33769,64,24,1
clan_25184,clan_16209,64,24,1
clan_29526,clan_10078,64,25,1
clan_46858,clan_42363,64,25,1
clan_38902,clan_5965,64,25,1
clan_13645,clan_7506,64,25,1
clan_2968,clan_17983,64,25,1
clan_17258,clan_20922,64,25,1
clan_34364,clan_16884,64,25,1
clan_9427,clan_4399,64,25,1
clan_6934,clan_30246,64,25,1
clan_12380,clan_4486,64,26,1
clan_47779,clan_47750,64,26,1
clan_5004,clan_16548,64,26,1
clan_27439,clan_11779,64,26,1
clan_47278,clan_30443,64,26,1
clan_46815,clan_22231,64,27,1
clan_14457,clan_13008,64,27,1
clan_18123,clan_9595,64,27,1
clan_41434,clan_41421,64,27,1
clan_14564,clan_2397,64,27,1
clan_15929,clan_33620,64,27,1
clan_29281,clan_8611,64,27,1
clan_17270,clan_4528,64,27,1
clan_4015,clan_28842,64,27,1
clan_28113,clan_19699,64,28,1
clan_46062,clan_46725,64,28,1
clan_29596,clan_26676,64,28,1
clan_20314,clan_11976,64,29,1
clan_12548,clan_19239,64,29,1
clan_27033,clan_14209,64,30,1
clan_10774,clan_25306,64,31,1
clan_38651,clan_6209,64,32,1
clan_35217,clan_18055,64,33,1
clan_27586,clan_18993,64,33,1
clan_27621,clan_26489,64,33,1
clan_14742,clan_18337,64,35,1
clan_9731,clan_9920,64,39,1
clan_3263,clan_37735,64,42,1
clan_47988,clan_1867,64,42,1
clan_48559,clan_1700,64,48,1
clan_1217,clan_1410,64,51,1
clan_1029,clan_684,64,57,1
clan_1245,clan_2189,64,57,1
clan_9655,clan_3648,65,13,1
clan_17947,clan_6693,65,13,1
clan_8151,clan_3462,65,14,1
clan_22769,clan_10587,65,15,1
clan_35820,clan_36778,65,16,1
clan_29517,clan_16330,65,17,1
clan_19516,clan_19312,65,18,1
clan_19144,clan_26129,65,18,1
clan_15385,clan_15145,65,18,1
clan_37128,clan_43020,65,19,1
clan_12569,clan_3425,65,20,1
clan_41088,clan_5686,65,20,1
clan_34833,clan_40164,65,20,1
clan_2297,clan_29156,65,21,1
clan_44062,clan_16659,65,21,1
clan_40386,clan_4084,65,21,1
clan_14440,clan_6756,65,21,1
clan_26201,clan_14038,65,22,1
clan_12085,clan_20498,65,22,1
clan_23217,clan_2358,65,23,1
clan_32531,clan_25222,65,23,1
clan_10289,clan_14219,65,23,1
clan_24699,clan_32253,65,23,1
clan_38272,clan_1879,65,23,1
clan_32548,clan_8851,65,24,1
clan_42966,clan_35514,65,24,1
clan_39128,clan_7399,65,24,1
clan_47336,clan_34360,65,24,1
clan_23773,clan_27445,65,24,1
clan_29687,clan_4922,65,24,1
clan_20169,clan_40291,65,24,1
clan_17865,clan_8868,65,24,1
clan_19116,clan_13271,65,24,1
clan_38870,clan_43749,65,24,1
clan_48122,clan_45696,65,24,1
clan_27486,clan_39031,65,24,1
clan_23053,clan_22660,65,24,1
clan_30107,clan_8342,65,25,1
clan_32120,clan_6444,65,26,1
clan_21356,clan_16883,65,26,1
clan_31430,clan_35475,65,26,1
clan_28730,clan_12363,65,26,1
clan_1215,clan_43813,65,26,1
clan_23862,clan_6535,65,26,1
clan_34726,clan_10835,65,26,1
clan_4988,clan_2516,65,26,1
clan_39767,clan_38248,65,26,1
clan_2426,clan_15105,65,26,1
clan_11163,clan_17440,65,27,1
clan_27556,clan_9545,65,27,1
clan_7278,clan_7355,65,27,1
clan_42280,clan_41427,65,27,1
clan_43537,clan_34923,65,27,1
clan_42800,clan_39464,65,27,1
clan_3421,clan_6387,65,27,1
clan_43682,clan_35658,65,27,1
clan_20691,clan_26492,65,27,1
clan_25423,clan_24454,65,27,1
clan_32057,clan_32030,65,27,1
clan_35223,clan_12474,65,27,1
clan_42722,clan_26788,65,27,1
clan_7657,clan_35705,65,27,1
clan_23949,clan_10535,65,27,1
clan_30362,clan_11107,65,27,1
clan_29212,clan_29686,65,28,1
clan_27774,clan_18694,65,28,1
clan_2559,clan_15496,65,28,1
clan_7800,clan_3195,65,28,1
clan_4843,clan_24338,65,29,1
clan_23668,clan_36378,65,29,1
clan_26055,clan_12512,65,29,1
clan_37039,clan_31444,65,29,1
clan_25059,clan_28394,65,29,1
clan_8634,clan_4524,65,29,1
clan_24082,clan_18622,65,29,1
clan_47250,clan_22312,65,29,1
clan_42316,clan_40518,65,30,1
clan_19136,clan_33871,65,30,1
clan_44377,clan_45681,65,30,1
clan_19344,clan_26183,65,30,1
clan_7241,clan_11224,65,30,1
clan_5111,clan_19715,65,30,1
clan_36339,clan_35208,65,30,1
clan_31246,clan_31549,65,30,1
clan_34879,clan_26642,65,30,1
clan_21680,clan_15147,65,30,1
clan_33659,clan_5201,65,30,1
clan_26011,clan_14970,65,30,1
clan_24605,clan_11945,65,30,1
clan_31810,clan_5169,65,30,1
clan_34769,clan_13741,65,30,1
clan_34429,clan_31377,65,30,1
clan_18251,clan_7688,65,30,1
clan_45896,clan_40493,65,30,1
clan_21870,clan_27488,65,30,1
clan_47620,clan_35476,65,30,1
clan_44717,clan_8368,65,30,1
clan_42261,clan_42688,65,30,1
clan_18875,clan_40393,65,30,1
clan_33429,clan_9444,65,31,1
clan_27988,clan_18210,65,31,1
clan_16717,clan_21848,65,31,1
clan_42098,clan_38947,65,32,1
clan_20747,clan_33129,65,32,1
clan_12178,clan_42182,65,32,1
clan_34780,clan_35631,65,32,1
clan_39196,clan_16156,65,32,1
clan_39730,clan_12880,65,32,1
clan_46976,clan_34279,65,32,1
clan_37616,clan_11734,65,32,1
clan_37043,clan_6906,65,33,1
clan_1832,clan_1372,65,33,1
clan_47159,clan_38793,65,33,1
clan_9804,clan_27653,65,33,1
clan_16200,clan_32624,65,33,1
clan_31647,clan_7618,65,33,1
clan_44279,clan_33104,65,33,1
clan_47111,clan_43134,65,33,1
clan_2039,clan_39628,65,33,1
clan_10728,clan_12765,65,33,1
clan_7911,clan_6249,65,33,1
clan_37024,clan_40844,65,33,1
clan_26546,clan_10151,65,33,1
clan_5178,clan_23689,65,33,1
clan_9815,clan_45552,65,33,1
clan_46424,clan_31151,65,33,1
clan_32747,clan_9000,65,33,1
clan_19317,clan_13356,65,33,1
clan_2225,clan_19912,65,33,1
clan_1653,clan_16577,65,33,1
clan_33169,clan_14493,65,33,1
clan_41630,clan_10451,65,35,1
clan_45991,clan_37637,65,35,1
clan_24593,clan_23390,65,35,1
clan_33254,clan_34695,65,35,1
clan_30153,clan_25533,65,35,1
clan_969,clan_33019,65,36,1
clan_28704,clan_26904,65,36,1
clan_41130,clan_5022,65,36,1
clan_10386,clan_9179,65,36,1
clan_1552,clan_44108,65,36,1
clan_2339,clan_12593,65,36,1
clan_44724,clan_39101,65,36,1
clan_24468,clan_35687,65,36,1
clan_44095,clan_32585,65,38,1
clan_33631,clan_19011,65,39,1
clan_21384,clan_11143,65,39,1
clan_39799,clan_28933,65,39,1
clan_5507,clan_10017,65,39,1
clan_13924,clan_16174,65,39,1
clan_42073,clan_39697,65,39,1
clan_35659,clan_7182,65,39,1
clan_26174,clan_18062,65,39,1
clan_32539,clan_38384,65,39,1
clan_20227,clan_47675,65,39,1
clan_7488,clan_33124,65,39,1
clan_674,clan_42931,65,39,1
clan_19436,clan_5159,65,39,1
clan_13581,clan_20884,65,39,1
clan_36214,clan_14697,65,39,1
clan_9202,clan_23838,65,39,1
clan_45344,clan_28302,65,39,1
clan_48397,clan_1760,65,45,1
clan_48458,clan_45626,65,50,1
clan_746,clan_1806,65,57,1
clan_745,clan_1937,65,68,2
clan_39542,clan_28668,66,2,1
clan_31884,clan_11537,66,5,1
clan_12287,clan_5236,66,5,1
clan_7066,clan_16834,66,6,1
clan_23608,clan_28169,66,12,1
clan_39498,clan_11035,66,12,1
clan_24285,clan_13582,66,12,1
clan_19604,clan_18330,66,12,1
clan_10012,clan_11933,66,12,1
clan_45875,clan_37778,66,12,1
clan_34724,clan_4427,66,13,1
clan_3830,clan_9678,66,14,1
clan_17176,clan_10295,66,15,1
clan_708,clan_44088,66,15,1
clan_43494,clan_7290,66,15,1
clan_1781,clan_32632,66,15,1
clan_20306,clan_8163,66,16,1
clan_22639,clan_14618,66,18,1
clan_33811,clan_5778,66,18,1
clan_41351,clan_1546,66,18,1
clan_13203,clan_17015,66,18,1
clan_7375,clan_24743,66,18,1
clan_20035,clan_23916,66,18,1
clan_26631,clan_17548,66,18,1
clan_28463,clan_25036,66,18,1
clan_28766,clan_8980,66,18,1
clan_4565,clan_12714,66,18,1
clan_24291,clan_13526,66,18,1
clan_17923,clan_26746,66,18,1
clan_8649,clan_4478,66,18,1
clan_20697,clan_16244,66,18,1
clan_42106,clan_34432,66,20,1
clan_8602,clan_25394,66,20,1
clan_2626,clan_15882,66,20,1
clan_3472,clan_24422,66,21,1
clan_22598,clan_12290,66,21,1
clan_11271,clan_14947,66,21,1
clan_15974,clan_27771,66,21,1
clan_22306,clan_14244,66,21,1
clan_7030,clan_19533,66,21,1
clan_27849,clan_21511,66,21,1
clan_38283,clan_22330,66,21,1
clan_277,clan_9264,66,21,1
clan_10843,clan_17914,66,21,1
clan_38594,clan_31437,66,21,1
clan_43132,clan_32369,66,21,1
clan_19216,clan_14341,66,21,1
clan_26283,clan_23953,66,21,1
clan_4566,clan_13034,66,21,1
clan_35528,clan_4561,66,21,1
clan_38291,clan_44136,66,21,1
clan_20072,clan_23995,66,21,1
clan_7685,clan_35885,66,21,1
clan_7098,clan_9805,66,21,1
clan_129,clan_38357,66,21,1
clan_33800,clan_5073,66,21,1
clan_27342,clan_41162,66,21,1
clan_27008,clan_6171,66,21,1
clan_46434,clan_32823,66,21,1
clan_32818,clan_13906,66,21,1
clan_1437,clan_45376,66,22,1
clan_31313,clan_28115,66,22,1
clan_46838,clan_11356,66,22,1
clan_32957,clan_11235,66,23,1
clan_9843,clan_26352,66,23,1
clan_33256,clan_5382,66,23,1
clan_43976,clan_18543,66,23,1
clan_10729,clan_23040,66,23,1
clan_35040,clan_32003,66,23,1
clan_32757,clan_21460,66,23,1
clan_29390,clan_11627,66,23,1
clan_22414,clan_22728,66,23,1
clan_7478,clan_21744,66,23,1
clan_44283,clan_32012,66,23,1
clan_27999,clan_10248,66,24,1
clan_14451,clan_8195,66,24,1
clan_3290,clan_19067,66,24,1
clan_23280,clan_18101,66,24,1
clan_17755,clan_16770,66,24,1
clan_34804,clan_4748,66,24,1
clan_43414,clan_26958,66,24,1
clan_2833,clan_8192,66,24,1
clan_3775,clan_14416,66,24,1
clan_33717,clan_18065,66,24,1
clan_47312,clan_37517,66,24,1
clan_4238,clan_15787,66,24,1
clan_14637,clan_25766,66,24,1
clan_40702,clan_29748,66,24,1
clan_2764,clan_4866,66,24,1
clan_32042,clan_12665,66,24,1
clan_23419,clan_29484,66,24,1
clan_26418,clan_19667,66,24,1
clan_11303,clan_9570,66,24,1
clan_4138,clan_4622,66,24,1
clan_21999,clan_6997,66,24,1
clan_37497,clan_24927,66,24,1
clan_32914,clan_10362,66,24,1
clan_37709,clan_37658,66,24,1
clan_46504,clan_46920,66,24,1
clan_2690,clan_23887,66,24,1
clan_8044,clan_27862,66,24,1
clan_21711,clan_26015,66,24,1
clan_38610,clan_23968,66,24,1
clan_36430,clan_36564,66,24,1
clan_15564,clan_10929,66,24,1
clan_13223,clan_28592,66,24,1
clan_1374,clan_1767,66,24,1
clan_15171,clan_21624,66,25,1
clan_29394,clan_31950,66,25,1
clan_16513,clan_29157,66,25,1
clan_36119,clan_17406,66,25,1
clan_42247,clan_2575,66,26,1
clan_39600,clan_21565,66,26,1
clan_14973,clan_16373,66,26,1
clan_6337,clan_3844,66,26,1
clan_18528,clan_10411,66,26,1
clan_19079,clan_4522,66,26,1
clan_37580,clan_37025,66,26,1
clan_18572,clan_25346,66,26,1
clan_1189,clan_34465,66,26,1
clan_30728,clan_40997,66,26,1
clan_10565,clan_9380,66,26,1
clan_19583,clan_21594,66,26,1
clan_17659,clan_12825,66,27,1
clan_33522,clan_35655,66,27,1
clan_1940,clan_46648,66,27,1
clan_33489,clan_6088,66,27,1
clan_32569,clan_12035,66,27,1
clan_32169,clan_25917,66,27,1
clan_22138,clan_15753,66,27,1
clan_28961,clan_8182,66,27,1
clan_40725,clan_8343,66,27,1
clan_37412,clan_30911,66,27,1
clan_10397,clan_8214,66,27,1
clan_34973,clan_14625,66,27,1
clan_25728,clan_21961,66,27,1
clan_40096,clan_5743,66,27,1
clan_2227,clan_48319,66,27,1
clan_17706,clan_20899,66,27,1
clan_42490,clan_24487,66,27,1
clan_3617,clan_4483,66,27,1
clan_39199,clan_39806,66,27,1
clan_6092,clan_25049,66,27,1
clan_29257,clan_2989,66,27,1
clan_15224,clan_22914,66,27,1
clan_19276,clan_26269,66,27,1
clan_36286,clan_29924,66,27,1
clan_15395,clan_32276,66,27,1
clan_34645,clan_21972,66,27,1
clan_7178,clan_16245,66,27,1
clan_16920,clan_13245,66,27,1
clan_45565,clan_38013,66,27,1
clan_15406,clan_21804,66,27,1
clan_11083,clan_19206,66,27,1
clan_37328,clan_21010,66,27,1
clan_38918,clan_28834,66,27,1
clan_15624,clan_9176,66,27,1
clan_33214,clan_8907,66,27,1
clan_26855,clan_22742,66,27,1
clan_34541,clan_15990,66,27,1
clan_482,clan_1171,66,27,1
clan_4781,clan_8099,66,27,1
clan_2943,clan_29320,66,27,1
clan_23097,clan_17525,66,27,1
clan_48074,clan_45497,66,27,1
clan_14145,clan_17649,66,27,1
clan_21448,clan_17119,66,27,1
clan_33870,clan_28074,66,27,1
clan_8795,clan_25420,66,27,1
clan_1213,clan_39969,66,27,1
clan_40308,clan_1796,66,27,1
clan_10150,clan_17393,66,27,1
clan_34268,clan_37267,66,27,1
clan_35684,clan_17892,66,27,1
clan_45486,clan_1339,66,27,1
clan_47489,clan_45212,66,27,1
clan_22727,clan_4811,66,27,1
clan_36437,clan_1747,66,27,1
clan_30751,clan_26628,66,27,1
clan_32457,clan_5913,66,27,1
clan_24871,clan_7391,66,27,1
clan_4575,clan_17915,66,27,1
clan_36280,clan_39364,66,27,1
clan_36070,clan_38179,66,28,1
clan_47492,clan_29890,66,28,1
clan_32990,clan_16305,66,29,1
clan_36806,clan_39827,66,29,1
clan_8179,clan_19390,66,29,1
clan_40883,clan_38734,66,29,1
clan_20480,clan_23728,66,29,1
clan_31390,clan_35680,66,29,1
clan_21437,clan_21056,66,29,1
clan_32663,clan_3198,66,29,1
clan_10043,clan_5801,66,29,1
clan_43597,clan_37929,66,29,1
clan_44107,clan_46929,66,29,1
clan_18030,clan_3681,66,29,1
clan_4222,clan_2992,66,29,1
clan_16907,clan_20512,66,29,1
clan_37844,clan_22165,66,29,1
clan_46537,clan_47285,66,29,1
clan_21100,clan_19782,66,29,1
clan_45040,clan_270,66,29,1
clan_17733,clan_10140,66,29,1
clan_31338,clan_40618,66,29,1
clan_22833,clan_15451,66,29,1
clan_30117,clan_23075,66,29,1
clan_30788,clan_13785,66,29,1
clan_28114,clan_31989,66,29,1
clan_6641,clan_8814,66,29,1
clan_40832,clan_34446,66,29,1
clan_25649,clan_36290,66,29,1
clan_6924,clan_19149,66,29,1
clan_35951,clan_45931,66,30,1
clan_6266,clan_25664,66,30,1
clan_10013,clan_11602,66,30,1
clan_15897,clan_34687,66,30,1
clan_48233,clan_43145,66,30,1
clan_19214,clan_42384,66,30,1
clan_23682,clan_10676,66,30,1
clan_25955,clan_15012,66,30,1
clan_11287,clan_19772,66,30,1
clan_1857,clan_31294,66,30,1
clan_17348,clan_18888,66,30,1
clan_16195,clan_10310,66,30,1
clan_36945,clan_38140,66,30,1
clan_34239,clan_40637,66,30,1
clan_16638,clan_14651,66,30,1
clan_25163,clan_21800,66,30,1
clan_41051,clan_40448,66,30,1
clan_27378,clan_21769,66,30,1
clan_32597,clan_2873,66,30,1
clan_26235,clan_20706,66,30,1
clan_39253,clan_43256,66,30,1
clan_46485,clan_8847,66,30,1
clan_26368,clan_31359,66,30,1
clan_45573,clan_48313,66,30,1
clan_31594,clan_41555,66,30,1
clan_13326,clan_6930,66,30,1
clan_36362,clan_12013,66,30,1
clan_14867,clan_4208,66,30,1
clan_21474,clan_4189,66,30,1
clan_17790,clan_6328,66,30,1
clan_48381,clan_44479,66,30,1
clan_39038,clan_4894,66,30,1
clan_22841,clan_34927,66,30,1
clan_7017,clan_41877,66,30,1
clan_12019,clan_19275,66,30,1
clan_18188,clan_18942,66,30,1
clan_46111,clan_39389,66,30,1
clan_40034,clan_18984,66,30,1
clan_41394,clan_30718,66,30,1
clan_33120,clan_19221,66,30,1
clan_29327,clan_35305,66,30,1
clan_32598,clan_35186,66,30,1
clan_31098,clan_35782,66,30,1
clan_766,clan_8318,66,30,1
clan_41670,clan_43477,66,30,1
clan_47495,clan_42364,66,30,1
clan_42232,clan_30179,66,30,1
clan_39271,clan_26950,66,30,1
clan_11192,clan_12922,66,30,1
clan_44252,clan_36269,66,30,1
clan_27241,clan_38255,66,30,1
clan_25483,clan_32865,66,30,1
clan_34067,clan_13885,66,30,1
clan_27053,clan_20660,66,30,1
clan_19792,clan_15865,66,30,1
clan_31220,clan_26356,66,30,1
clan_39951,clan_30191,66,30,1
clan_43529,clan_34401,66,30,1
clan_38253,clan_37445,66,30,1
clan_7157,clan_34934,66,30,1
clan_3923,clan_10953,66,30,1
clan_44909,clan_25622,66,30,1
clan_40102,clan_27630,66,30,1
clan_34441,clan_21593,66,30,1
clan_41934,clan_45605,66,30,1
clan_23292,clan_7213,66,30,1
clan_27917,clan_15809,66,30,1
clan_29293,clan_29979,66,30,1
clan_43031,clan_31670,66,30,1
clan_14665,clan_38099,66,30,1
clan_48401,clan_44687,66,30,1
clan_46280,clan_46546,66,30,1
clan_35444,clan_15048,66,30,1
clan_644,clan_43106,66,30,1
clan_22066,clan_27910,66,30,1
clan_16104,clan_9812,66,30,1
clan_13946,clan_28876,66,30,1
clan_7448,clan_14032,66,30,1
clan_14728,clan_22424,66,30,1
clan_39589,clan_2152,66,30,1
clan_43720,clan_39796,66,30,1
clan_26522,clan_12762,66,30,1
clan_18086,clan_22781,66,30,1
clan_29244,clan_9895,66,30,1
clan_22822,clan_14556,66,30,1
clan_8856,clan_24666,66,30,1
clan_11688,clan_17997,66,30,1
clan_37473,clan_34031,66,30,1
clan_33628,clan_25891,66,30,1
clan_43891,clan_244,66,30,1
clan_46260,clan_43744,66,30,1
clan_19730,clan_23324,66,30,1
clan_38193,clan_34924,66,30,1
clan_39283,clan_16873,66,30,1
clan_45198,clan_42089,66,30,1
clan_36617,clan_29907,66,30,1
clan_21280,clan_23337,66,30,1
clan_24492,clan_19587,66,30,1
clan_45833,clan_41852,66,30,1
clan_32983,clan_31819,66,31,1
clan_35441,clan_18269,66,31,1
clan_12482,clan_5518,66,31,1
clan_8388,clan_9782,66,31,1
clan_24462,clan_19676,66,31,1
clan_42135,clan_32967,66,32,1
clan_37765,clan_8058,66,32,1
clan_29828,clan_3840,66,32,1
clan_23639,clan_7901,66,32,1
clan_47258,clan_47984,66,32,1
clan_33121,clan_12769,66,32,1
clan_43815,clan_35619,66,32,1
clan_7723,clan_19226,66,32,1
clan_8884,clan_2782,66,32,1
clan_7459,clan_3626,66,32,1
clan_22530,clan_5830,66,32,1
clan_29539,clan_29268,66,32,1
clan_12540,clan_34782,66,32,1
clan_20296,clan_27043,66,32,1
clan_39740,clan_29110,66,32,1
clan_2132,clan_36236,66,32,1
clan_35857,clan_32022,66,32,1
clan_9988,clan_20446,66,32,1
clan_29306,clan_22643,66,32,1
clan_30687,clan_26476,66,32,1
clan_26425,clan_21503,66,32,1
clan_31137,clan_40907,66,32,1
clan_21201,clan_38246,66,32,1
clan_28610,clan_4813,66,32,1
clan_21171,clan_20949,66,32,1
clan_1802,clan_559,66,32,1
clan_356,clan_900,66,32,1
clan_39757,clan_10118,66,32,1
clan_45508,clan_36565,66,32,1
clan_20888,clan_31259,66,32,1
clan_36412,clan_21147,66,32,1
clan_48156,clan_44514,66,33,1
clan_28377,clan_15944,66,33,1
clan_2212,clan_145,66,33,1
clan_16640,clan_8463,66,33,1
clan_31685,clan_38321,66,33,1
clan_47399,clan_47477,66,33,1
clan_37715,clan_47674,66,33,1
clan_4338,clan_25019,66,33,1
clan_16120,clan_24509,66,33,1
clan_14045,clan_18058,66,33,1
clan_10806,clan_4369,66,33,1
clan_10082,clan_25064,66,33,1
clan_42551,clan_28325,66,33,1
clan_1712,clan_46017,66,33,1
clan_9438,clan_25425,66,33,1
clan_7222,clan_10605,66,33,1
clan_17419,clan_44884,66,33,1
clan_21041,clan_34137,66,33,1
clan_22084,clan_2793,66,33,1
clan_9739,clan_10999,66,33,1
clan_14106,clan_29466,66,33,1
clan_14394,clan_5797,66,33,1
clan_10420,clan_25363,66,33,1
clan_15638,clan_33598,66,33,1
clan_13163,clan_33612,66,33,1
clan_37318,clan_37208,66,33,1
clan_38546,clan_17957,66,33,1
clan_23624,clan_21544,66,33,1
clan_41991,clan_38171,66,33,1
clan_45774,clan_47669,66,33,1
clan_4088,clan_13784,66,33,1
clan_43601,clan_44118,66,33,1
clan_44047,clan_1905,66,33,1
clan_25763,clan_30773,66,33,1
clan_17534,clan_21313,66,33,1
clan_30301,clan_7323,66,33,1
clan_41661,clan_17235,66,33,1
clan_42537,clan_23051,66,33,1
clan_15318,clan_13647,66,33,1
clan_46458,clan_41837,66,33,1
clan_33546,clan_44305,66,33,1
clan_42714,clan_1105,66,33,1
clan_491,clan_25764,66,33,1
clan_42453,clan_36603,66,33,1
clan_40441,clan_32904,66,33,1
clan_34126,clan_33503,66,33,1
clan_40469,clan_18359,66,33,1
clan_30686,clan_15410,66,33,1
clan_26593,clan_38156,66,33,1
clan_38130,clan_19268,66,33,1
clan_30858,clan_16346,66,33,1
clan_40786,clan_16549,66,33,1
clan_46254,clan_37464,66,33,1
clan_46125,clan_30940,66,33,1
clan_2139,clan_2781,66,33,1
clan_30669,clan_21655,66,33,1
clan_47843,clan_42079,66,33,1
clan_47471,clan_46943,66,33,1
clan_40681,clan_33695,66,33,1
clan_38821,clan_16723,66,33,1
clan_46457,clan_42164,66,33,1
clan_31061,clan_43634,66,33,1
clan_45210,clan_2240,66,33,1
clan_41575,clan_14937,66,33,1
clan_26733,clan_3497,66,33,1
clan_17987,clan_21734,66,33,1
clan_32656,clan_2779,66,33,1
clan_11833,clan_33144,66,33,1
clan_40882,clan_41539,66,33,1
clan_32124,clan_38476,66,33,1
clan_41969,clan_28923,66,33,1
clan_39267,clan_45407,66,33,1
clan_743,clan_30580,66,33,1
clan_43007,clan_46784,66,33,1
clan_20923,clan_1079,66,33,1
clan_44920,clan_43288,66,33,1
clan_33226,clan_4016,66,33,1
clan_44159,clan_22528,66,33,1
clan_37669,clan_45776,66,33,1
clan_24529,clan_7517,66,33,1
clan_32729,clan_29246,66,33,1
clan_26598,clan_4296,66,33,1
clan_22410,clan_27734,66,33,1
clan_25010,clan_12828,66,33,1
clan_10985,clan_22490,66,33,1
clan_43417,clan_24498,66,33,1
clan_33228,clan_22159,66,33,1
clan_18539,clan_9225,66,33,1
clan_48119,clan_45764,66,33,1
clan_44871,clan_38812,66,33,1
clan_30725,clan_39314,66,33,1
clan_34570,clan_26364,66,33,1
clan_41927,clan_3760,66,33,1
clan_29592,clan_42206,66,33,1
clan_31662,clan_37495,66,33,1
clan_48571,clan_28960,66,33,1
clan_47762,clan_45850,66,34,1
clan_41710,clan_42913,66,35,1
clan_32801,clan_10772,66,35,1
clan_31248,clan_15448,66,35,1
clan_30127,clan_13512,66,35,1
clan_5654,clan_26152,66,35,1
clan_2002,clan_47823,66,35,1
clan_31287,clan_4109,66,35,1
clan_15633,clan_16392,66,35,1
clan_37571,clan_32938,66,35,1
clan_27590,clan_17970,66,35,1
clan_39709,clan_21377,66,35,1
clan_1917,clan_1758,66,35,1
clan_31816,clan_3629,66,35,1
clan_21643,clan_42513,66,35,1
clan_38965,clan_39568,66,35,1
clan_39978,clan_45044,66,35,1
clan_31243,clan_14633,66,36,1
clan_32994,clan_29367,66,36,1
clan_7920,clan_28877,66,36,1
clan_36148,clan_10858,66,36,1
clan_41754,clan_45306,66,36,1
clan_1506,clan_47558,66,36,1
clan_16094,clan_9192,66,36,1
clan_44017,clan_37505,66,36,1
clan_41463,clan_36782,66,36,1
clan_24742,clan_5645,66,36,1
clan_42900,clan_25041,66,36,1
clan_35412,clan_12874,66,36,1
clan_43780,clan_36841,66,36,1
clan_17154,clan_18495,66,36,1
clan_8391,clan_26150,66,36,1
clan_37592,clan_32108,66,36,1
clan_47918,clan_36957,66,36,1
clan_26786,clan_2238,66,36,1
clan_48056,clan_2872,66,36,1
clan_18412,clan_9491,66,36,1
clan_37156,clan_25028,66,36,1
clan_23585,clan_206,66,36,1
clan_37254,clan_36770,66,36,1
clan_24537,clan_14301,66,36,1
clan_34395,clan_47563,66,36,1
clan_43773,clan_15840,66,36,1
clan_19132,clan_16123,66,36,1
clan_31589,clan_9932,66,36,1
clan_36390,clan_27203,66,36,1
clan_45163,clan_47944,66,36,1
clan_45952,clan_35357,66,36,1
clan_15275,clan_26734,66,36,1
clan_48372,clan_42923,66,36,1
clan_3431,clan_25916,66,36,1
clan_43842,clan_34317,66,36,1
clan_9707,clan_17165,66,36,1
clan_44143,clan_34906,66,36,1
clan_25486,clan_22858,66,36,1
clan_42767,clan_24489,66,36,1
clan_26758,clan_5314,66,36,1
clan_29820,clan_9206,66,36,1
clan_33092,clan_38636,66,36,1
clan_43717,clan_1440,66,36,1
clan_651,clan_38834,66,36,1
clan_32255,clan_21654,66,36,1
clan_45367,clan_47892,66,36,1
clan_3260,clan_6774,66,36,1
clan_37294,clan_3382,66,36,1
clan_47511,clan_38806,66,36,1
clan_38794,clan_21750,66,36,1
clan_17238,clan_9807,66,36,1
clan_24213,clan_29605,66,36,1
clan_29760,clan_16460,66,36,1
clan_46802,clan_46512,66,36,1
clan_34860,clan_19790,66,36,1
clan_15924,clan_13209,66,36,1
clan_7935,clan_16830,66,36,1
clan_39562,clan_27688,66,36,1
clan_1182,clan_16202,66,36,1
clan_34046,clan_21626,66,36,1
clan_43057,clan_46030,66,36,1
clan_36138,clan_14774,66,36,1
clan_37776,clan_30273,66,36,1
clan_36735,clan_24608,66,36,1
clan_43736,clan_43577,66,36,1
clan_30615,clan_19621,66,36,1
clan_22835,clan_12601,66,36,1
clan_20516,clan_4212,66,36,1
clan_33673,clan_24906,66,36,1
clan_31694,clan_6239,66,36,1
clan_15373,clan_38142,66,36,1
clan_26542,clan_37003,66,36,1
clan_34531,clan_46438,66,36,1
clan_39893,clan_32335,66,36,1
clan_4671,clan_28574,66,36,1
clan_14862,clan_26016,66,36,1
clan_13723,clan_16095,66,36,1
clan_32288,clan_37331,66,36,1
clan_29055,clan_33005,66,36,1
clan_1694,clan_33190,66,36,1
clan_19494,clan_32453,66,36,1
clan_4197,clan_33185,66,36,1
clan_29856,clan_19559,66,36,1
clan_39621,clan_33453,66,36,1
clan_28158,clan_12596,66,36,1
clan_38505,clan_34389,66,36,1
clan_33397,clan_25476,66,36,1
clan_27553,clan_45974,66,36,1
clan_12463,clan_19398,66,36,1
clan_37293,clan_15841,66,36,1
clan_41209,clan_43611,66,36,1
clan_40338,clan_24052,66,36,1
clan_22753,clan_16990,66,36,1
clan_20838,clan_5354,66,36,1
clan_12055,clan_4468,66,36,1
clan_5781,clan_8211,66,36,1
clan_2066,clan_691,66,36,1
clan_26203,clan_5517,66,36,1
clan_34652,clan_29087,66,36,1
clan_39486,clan_6371,66,36,1
clan_31126,clan_30445,66,36,1
clan_22540,clan_17570,66,36,1
clan_1928,clan_28200,66,36,1
clan_46075,clan_41370,66,36,1
clan_24569,clan_31420,66,36,1
clan_47357,clan_43336,66,36,1
clan_45750,clan_43800,66,36,1
clan_32252,clan_3899,66,36,1
clan_12204,clan_27967,66,36,1
clan_39174,clan_12698,66,36,1
clan_18394,clan_27323,66,36,1
clan_8256,clan_19148,66,36,1
clan_39198,clan_43499,66,36,1
clan_37282,clan_24713,66,36,1
clan_33265,clan_7107,66,36,1
clan_13696,clan_2409,66,36,1
clan_39129,clan_39595,66,36,1
clan_36815,clan_24825,66,36,1
clan_44598,clan_39353,66,36,1
clan_41994,clan_7405,66,36,1
clan_44115,clan_41103,66,36,1
clan_46734,clan_38345,66,36,1
clan_12603,clan_5402,66,36,1
clan_36263,clan_26759,66,36,1
clan_30358,clan_6147,66,36,1
clan_30895,clan_36323,66,36,1
clan_48154,clan_427,66,36,1
clan_35063,clan_10594,66,36,1
clan_6400,clan_23511,66,36,1
clan_31932,clan_47275,66,36,1
clan_46805,clan_44105,66,36,1
clan_6196,clan_17948,66,36,1
clan_44453,clan_1978,66,36,1
clan_44793,clan_42483,66,36,1
clan_9,clan_45074,66,36,1
clan_36567,clan_27409,66,36,1
clan_44250,clan_11747,66,36,1
clan_34214,clan_19127,66,36,1
clan_35503,clan_5,66,36,1
clan_23523,clan_17093,66,36,1
clan_46077,clan_42243,66,36,1
clan_21753,clan_17573,66,36,1
clan_19036,clan_23709,66,36,1
clan_20266,clan_14471,66,36,1
clan_3892,clan_25160,66,36,1
clan_17729,clan_24611,66,36,1
clan_45530,clan_26347,66,36,1
clan_32859,clan_31817,66,36,1
clan_18227,clan_14896,66,36,1
clan_44253,clan_37225,66,36,1
clan_24332,clan_12949,66,36,1
clan_25145,clan_36805,66,36,1
clan_26327,clan_7140,66,36,1
clan_1569,clan_48105,66,36,1
clan_34621,clan_10381,66,36,1
clan_15152,clan_7116,66,37,1
clan_31109,clan_9530,66,37,1
clan_32714,clan_40485,66,37,1
clan_3155,clan_10850,66,37,1
clan_21364,clan_14459,66,38,1
clan_16028,clan_37255,66,38,1
clan_43028,clan_9237,66,38,1
clan_33391,clan_33,66,38,1
clan_14165,clan_12744,66,38,1
clan_7071,clan_25372,66,38,1
clan_28249,clan_23228,66,38,1
clan_46327,clan_48356,66,38,1
clan_33642,clan_28046,66,38,1
clan_19318,clan_29922,66,38,1
clan_36267,clan_39166,66,38,1
clan_38479,clan_29805,66,38,1
clan_33757,clan_5679,66,38,1
clan_1753,clan_48197,66,38,1
clan_19828,clan_35104,66,38,1
clan_38398,clan_46782,66,38,1
clan_17794,clan_21590,66,38,1
clan_11144,clan_23426,66,38,1
clan_21191,clan_27158,66,38,1
clan_47694,clan_46525,66,38,1
clan_39955,clan_36136,66,38,1
clan_1517,clan_859,66,38,1
clan_24269,clan_5767,66,38,1
clan_47124,clan_36896,66,38,1
clan_33758,clan_32068,66,38,1
clan_8597,clan_22952,66,38,1
clan_25310,clan_16263,66,38,1
clan_27483,clan_2958,66,38,1
clan_43174,clan_29158,66,38,1
clan_401,clan_19870,66,38,1
clan_41046,clan_21310,66,38,1
clan_35651,clan_20110,66,38,1
clan_36582,clan_2553,66,39,1
clan_43222,clan_46044,66,39,1
clan_28552,clan_39497,66,39,1
clan_27742,clan_28401,66,39,1
clan_26937,clan_43589,66,39,1
clan_39022,clan_41620,66,39,1
clan_21022,clan_3978,66,39,1
clan_45405,clan_42006,66,39,1
clan_47513,clan_40738,66,39,1
clan_17738,clan_30248,66,39,1
clan_1921,clan_37072,66,39,1
clan_32608,clan_12336,66,39,1
clan_32613,clan_35537,66,39,1
clan_45827,clan_44443,66,39,1
clan_21285,clan_35378,66,39,1
clan_17250,clan_11567,66,39,1
clan_5694,clan_8279,66,39,1
clan_46231,clan_47003,66,39,1
clan_33347,clan_41568,66,39,1
clan_21854,clan_3533,66,39,1
clan_32780,clan_19184,66,39,1
clan_1466,clan_41153,66,39,1
clan_6648,clan_20259,66,39,1
clan_45374,clan_45848,66,39,1
clan_33650,clan_39297,66,39,1
clan_24791,clan_19758,66,39,1
clan_14597,clan_13964,66,39,1
clan_44525,clan_14134,66,39,1
clan_22476,clan_23260,66,39,1
clan_47774,clan_45617,66,39,1
clan_47686,clan_39911,66,39,1
clan_44467,clan_41628,66,39,1
clan_30037,clan_28256,66,39,1
clan_4730,clan_46070,66,39,1
clan_12786,clan_13195,66,39,1
clan_31524,clan_5243,66,39,1
clan_2726,clan_21546,66,39,1
clan_43653,clan_20750,66,39,1
clan_46785,clan_1675,66,39,1
clan_34884,clan_25987,66,39,1
clan_14232,clan_15269,66,39,1
clan_45749,clan_39352,66,39,1
clan_38355,clan_19113,66,39,1
clan_42120,clan_43845,66,39,1
clan_40683,clan_11146,66,39,1
clan_44637,clan_229,66,39,1
clan_20589,clan_11784,66,39,1
clan_45449,clan_31570,66,39,1
clan_40796,clan_545,66,39,1
clan_35126,clan_2945,66,39,1
clan_33875,clan_24315,66,39,1
clan_48051,clan_42151,66,39,1
clan_34276,clan_14807,66,39,1
clan_23573,clan_6950,66,39,1
clan_31522,clan_23657,66,39,1
clan_39805,clan_35065,66,39,1
clan_40635,clan_30483,66,39,1
clan_20677,clan_14050,66,39,1
clan_40746,clan_46753,66,39,1
clan_17867,clan_48050,66,39,1
clan_40110,clan_42700,66,39,1
clan_46695,clan_1703,66,39,1
clan_32662,clan_2454,66,39,1
clan_28908,clan_4731,66,39,1
clan_39781,clan_44868,66,39,1
clan_37351,clan_33058,66,39,1
clan_13814,clan_34728,66,39,1
clan_35720,clan_9537,66,39,1
clan_2020,clan_47369,66,39,1
clan_36490,clan_39815,66,39,1
clan_32949,clan_15290,66,39,1
clan_34554,clan_30829,66,39,1
clan_45289,clan_38393,66,39,1
clan_32229,clan_28488,66,39,1
clan_137,clan_35094,66,39,1
clan_47175,clan_45856,66,39,1
clan_3409,clan_3944,66,39,1
clan_25191,clan_14915,66,39,1
clan_24344,clan_22592,66,39,1
clan_47241,clan_36423,66,39,1
clan_46466,clan_41863,66,39,1
clan_32,clan_37500,66,39,1
clan_22516,clan_40202,66,39,1
clan_45881,clan_35880,66,39,1
clan_47738,clan_48475,66,39,1
clan_42069,clan_26891,66,39,1
clan_1457,clan_46635,66,39,1
clan_4755,clan_26606,66,39,1
clan_42217,clan_28446,66,39,1
clan_42270,clan_42288,66,39,1
clan_45001,clan_45969,66,39,1
clan_4067,clan_11801,66,39,1
clan_32470,clan_18788,66,39,1
clan_22966,clan_7103,66,39,1
clan_1253,clan_31205,66,39,1
clan_10258,clan_17954,66,39,1
clan_6080,clan_1493,66,39,1
clan_5994,clan_9137,66,39,1
clan_42914,clan_19376,66,39,1
clan_14385,clan_32089,66,39,1
clan_29822,clan_27343,66,39,1
clan_46863,clan_36063,66,39,1
clan_4253,clan_15925,66,39,1
clan_18329,clan_25370,66,39,1
clan_35300,clan_9836,66,39,1
clan_34418,clan_5959,66,39,1
clan_802,clan_32264,66,39,1
clan_1163,clan_46879,66,39,1
clan_25612,clan_7147,66,39,1
clan_34121,clan_11866,66,39,1
clan_38956,clan_7916,66,39,1
clan_47059,clan_36641,66,39,1
clan_41218,clan_28428,66,39,1
clan_1229,clan_46893,66,39,1
clan_4948,clan_14167,66,39,1
clan_36780,clan_26963,66,39,1
clan_4738,clan_11778,66,39,1
clan_35711,clan_13324,66,39,1
clan_46308,clan_41250,66,39,1
clan_31140,clan_15083,66,39,1
clan_24057,clan_27510,66,39,1
clan_42083,clan_46002,66,39,1
clan_35524,clan_25637,66,39,1
clan_38782,clan_38983,66,39,1
clan_12934,clan_27879,66,39,1
clan_1363,clan_42305,66,39,1
clan_16038,clan_38294,66,39,1
clan_47297,clan_48232,66,39,1
clan_48034,clan_46281,66,39,1
clan_42510,clan_15893,66,39,1
clan_27607,clan_13591,66,39,1
clan_5114,clan_12315,66,39,1
clan_1165,clan_48436,66,39,1
clan_19199,clan_27538,66,39,1
clan_45667,clan_47740,66,39,1
clan_41569,clan_18482,66,39,1
clan_10617,clan_46262,66,39,1
clan_15621,clan_25290,66,39,1
clan_28297,clan_5182,66,39,1
clan_47129,clan_43735,66,39,1
clan_20230,clan_8239,66,39,1
clan_8580,clan_32185,66,39,1
clan_5208,clan_37054,66,39,1
clan_17754,clan_8424,66,39,1
clan_8804,clan_18211,66,39,1
clan_19887,clan_20555,66,39,1
clan_430,clan_46975,66,39,1
clan_40004,clan_37454,66,39,1
clan_47898,clan_45096,66,39,1
clan_385,clan_30146,66,39,1
clan_38007,clan_20425,66,39,1
clan_41980,clan_46612,66,42,1
clan_47384,clan_1,66,42,1
clan_853,clan_47800,66,43,1
clan_47223,clan_45390,66,45,1
clan_48448,clan_46147,66,48,1
clan_250,clan_48241,66,57,1
clan_369,clan_757,66,60,1
clan_15533,clan_24821,67,9,1
clan_17265,clan_16840,67,12,1
clan_14709,clan_16226,67,13,1
clan_8600,clan_17178,67,13,1
clan_5424,clan_16221,67,15,1
clan_41547,clan_12585,67,17,1
clan_33566,clan_25281,67,18,1
clan_10281,clan_17430,67,19,1
clan_2917,clan_20957,67,21,1
clan_7232,clan_5100,67,21,1
clan_3314,clan_13176,67,21,1
clan_13575,clan_8168,67,23,1
clan_29342,clan_2276,67,23,1
clan_3934,clan_15123,67,23,1
clan_28005,clan_16814,67,24,1
clan_41257,clan_29540,67,24,1
clan_3955,clan_11772,67,24,1
clan_13979,clan_19462,67,24,1
clan_27995,clan_5622,67,24,1
clan_40940,clan_34607,67,24,1
clan_8441,clan_26525,67,25,1
clan_36051,clan_9190,67,26,1
clan_37112,clan_19292,67,26,1
clan_26836,clan_11370,67,26,1
clan_5834,clan_12181,67,26,1
clan_43987,clan_44344,67,27,1
clan_12177,clan_11737,67,27,1
clan_31427,clan_7145,67,28,1
clan_28706,clan_9308,67,29,1
clan_47004,clan_39231,67,30,1
clan_26731,clan_8083,67,31,1
clan_45846,clan_39845,67,33,1
clan_12852,clan_3554,67,33,1
clan_43430,clan_25573,67,33,1
clan_24103,clan_33241,67,33,1
clan_787,clan_269,67,36,1
clan_47780,clan_47473,67,41,1
clan_40850,clan_46808,67,49,1
clan_44349,clan_19514,68,8,1
clan_10720,clan_10771,68,9,1
clan_31881,clan_12218,68,9,1
clan_4077,clan_24700,68,11,1
clan_42642,clan_1749,68,11,1
clan_27769,clan_21505,68,12,1
clan_11316,clan_8321,68,13,1
clan_21879,clan_10669,68,13,1
clan_15722,clan_5875,68,13,1
clan_18304,clan_5304,68,14,1
clan_27958,clan_3477,68,15,1
clan_7170,clan_13938,68,15,1
clan_31775,clan_12011,68,15,1
clan_5087,clan_22437,68,15,1
clan_25357,clan_15199,68,15,1
clan_14985,clan_14048,68,16,1
clan_16505,clan_6007,68,17,1
clan_39823,clan_12122,68,17,1
clan_25268,clan_5368,68,17,1
clan_33222,clan_26325,68,18,1
clan_35633,clan_30523,68,18,1
clan_21996,clan_5923,68,18,1
clan_2669,clan_9454,68,18,1
clan_42431,clan_21381,68,18,1
clan_6355,clan_16862,68,18,1
clan_40558,clan_11805,68,19,1
clan_30647,clan_10431,68,19,1
clan_36111,clan_33545,68,19,1
clan_27037,clan_18112,68,19,1
clan_12715,clan_3547,68,19,1
clan_25194,clan_12768,68,20,1
clan_50,clan_33610,68,20,1
clan_4312,clan_12808,68,20,1
clan_29833,clan_29294,68,20,1
clan_25304,clan_11096,68,20,1
clan_37303,clan_52,68,20,1
clan_21820,clan_10552,68,20,1
clan_42109,clan_33727,68,21,1
clan_41610,clan_78,68,21,1
clan_6308,clan_10231,68,21,1
clan_33567,clan_24752,68,21,1
clan_46942,clan_43521,68,21,1
clan_11410,clan_13319,68,21,1
clan_13650,clan_4957,68,21,1
clan_32138,clan_10536,68,21,1
clan_34008,clan_30898,68,21,1
clan_38578,clan_24728,68,21,1
clan_3698,clan_18935,68,21,1
clan_38009,clan_44110,68,21,1
clan_16738,clan_15836,68,22,1
clan_19637,clan_28352,68,23,1
clan_25960,clan_16355,68,23,1
clan_13770,clan_8977,68,23,1
clan_27831,clan_13534,68,23,1
clan_43820,clan_32995,68,23,1
clan_13840,clan_36368,68,23,1
clan_35418,clan_22895,68,23,1
clan_25103,clan_20882,68,24,1
clan_34898,clan_30333,68,24,1
clan_24119,clan_15677,68,24,1
clan_46547,clan_23179,68,24,1
clan_38286,clan_27866,68,24,1
clan_2266,clan_1587,68,24,1
clan_38589,clan_8492,68,24,1
clan_19543,clan_4435,68,24,1
clan_4256,clan_17229,68,24,1
clan_25556,clan_15490,68,24,1
clan_29793,clan_12920,68,24,1
clan_30484,clan_27628,68,24,1
clan_28658,clan_23006,68,24,1
clan_37504,clan_31217,68,25,1
clan_28815,clan_27551,68,25,1
clan_2274,clan_1379,68,25,1
clan_10085,clan_6596,68,25,1
clan_3710,clan_2850,68,26,1
clan_34271,clan_25139,68,26,1
clan_233,clan_421,68,26,1
clan_34968,clan_31165,68,26,1
clan_15538,clan_6211,68,26,1
clan_39582,clan_10844,68,26,1
clan_19594,clan_16517,68,26,1
clan_38477,clan_34447,68,26,1
clan_13888,clan_12021,68,26,1
clan_17697,clan_35096,68,26,1
clan_18183,clan_23383,68,26,1
clan_36847,clan_42236,68,27,1
clan_26323,clan_37377,68,27,1
clan_12519,clan_32205,68,27,1
clan_44475,clan_42547,68,27,1
clan_36575,clan_43766,68,27,1
clan_30173,clan_25359,68,27,1
clan_40684,clan_7540,68,27,1
clan_6533,clan_22779,68,27,1
clan_41452,clan_39895,68,27,1
clan_24395,clan_9862,68,27,1
clan_23480,clan_25141,68,27,1
clan_21973,clan_6593,68,28,1
clan_36869,clan_36528,68,28,1
clan_37209,clan_23472,68,28,1
clan_6307,clan_4170,68,29,1
clan_43575,clan_3818,68,29,1
clan_42849,clan_3733,68,29,1
clan_23135,clan_19348,68,29,1
clan_45335,clan_43870,68,29,1
clan_9298,clan_16568,68,29,1
clan_39574,clan_8770,68,29,1
clan_9933,clan_2921,68,29,1
clan_46358,clan_31379,68,29,1
clan_17835,clan_43946,68,30,1
clan_18609,clan_4613,68,30,1
clan_11156,clan_9189,68,30,1
clan_33958,clan_35868,68,30,1
clan_31576,clan_14356,68,30,1
clan_35781,clan_34742,68,30,1
clan_33820,clan_20531,68,30,1
clan_32466,clan_39202,68,30,1
clan_42114,clan_33469,68,30,1
clan_40926,clan_8610,68,30,1
clan_45789,clan_42410,68,30,1
clan_8857,clan_10041,68,30,1
clan_16062,clan_5436,68,30,1
clan_18657,clan_7133,68,30,1
clan_1007,clan_27438,68,30,1
clan_33015,clan_253,68,30,1
clan_16336,clan_6702,68,30,1
clan_33295,clan_19388,68,30,1
clan_48575,clan_45260,68,30,1
clan_43309,clan_46205,68,32,1
clan_17984,clan_21401,68,32,1
clan_37062,clan_23077,68,33,1
clan_17657,clan_41186,68,33,1
clan_46518,clan_31771,68,33,1
clan_30315,clan_13502,68,33,1
clan_5605,clan_9326,68,33,1
clan_30920,clan_31076,68,33,1
clan_17671,clan_9619,68,33,1
clan_29508,clan_7238,68,33,1
clan_32803,clan_5403,68,33,1
clan_20538,clan_40278,68,33,1
clan_13219,clan_2631,68,33,1
clan_10649,clan_28717,68,33,1
clan_20522,clan_29225,68,33,1
clan_30031,clan_34940,68,33,1
clan_14828,clan_10878,68,33,1
clan_543,clan_46771,68,65,1
clan_27992,clan_30584,69,8,1
clan_29051,clan_40198,69,11,1
clan_24351,clan_35257,69,12,1
clan_11355,clan_15017,69,14,1
clan_8955,clan_9352,69,14,1
clan_24995,clan_16130,69,14,1
clan_38026,clan_23824,69,14,1
clan_27575,clan_17974,69,14,1
clan_10572,clan_9079,69,14,1
clan_1226,clan_8267,69,14,1
clan_46032,clan_18947,69,14,1
clan_20592,clan_3004,69,15,1
clan_44168,clan_16669,69,15,1
clan_46270,clan_31592,69,15,1
clan_14397,clan_18034,69,15,1
clan_19695,clan_3442,69,15,1
clan_28176,clan_3193,69,16,1
clan_39751,clan_581,69,17,1
clan_33422,clan_23816,69,17,1
clan_21673,clan_16017,69,17,1
clan_21409,clan_15867,69,17,1
clan_44056,clan_28410,69,17,1
clan_4406,clan_8420,69,18,1
clan_24077,clan_7118,69,18,1
clan_16646,clan_10162,69,18,1
clan_28404,clan_13063,69,18,1
clan_25317,clan_18867,69,18,1
clan_30806,clan_7672,69,18,1
clan_40245,clan_34757,69,18,1
clan_13636,clan_41353,69,18,1
clan_32657,clan_29472,69,18,1
clan_9357,clan_17909,69,18,1
clan_32382,clan_28922,69,18,1
clan_19660,clan_5298,69,18,1
clan_39686,clan_15052,69,19,1
clan_8036,clan_22086,69,19,1
clan_47975,clan_42446,69,20,1
clan_33611,clan_29387,69,20,1
clan_37080,clan_19105,69,20,1
clan_22146,clan_18433,69,20,1
clan_9903,clan_10899,69,20,1
clan_28078,clan_15549,69,20,1
clan_19813,clan_8010,69,20,1
clan_12550,clan_8796,69,20,1
clan_27541,clan_47603,69,20,1
clan_23793,clan_13064,69,20,1
clan_34318,clan_21439,69,21,1
clan_46362,clan_30114,69,21,1
clan_47235,clan_44161,69,21,1
clan_12332,clan_19302,69,21,1
clan_9681,clan_9546,69,21,1
clan_45383,clan_30106,69,21,1
clan_13052,clan_17614,69,21,1
clan_4587,clan_8314,69,21,1
clan_11282,clan_20189,69,21,1
clan_7601,clan_3329,69,21,1
clan_18088,clan_5280,69,21,1
clan_31906,clan_35079,69,21,1
clan_45196,clan_44302,69,21,1
clan_34307,clan_4945,69,21,1
clan_28040,clan_11608,69,21,1
clan_28669,clan_23236,69,21,1
clan_20521,clan_4646,69,21,1
clan_20162,clan_5217,69,21,1
clan_27514,clan_13667,69,21,1
clan_1177,clan_6690,69,21,1
clan_17162,clan_19777,69,21,1
clan_4516,clan_18305,69,21,1
clan_16838,clan_15061,69,21,1
clan_23204,clan_3623,69,21,1
clan_34168,clan_35878,69,21,1
clan_14969,clan_28310,69,22,1
clan_16666,clan_13104,69,22,1
clan_37196,clan_22040,69,22,1
clan_41087,clan_4856,69,22,1
clan_21742,clan_28323,69,23,1
clan_18943,clan_7756,69,23,1
clan_25550,clan_9072,69,23,1
clan_5425,clan_8070,69,23,1
clan_31260,clan_28978,69,23,1
clan_34861,clan_30956,69,23,1
clan_39256,clan_29893,69,23,1
clan_16994,clan_14354,69,23,1
clan_41057,clan_38919,69,23,1
clan_33113,clan_17237,69,23,1
clan_36287,clan_42203,69,23,1
clan_40958,clan_22464,69,23,1
clan_7880,clan_20082,69,23,1
clan_30546,clan_23722,69,23,1
clan_10764,clan_35097,69,23,1
clan_2449,clan_8917,69,24,1
clan_20434,clan_6064,69,24,1
clan_47652,clan_46865,69,24,1
clan_46770,clan_36931,69,24,1
clan_9262,clan_10735,69,24,1
clan_45027,clan_33572,69,24,1
clan_17031,clan_28682,69,24,1
clan_20184,clan_32378,69,24,1
clan_29665,clan_7264,69,24,1
clan_14014,clan_13873,69,24,1
clan_42996,clan_36932,69,24,1
clan_44513,clan_38927,69,24,1
clan_40993,clan_10317,69,24,1
clan_45845,clan_45541,69,24,1
clan_21119,clan_9289,69,24,1
clan_41283,clan_35147,69,24,1
clan_40759,clan_35284,69,24,1
clan_39195,clan_17760,69,24,1
clan_39240,clan_18918,69,24,1
clan_14465,clan_24663,69,24,1
clan_33794,clan_2633,69,24,1
clan_1137,clan_31752,69,24,1
clan_31049,clan_23172,69,24,1
clan_15551,clan_22338,69,24,1
clan_15728,clan_40729,69,24,1
clan_13693,clan_10988,69,24,1
clan_22077,clan_6778,69,24,1
clan_32579,clan_6770,69,24,1
clan_29460,clan_7331,69,24,1
clan_47122,clan_42011,69,24,1
clan_37859,clan_37767,69,24,1
clan_15205,clan_4947,69,24,1
clan_25119,clan_14972,69,24,1
clan_42932,clan_45718,69,24,1
clan_29642,clan_41016,69,24,1
clan_19161,clan_9582,69,24,1
clan_48054,clan_46827,69,24,1
clan_29991,clan_9020,69,24,1
clan_4301,clan_8242,69,24,1
clan_16967,clan_5872,69,24,1
clan_32500,clan_34606,69,24,1
clan_27371,clan_15365,69,24,1
clan_16112,clan_14453,69,24,1
clan_31574,clan_16413,69,24,1
clan_36310,clan_34718,69,24,1
clan_37144,clan_19407,69,24,1
clan_8525,clan_15217,69,24,1
clan_38863,clan_47724,69,24,1
clan_41420,clan_21675,69,24,1
clan_25677,clan_37508,69,24,1
clan_20223,clan_15141,69,24,1
clan_21252,clan_4739,69,25,1
clan_41765,clan_27363,69,25,1
clan_20588,clan_16602,69,25,1
clan_33252,clan_8631,69,26,1
clan_2490,clan_6938,69,26,1
clan_42037,clan_36867,69,26,1
clan_9651,clan_10179,69,26,1
clan_17878,clan_17108,69,26,1
clan_45621,clan_1329,69,26,1
clan_44604,clan_36875,69,26,1
clan_19785,clan_27162,69,26,1
clan_24534,clan_21164,69,26,1
clan_8333,clan_20615,69,26,1
clan_2911,clan_24915,69,26,1
clan_24113,clan_28406,69,26,1
clan_31376,clan_40546,69,26,1
clan_21802,clan_3678,69,26,1
clan_27057,clan_3484,69,26,1
clan_7590,clan_22785,69,26,1
clan_32538,clan_30826,69,26,1
clan_46687,clan_36886,69,26,1
clan_40979,clan_8180,69,26,1
clan_2202,clan_45784,69,26,1
clan_38442,clan_20767,69,26,1
clan_35242,clan_12821,69,26,1
clan_24890,clan_13577,69,26,1
clan_44937,clan_39743,69,26,1
clan_47942,clan_47604,69,27,1
clan_48103,clan_40760,69,27,1
clan_37938,clan_34620,69,27,1
clan_45362,clan_44091,69,27,1
clan_40150,clan_30420,69,27,1
clan_42005,clan_19337,69,27,1
clan_38308,clan_20088,69,27,1
clan_32283,clan_43594,69,27,1
clan_2199,clan_43700,69,27,1
clan_33369,clan_27151,69,27,1
clan_42144,clan_35953,69,27,1
clan_608,clan_45296,69,27,1
clan_14589,clan_13251,69,27,1
clan_30226,clan_12716,69,27,1
clan_21748,clan_10866,69,27,1
clan_29032,clan_13751,69,27,1
clan_45798,clan_43346,69,27,1
clan_32187,clan_28486,69,27,1
clan_28698,clan_7605,69,27,1
clan_8005,clan_17628,69,27,1
clan_44886,clan_44188,69,27,1
clan_30742,clan_21815,69,27,1
clan_46452,clan_46623,69,27,1
clan_41520,clan_11531,69,27,1
clan_17823,clan_28895,69,27,1
clan_40433,clan_28233,69,27,1
clan_10131,clan_3282,69,27,1
clan_47486,clan_33622,69,27,1
clan_25009,clan_5819,69,27,1
clan_27419,clan_23375,69,27,1
clan_40046,clan_25903,69,27,1
clan_5855,clan_22875,69,27,1
clan_5417,clan_6849,69,27,1
clan_35055,clan_37299,69,27,1
clan_35211,clan_37609,69,27,1
clan_46109,clan_42198,69,27,1
clan_32123,clan_24627,69,27,1
clan_43886,clan_36992,69,27,1
clan_1593,clan_942,69,27,1
clan_34948,clan_18785,69,27,1
clan_27982,clan_19815,69,27,1
clan_3635,clan_119,69,27,1
clan_1792,clan_1158,69,27,1
clan_42839,clan_20932,69,27,1
clan_34649,clan_1989,69,27,1
clan_5558,clan_19401,69,27,1
clan_36824,clan_34825,69,27,1
clan_46482,clan_6508,69,27,1
clan_42535,clan_42816,69,27,1
clan_45071,clan_26910,69,27,1
clan_8155,clan_15815,69,27,1
clan_42865,clan_38581,69,27,1
clan_36942,clan_17252,69,27,1
clan_32442,clan_10969,69,27,1
clan_23370,clan_17103,69,27,1
clan_45299,clan_34848,69,27,1
clan_18163,clan_15035,69,27,1
clan_35683,clan_48240,69,27,1
clan_10585,clan_27508,69,27,1
clan_6926,clan_22860,69,27,1
clan_14590,clan_41329,69,27,1
clan_31396,clan_27970,69,27,1
clan_40329,clan_7104,69,27,1
clan_4536,clan_3628,69,27,1
clan_27028,clan_19897,69,27,1
clan_43066,clan_39892,69,27,1
clan_34839,clan_43190,69,27,1
clan_46059,clan_36303,69,27,1
clan_11422,clan_19686,69,27,1
clan_44842,clan_34091,69,27,1
clan_45779,clan_44127,69,27,1
clan_30600,clan_4760,69,27,1
clan_46447,clan_45959,69,27,1
clan_40872,clan_25252,69,27,1
clan_35437,clan_22521,69,27,1
clan_41309,clan_18420,69,27,1
clan_14131,clan_17279,69,27,1
clan_14115,clan_13029,69,27,1
clan_13697,clan_30070,69,27,1
clan_10515,clan_15768,69,27,1
clan_45533,clan_45583,69,27,1
clan_21238,clan_11638,69,27,1
clan_40743,clan_8462,69,27,1
clan_23665,clan_8806,69,27,1
clan_8678,clan_8066,69,27,1
clan_1398,clan_16540,69,27,1
clan_26807,clan_36744,69,27,1
clan_10481,clan_37230,69,28,1
clan_10115,clan_17605,69,28,1
clan_36820,clan_6620,69,29,1
clan_26790,clan_15339,69,29,1
clan_6524,clan_20492,69,29,1
clan_39047,clan_15676,69,29,1
clan_39035,clan_19959,69,29,1
clan_39677,clan_4260,69,29,1
clan_39242,clan_45663,69,29,1
clan_39071,clan_16613,69,29,1
clan_8704,clan_12974,69,29,1
clan_42583,clan_22937,69,29,1
clan_47118,clan_44332,69,29,1
clan_15852,clan_2495,69,29,1
clan_40893,clan_6844,69,29,1
clan_45737,clan_40668,69,29,1
clan_46052,clan_35381,69,29,1
clan_14248,clan_7076,69,29,1
clan_4623,clan_23856,69,29,1
clan_36661,clan_6483,69,29,1
clan_39365,clan_1995,69,29,1
clan_44841,clan_46598,69,29,1
clan_31955,clan_21862,69,29,1
clan_6673,clan_5566,69,29,1
clan_39954,clan_26901,69,29,1
clan_39753,clan_38975,69,29,1
clan_29016,clan_22589,69,29,1
clan_10338,clan_24705,69,30,1
clan_2117,clan_5699,69,30,1
clan_17081,clan_6682,69,30,1
clan_24894,clan_24633,69,30,1
clan_40315,clan_31060,69,30,1
clan_24089,clan_20022,69,30,1
clan_45688,clan_44367,69,30,1
clan_3538,clan_46704,69,30,1
clan_39157,clan_17394,69,30,1
clan_43150,clan_28830,69,30,1
clan_47081,clan_47545,69,30,1
clan_25834,clan_19968,69,30,1
clan_17045,clan_44449,69,30,1
clan_40057,clan_12986,69,30,1
clan_4037,clan_11110,69,30,1
clan_44657,clan_44512,69,30,1
clan_38338,clan_27316,69,30,1
clan_42761,clan_32455,69,30,1
clan_21349,clan_2609,69,30,1
clan_41202,clan_44716,69,30,1
clan_44032,clan_45207,69,30,1
clan_13828,clan_33666,69,30,1
clan_47938,clan_39310,69,30,1
clan_37738,clan_33206,69,30,1
clan_27169,clan_22499,69,30,1
clan_11467,clan_4626,69,30,1
clan_22670,clan_21878,69,30,1
clan_23854,clan_20138,69,30,1
clan_32238,clan_34324,69,30,1
clan_34943,clan_3122,69,30,1
clan_32465,clan_5336,69,30,1
clan_14136,clan_40593,69,30,1
clan_20631,clan_21152,69,30,1
clan_16434,clan_3178,69,30,1
clan_23826,clan_22284,69,30,1
clan_32029,clan_11947,69,30,1
clan_10684,clan_15344,69,30,1
clan_24403,clan_17741,69,30,1
clan_12645,clan_4919,69,30,1
clan_22283,clan_39084,69,30,1
clan_35866,clan_13295,69,30,1
clan_43237,clan_46847,69,30,1
clan_34299,clan_16228,69,30,1
clan_7487,clan_24401,69,30,1
clan_32523,clan_29819,69,30,1
clan_43776,clan_15905,69,30,1
clan_20785,clan_41809,69,30,1
clan_32260,clan_38176,69,30,1
clan_24488,clan_13542,69,30,1
clan_29626,clan_15575,69,30,1
clan_7785,clan_18307,69,30,1
clan_33261,clan_15623,69,30,1
clan_38339,clan_41558,69,30,1
clan_34896,clan_20123,69,30,1
clan_33012,clan_6151,69,30,1
clan_5577,clan_24453,69,30,1
clan_45304,clan_26740,69,30,1
clan_35261,clan_12433,69,30,1
clan_33585,clan_8426,69,30,1
clan_15398,clan_14886,69,30,1
clan_41166,clan_22945,69,30,1
clan_31015,clan_6157,69,30,1
clan_41621,clan_43364,69,30,1
clan_40006,clan_10662,69,30,1
clan_3203,clan_23750,69,30,1
clan_33916,clan_8205,69,30,1
clan_46551,clan_42640,69,30,1
clan_46748,clan_45352,69,30,1
clan_43425,clan_40785,69,30,1
clan_2174,clan_846,69,30,1
clan_48144,clan_48491,69,30,1
clan_42564,clan_28573,69,30,1
clan_1953,clan_47812,69,30,1
clan_44121,clan_19224,69,30,1
clan_8105,clan_29136,69,30,1
clan_30597,clan_13662,69,30,1
clan_16334,clan_22573,69,30,1
clan_47990,clan_42255,69,30,1
clan_19300,clan_27252,69,30,1
clan_34026,clan_22815,69,30,1
clan_10761,clan_18734,69,30,1
clan_3305,clan_36584,69,30,1
clan_24584,clan_24470,69,30,1
clan_1598,clan_2183,69,30,1
clan_31845,clan_23357,69,30,1
clan_21236,clan_29414,69,30,1
clan_37172,clan_6966,69,30,1
clan_33788,clan_6110,69,30,1
clan_19247,clan_5318,69,30,1
clan_43698,clan_44673,69,30,1
clan_10253,clan_14047,69,30,1
clan_32102,clan_20288,69,30,1
clan_25504,clan_13478,69,30,1
clan_33847,clan_33605,69,30,1
clan_42948,clan_41108,69,30,1
clan_46410,clan_37425,69,30,1
clan_41762,clan_35520,69,30,1
clan_34190,clan_23700,69,30,1
clan_46515,clan_41878,69,30,1
clan_21821,clan_7226,69,30,1
clan_43505,clan_47838,69,30,1
clan_33573,clan_22444,69,30,1
clan_35883,clan_7571,69,30,1
clan_12027,clan_16021,69,30,1
clan_4688,clan_9808,69,30,1
clan_30066,clan_20599,69,30,1
clan_40371,clan_44541,69,30,1
clan_46377,clan_43548,69,30,1
clan_32728,clan_31769,69,30,1
clan_28535,clan_5108,69,30,1
clan_34013,clan_36969,69,30,1
clan_42733,clan_17205,69,30,1
clan_33278,clan_19342,69,30,1
clan_8714,clan_29069,69,30,1
clan_9325,clan_9845,69,30,1
clan_40072,clan_2400,69,30,1
clan_45962,clan_1263,69,30,1
clan_42473,clan_22430,69,30,1
clan_41626,clan_30566,69,30,1
clan_37029,clan_29711,69,30,1
clan_45775,clan_40375,69,30,1
clan_30100,clan_11116,69,30,1
clan_2190,clan_30334,69,30,1
clan_43319,clan_1807,69,30,1
clan_36800,clan_7787,69,30,1
clan_27637,clan_14039,69,30,1
clan_23919,clan_17078,69,30,1
clan_29030,clan_11466,69,30,1
clan_8281,clan_14418,69,30,1
clan_10586,clan_8233,69,30,1
clan_35075,clan_18679,69,30,1
clan_37590,clan_30307,69,30,1
clan_20576,clan_35797,69,30,1
clan_33978,clan_17952,69,30,1
clan_33581,clan_27216,69,30,1
clan_24510,clan_22964,69,30,1
clan_39308,clan_20869,69,31,1
clan_29307,clan_11793,69,31,1
clan_30646,clan_23010,69,31,1
clan_14894,clan_26686,69,31,1
clan_31036,clan_40456,69,31,1
clan_13159,clan_28655,69,32,1
clan_33702,clan_42449,69,32,1
clan_32945,clan_22509,69,32,1
clan_46933,clan_46773,69,32,1
clan_30685,clan_28144,69,32,1
clan_43775,clan_43191,69,32,1
clan_27979,clan_4450,69,32,1
clan_39070,clan_11513,69,32,1
clan_5682,clan_24936,69,32,1
clan_37889,clan_17853,69,32,1
clan_38314,clan_28618,69,32,1
clan_21739,clan_12814,69,32,1
clan_34080,clan_15582,69,32,1
clan_30271,clan_35400,69,32,1
clan_1247,clan_35402,69,32,1
clan_23074,clan_23281,69,32,1
clan_20075,clan_41404,69,32,1
clan_44785,clan_41678,69,32,1
clan_37756,clan_13002,69,33,1
clan_12036,clan_24829,69,33,1
clan_40051,clan_42417,69,33,1
clan_37801,clan_27428,69,33,1
clan_39088,clan_46048,69,33,1
clan_13299,clan_15038,69,33,1
clan_41217,clan_13153,69,33,1
clan_15306,clan_10312,69,33,1
clan_33882,clan_27376,69,33,1
clan_47595,clan_43557,69,33,1
clan_37986,clan_42550,69,33,1
clan_43647,clan_4537,69,33,1
clan_23146,clan_16430,69,33,1
clan_24150,clan_26581,69,33,1
clan_29133,clan_22652,69,33,1
clan_20025,clan_35938,69,33,1
clan_37153,clan_32400,69,33,1
clan_43788,clan_31808,69,33,1
clan_19608,clan_40547,69,33,1
clan_44106,clan_47264,69,33,1
clan_47248,clan_494,69,33,1
clan_31344,clan_10479,69,33,1
clan_35452,clan_11310,69,33,1
clan_42308,clan_42212,69,33,1
clan_39078,clan_31282,69,33,1
clan_47969,clan_34997,69,33,1
clan_45128,clan_41235,69,33,1
clan_40737,clan_23711,69,33,1
clan_39843,clan_30570,69,33,1
clan_28225,clan_37179,69,33,1
clan_43295,clan_42391,69,33,1
clan_46133,clan_26052,69,33,1
clan_34918,clan_22032,69,33,1
clan_41667,clan_8604,69,33,1
clan_31693,clan_46343,69,33,1
clan_14676,clan_2882,69,33,1
clan_14585,clan_35313,69,33,1
clan_323,clan_43930,69,33,1
clan_45507,clan_43313,69,33,1
clan_32186,clan_38933,69,33,1
clan_31043,clan_27261,69,33,1
clan_21580,clan_35339,69,33,1
clan_35660,clan_12024,69,33,1
clan_40458,clan_38640,69,33,1
clan_38223,clan_46136,69,33,1
clan_44993,clan_45118,69,33,1
clan_30648,clan_20739,69,33,1
clan_22392,clan_39376,69,33,1
clan_46172,clan_31656,69,33,1
clan_25154,clan_16799,69,33,1
clan_42254,clan_68,69,33,1
clan_3581,clan_35864,69,33,1
clan_47094,clan_25821,69,33,1
clan_32356,clan_2766,69,33,1
clan_37913,clan_20299,69,33,1
clan_38994,clan_44415,69,33,1
clan_44788,clan_43921,69,33,1
clan_40799,clan_42557,69,33,1
clan_3614,clan_4982,69,33,1
clan_46653,clan_33119,69,33,1
clan_45279,clan_46481,69,33,1
clan_41637,clan_5756,69,33,1
clan_44561,clan_21101,69,33,1
clan_45431,clan_42215,69,33,1
clan_33067,clan_26885,69,33,1
clan_43472,clan_39300,69,33,1
clan_855,clan_1099,69,33,1
clan_33451,clan_26829,69,33,1
clan_22390,clan_27941,69,33,1
clan_40921,clan_32565,69,33,1
clan_42013,clan_42223,69,33,1
clan_40798,clan_14388,69,33,1
clan_40935,clan_38279,69,33,1
clan_46258,clan_39208,69,33,1
clan_22608,clan_22824,69,33,1
clan_45697,clan_44966,69,33,1
clan_47954,clan_21920,69,33,1
clan_2040,clan_44529,69,33,1
clan_9291,clan_16897,69,33,1
clan_35854,clan_3842,69,33,1
clan_38049,clan_39348,69,33,1
clan_21246,clan_6448,69,33,1
clan_45852,clan_47179,69,33,1
clan_40622,clan_9197,69,33,1
clan_37197,clan_28442,69,33,1
clan_44850,clan_31532,69,33,1
clan_34449,clan_31406,69,33,1
clan_47546,clan_35858,69,33,1
clan_21331,clan_32047,69,33,1
clan_30485,clan_22759,69,33,1
clan_23042,clan_3029,69,33,1
clan_46065,clan_46137,69,35,1
clan_19985,clan_30921,69,36,1
clan_43694,clan_45707,69,36,1
clan_33841,clan_11505,69,36,1
clan_44124,clan_46533,69,36,1
clan_6338,clan_20258,69,36,1
clan_1761,clan_677,69,36,1
clan_25762,clan_31131,69,36,1
clan_2079,clan_322,69,36,1
clan_47605,clan_44764,69,36,1
clan_9760,clan_12856,69,36,1
clan_43763,clan_507,69,36,1
clan_46941,clan_46716,69,36,1
clan_1558,clan_39233,69,36,1
clan_36201,clan_8758,69,36,1
clan_20240,clan_22998,69,36,1
clan_43666,clan_37193,69,36,1
clan_45571,clan_25555,69,36,1
clan_469,clan_45411,69,36,1
clan_42734,clan_39720,69,36,1
clan_37526,clan_32769,69,36,1
clan_12213,clan_18025,69,36,1
clan_36350,clan_43104,69,36,1
clan_11927,clan_32768,69,36,1
clan_22699,clan_21103,69,36,1
clan_1342,clan_26980,69,36,1
clan_33494,clan_28962,69,36,1
clan_17533,clan_9258,69,36,1
clan_47222,clan_24595,69,36,1
clan_32993,clan_26062,69,36,1
clan_10952,clan_24149,69,36,1
clan_44605,clan_24617,69,36,1
clan_871,clan_20732,69,36,1
clan_45395,clan_46371,69,36,1
clan_46195,clan_13601,69,36,1
clan_44686,clan_44915,69,36,1
clan_14311,clan_5032,69,36,1
clan_31618,clan_17400,69,36,1
clan_39229,clan_39814,69,36,1
clan_43355,clan_2125,69,36,1
clan_239,clan_48547,69,39,1
clan_47440,clan_857,69,39,1
clan_47649,clan_44635,69,39,1
clan_1883,clan_1853,69,39,1
clan_43400,clan_41545,69,39,1
clan_34343,clan_47207,69,42,1
clan_154,clan_569,69,42,1
clan_45209,clan_958,69,42,1
clan_42878,clan_40359,69,45,1
clan_1872,clan_43122,69,45,1
clan_1485,clan_47075,69,45,1
clan_1766,clan_47766,69,45,1
clan_1352,clan_43825,69,45,1
clan_46931,clan_1822,69,48,1
clan_143,clan_168,69,57,1
clan_19018,clan_6747,70,1,1
clan_33873,clan_21131,70,6,1
clan_22512,clan_4582,70,9,1
clan_2780,clan_22038,70,10,1
clan_39020,clan_29204,70,13,1
clan_35274,clan_2981,70,14,1
clan_29554,clan_20390,70,15,1
clan_19532,clan_23678,70,15,1
clan_10868,clan_21478,70,15,1
clan_5595,clan_7560,70,16,1
clan_4331,clan_6125,70,16,1
clan_33775,clan_34117,70,17,1
clan_40719,clan_34344,70,18,1
clan_12788,clan_16595,70,18,1
clan_6385,clan_5151,70,20,1
clan_33234,clan_22098,70,20,1
clan_12909,clan_25250,70,20,1
clan_9078,clan_5292,70,23,1
clan_40166,clan_12777,70,23,1
clan_9657,clan_7790,70,23,1
clan_16266,clan_7973,70,23,1
clan_11442,clan_38077,70,23,1
clan_13430,clan_10591,70,23,1
clan_7462,clan_17452,70,23,1
clan_45676,clan_18575,70,24,1
clan_13234,clan_5021,70,24,1
clan_38867,clan_26978,70,24,1
clan_25866,clan_2640,70,24,1
clan_47349,clan_26001,70,24,1
clan_22090,clan_25412,70,25,1
clan_19610,clan_19185,70,26,1
clan_35332,clan_29693,70,27,1
clan_27723,clan_21834,70,27,1
clan_25352,clan_9414,70,27,1
clan_26429,clan_23627,70,27,1
clan_32202,clan_24414,70,27,1
clan_48543,clan_870,70,30,1
clan_4487,clan_3060,71,6,1
clan_27776,clan_12333,71,9,1
clan_13212,clan_19541,71,10,1
clan_8017,clan_13941,71,10,1
clan_18073,clan_4215,71,10,1
clan_12727,clan_3379,71,11,1
clan_9379,clan_11325,71,11,1
clan_31755,clan_35116,71,12,1
clan_18709,clan_20849,71,12,1
clan_13337,clan_24994,71,13,1
clan_32853,clan_14959,71,14,1
clan_19662,clan_23663,71,14,1
clan_19427,clan_31484,71,14,1
clan_15816,clan_2512,71,14,1
clan_43828,clan_7579,71,15,1
clan_28048,clan_8912,71,15,1
clan_41379,clan_26124,71,17,1
clan_41416,clan_36052,71,17,1
clan_40995,clan_38507,71,17,1
clan_6119,clan_29776,71,17,1
clan_40427,clan_37984,71,17,1
clan_10733,clan_20002,71,18,1
clan_23306,clan_6130,71,18,1
clan_28013,clan_15825,71,18,1
clan_21700,clan_11256,71,19,1
clan_5002,clan_4882,71,20,1
clan_27875,clan_12183,71,20,1
clan_27067,clan_21827,71,20,1
clan_19193,clan_4380,71,20,1
clan_7755,clan_30983,71,20,1
clan_45690,clan_21992,71,20,1
clan_47811,clan_48300,71,20,1
clan_7931,clan_3779,71,20,1
clan_11059,clan_36057,71,20,1
clan_33982,clan_11573,71,21,1
clan_37387,clan_237,71,21,1
clan_36184,clan_13168,71,21,1
clan_908,clan_7897,71,21,1
clan_32505,clan_37361,71,21,1
clan_4062,clan_8993,71,21,1
clan_26805,clan_2371,71,21,1
clan_36510,clan_23601,71,21,1
clan_7124,clan_4063,71,21,1
clan_39159,clan_11347,71,21,1
clan_21960,clan_28570,71,22,1
clan_28293,clan_5624,71,22,1
clan_46654,clan_44743,71,23,1
clan_23435,clan_2359,71,23,1
clan_32501,clan_35925,71,23,1
clan_29350,clan_13000,71,23,1
clan_5732,clan_7370,71,24,1
clan_15066,clan_13658,71,24,1
clan_33379,clan_17660,71,24,1
clan_11151,clan_13465,71,24,1
clan_23694,clan_8811,71,24,1
clan_43246,clan_27494,71,24,1
clan_23454,clan_7404,71,24,1
clan_5542,clan_8001,71,24,1
clan_21818,clan_6361,71,24,1
clan_42505,clan_887,71,24,1
clan_41267,clan_29772,71,24,1
clan_45657,clan_45392,71,24,1
clan_36244,clan_36130,71,25,1
clan_1477,clan_33809,71,26,1
clan_20744,clan_2464,71,26,1
clan_34837,clan_29717,71,27,1
clan_9962,clan_10291,71,27,1
clan_14764,clan_34355,71,27,1
clan_45946,clan_43956,71,27,1
clan_10968,clan_19468,71,27,1
clan_41480,clan_6978,71,27,1
clan_2201,clan_18608,71,27,1
clan_12686,clan_2866,71,27,1
clan_30274,clan_5355,71,27,1
clan_36478,clan_37690,71,27,1
clan_20728,clan_13198,71,27,1
clan_45619,clan_511,71,28,1
clan_12807,clan_40767,71,29,1
clan_28791,clan_31858,71,29,1
clan_34327,clan_19896,71,29,1
clan_43710,clan_1494,71,29,1
clan_23415,clan_22035,71,29,1
clan_48408,clan_324,71,30,1
clan_18122,clan_2702,71,30,1
clan_26079,clan_26415,71,30,1
clan_43656,clan_38277,71,30,1
clan_35205,clan_38078,71,30,1
clan_3288,clan_13779,71,30,1
clan_33844,clan_16250,71,30,1
clan_21888,clan_31303,71,30,1
clan_30228,clan_15041,71,30,1
clan_40771,clan_26997,71,30,1
clan_45567,clan_33728,71,30,1
clan_41224,clan_16520,71,30,1
clan_44639,clan_1483,71,30,1
clan_36607,clan_9978,71,30,1
clan_24563,clan_21844,72,6,1
clan_5607,clan_12229,72,6,1
clan_23830,clan_27964,72,7,1
clan_15320,clan_19346,72,9,1
clan_5533,clan_13727,72,11,1
clan_17702,clan_9417,72,12,1
clan_38285,clan_29464,72,12,1
clan_28628,clan_9711,72,14,1
clan_17795,clan_17586,72,14,1
clan_9756,clan_14076,72,14,1
clan_13566,clan_3838,72,14,1
clan_17596,clan_3291,72,14,1
clan_22298,clan_4875,72,14,1
clan_18226,clan_15393,72,14,1
clan_30667,clan_4705,72,15,1
clan_48280,clan_43969,72,15,1
clan_27847,clan_12659,72,15,1
clan_36292,clan_10838,72,15,1
clan_10640,clan_24544,72,15,1
clan_17757,clan_19179,72,15,1
clan_46684,clan_43968,72,15,1
clan_11354,clan_2366,72,16,1
clan_9053,clan_17834,72,16,1
clan_34234,clan_2959,72,16,1
clan_19271,clan_20520,72,16,1
clan_37861,clan_36658,72,16,1
clan_33557,clan_16560,72,17,1
clan_477,clan_47980,72,17,1
clan_35812,clan_3707,72,17,1
clan_36916,clan_35577,72,17,1
clan_35442,clan_30227,72,17,1
clan_13890,clan_33814,72,17,1
clan_5948,clan_20256,72,17,1
clan_20490,clan_22185,72,17,1
clan_2147,clan_4181,72,17,1
clan_6823,clan_11036,72,17,1
clan_32064,clan_13889,72,17,1
clan_44699,clan_32256,72,17,1
clan_38700,clan_44505,72,18,1
clan_30796,clan_2311,72,18,1
clan_28798,clan_8300,72,18,1
clan_25097,clan_7061,72,18,1
clan_19274,clan_33655,72,18,1
clan_806,clan_36976,72,18,1
clan_18432,clan_30776,72,18,1
clan_41964,clan_37713,72,18,1
clan_11030,clan_17213,72,18,1
clan_16491,clan_24872,72,18,1
clan_6999,clan_14127,72,18,1
clan_34787,clan_28602,72,18,1
clan_13346,clan_12841,72,18,1
clan_32004,clan_20981,72,18,1
clan_15812,clan_15919,72,18,1
clan_17347,clan_3794,72,18,1
clan_42435,clan_9383,72,18,1
clan_6225,clan_13593,72,18,1
clan_3038,clan_12113,72,18,1
clan_27708,clan_13380,72,18,1
clan_5736,clan_16559,72,18,1
clan_37239,clan_5421,72,18,1
clan_20272,clan_18339,72,18,1
clan_26973,clan_10546,72,18,1
clan_2344,clan_8933,72,18,1
clan_14289,clan_22927,72,18,1
clan_37683,clan_28931,72,19,1
clan_28317,clan_24069,72,19,1
clan_33202,clan_13689,72,19,1
clan_48453,clan_39528,72,19,1
clan_43565,clan_38281,72,20,1
clan_44843,clan_26888,72,20,1
clan_18848,clan_11963,72,20,1
clan_28525,clan_41264,72,20,1
clan_26030,clan_9811,72,20,1
clan_44137,clan_42566,72,20,1
clan_11861,clan_24911,72,20,1
clan_1452,clan_12532,72,20,1
clan_6333,clan_5912,72,20,1
clan_25707,clan_17833,72,20,1
clan_587,clan_43408,72,20,1
clan_4195,clan_3058,72,20,1
clan_44036,clan_7029,72,20,1
clan_44248,clan_26005,72,20,1
clan_26069,clan_22034,72,20,1
clan_38503,clan_31477,72,20,1
clan_26925,clan_19251,72,20,1
clan_24909,clan_23775,72,21,1
clan_41106,clan_26491,72,21,1
clan_40320,clan_1810,72,21,1
clan_89,clan_27518,72,21,1
clan_28070,clan_11565,72,21,1
clan_41642,clan_18957,72,21,1
clan_38102,clan_42085,72,21,1
clan_30852,clan_43231,72,21,1
clan_26726,clan_7087,72,21,1
clan_45739,clan_4501,72,21,1
clan_3867,clan_5540,72,21,1
clan_19521,clan_8927,72,21,1
clan_19180,clan_9641,72,21,1
clan_31355,clan_23994,72,21,1
clan_25229,clan_32600,72,21,1
clan_39708,clan_24746,72,21,1
clan_30013,clan_32819,72,21,1
clan_39172,clan_41104,72,21,1
clan_2263,clan_2037,72,21,1
clan_39868,clan_20921,72,21,1
clan_7886,clan_2402,72,21,1
clan_28799,clan_26143,72,21,1
clan_25299,clan_3652,72,21,1
clan_30783,clan_13404,72,21,1
clan_44401,clan_11657,72,21,1
clan_18953,clan_9450,72,21,1
clan_34689,clan_6454,72,21,1
clan_20354,clan_13735,72,21,1
clan_47166,clan_44426,72,21,1
clan_27864,clan_17415,72,21,1
clan_34646,clan_16754,72,21,1
clan_25901,clan_16973,72,21,1
clan_37644,clan_4929,72,21,1
clan_17662,clan_12850,72,21,1
clan_17495,clan_22993,72,21,1
clan_24640,clan_27761,72,21,1
clan_35693,clan_15662,72,21,1
clan_39222,clan_27636,72,21,1
clan_45292,clan_25830,72,21,1
clan_8761,clan_8670,72,21,1
clan_32766,clan_11824,72,21,1
clan_16607,clan_24230,72,21,1
clan_26228,clan_9880,72,21,1
clan_24855,clan_2699,72,21,1
clan_19892,clan_12325,72,21,1
clan_28131,clan_24778,72,21,1
clan_31069,clan_7720,72,21,1
clan_48438,clan_43810,72,21,1
clan_21444,clan_28911,72,22,1
clan_45736,clan_41288,72,22,1
clan_710,clan_2628,72,22,1
clan_47665,clan_1716,72,23,1
clan_20400,clan_10014,72,23,1
clan_25383,clan_25438,72,23,1
clan_32720,clan_15589,72,23,1
clan_46468,clan_46007,72,23,1
clan_1958,clan_37185,72,23,1
clan_28625,clan_41767,72,23,1
clan_24243,clan_9820,72,23,1
clan_25657,clan_44337,72,23,1
clan_31485,clan_3745,72,23,1
clan_40954,clan_47147,72,24,1
clan_29329,clan_26295,72,24,1
clan_17982,clan_9049,72,24,1
clan_24392,clan_18118,72,24,1
clan_44172,clan_29702,72,24,1
clan_26822,clan_1640,72,24,1
clan_27168,clan_16030,72,24,1
clan_22065,clan_4139,72,24,1
clan_41158,clan_33837,72,24,1
clan_10932,clan_16007,72,24,1
clan_2055,clan_48271,72,24,1
clan_17897,clan_17088,72,24,1
clan_35597,clan_32262,72,24,1
clan_24761,clan_3982,72,24,1
clan_27372,clan_37263,72,24,1
clan_38731,clan_44856,72,24,1
clan_23813,clan_15790,72,24,1
clan_25248,clan_6158,72,24,1
clan_36459,clan_23056,72,24,1
clan_3040,clan_15154,72,24,1
clan_34989,clan_40472,72,24,1
clan_22527,clan_19971,72,24,1
clan_13287,clan_7612,72,24,1
clan_11810,clan_9751,72,24,1
clan_13980,clan_3073,72,24,1
clan_1884,clan_36324,72,24,1
clan_41481,clan_38413,72,24,1
clan_1930,clan_14692,72,24,1
clan_46364,clan_464,72,24,1
clan_24013,clan_12472,72,24,1
clan_24660,clan_33594,72,24,1
clan_16652,clan_24134,72,24,1
clan_1439,clan_16054,72,24,1
clan_41161,clan_37135,72,24,1
clan_6347,clan_11754,72,24,1
clan_24753,clan_34036,72,24,1
clan_20345,clan_3271,72,24,1
clan_16633,clan_30125,72,24,1
clan_327,clan_35003,72,24,1
clan_25667,clan_30429,72,24,1
clan_18434,clan_19649,72,24,1
clan_40086,clan_39430,72,24,1
clan_41808,clan_40617,72,24,1
clan_38897,clan_35960,72,24,1
clan_44480,clan_43135,72,24,1
clan_5695,clan_6597,72,24,1
clan_31734,clan_37800,72,24,1
clan_17831,clan_27246,72,24,1
clan_21722,clan_19605,72,24,1
clan_41443,clan_30583,72,24,1
clan_35394,clan_35118,72,24,1
clan_26004,clan_19499,72,24,1
clan_17116,clan_10509,72,24,1
clan_20337,clan_13978,72,24,1
clan_35058,clan_38608,72,24,1
clan_32969,clan_17392,72,24,1
clan_2667,clan_7520,72,24,1
clan_35875,clan_41010,72,24,1
clan_47284,clan_41387,72,24,1
clan_26339,clan_30372,72,24,1
clan_34699,clan_26087,72,24,1
clan_22156,clan_40408,72,24,1
clan_2273,clan_28368,72,24,1
clan_29425,clan_20229,72,24,1
clan_46661,clan_48031,72,24,1
clan_36488,clan_3398,72,24,1
clan_42273,clan_47910,72,24,1
clan_42988,clan_29228,72,24,1
clan_37403,clan_33284,72,24,1
clan_45049,clan_40955,72,25,1
clan_34120,clan_25920,72,25,1
clan_27021,clan_9017,72,25,1
clan_18939,clan_11584,72,25,1
clan_37576,clan_28379,72,26,1
clan_12314,clan_6257,72,26,1
clan_31892,clan_32017,72,26,1
clan_27602,clan_23416,72,26,1
clan_46944,clan_35646,72,26,1
clan_39089,clan_38134,72,26,1
clan_42836,clan_20534,72,26,1
clan_26832,clan_31627,72,26,1
clan_39534,clan_30303,72,26,1
clan_34161,clan_2988,72,26,1
clan_22099,clan_17079,72,26,1
clan_45341,clan_41848,72,26,1
clan_8660,clan_30040,72,26,1
clan_42419,clan_43148,72,27,1
clan_9195,clan_7735,72,27,1
clan_30946,clan_35912,72,27,1
clan_12742,clan_20183,72,27,1
clan_37434,clan_21541,72,27,1
clan_30526,clan_26388,72,27,1
clan_25029,clan_22533,72,27,1
clan_5456,clan_26405,72,27,1
clan_33491,clan_4976,72,27,1
clan_45890,clan_43730,72,27,1
clan_35098,clan_12464,72,27,1
clan_37607,clan_29637,72,27,1
clan_33251,clan_37781,72,27,1
clan_46058,clan_47908,72,27,1
clan_34543,clan_21504,72,27,1
clan_46138,clan_33066,72,27,1
clan_20249,clan_5364,72,27,1
clan_37610,clan_2166,72,27,1
clan_40201,clan_15101,72,27,1
clan_14847,clan_30255,72,27,1
clan_43658,clan_35121,72,27,1
clan_35970,clan_23404,72,27,1
clan_1533,clan_2051,72,27,1
clan_44566,clan_38207,72,27,1
clan_46874,clan_33808,72,27,1
clan_35566,clan_11550,72,27,1
clan_25529,clan_38083,72,27,1
clan_15034,clan_22846,72,27,1
clan_20523,clan_32806,72,27,1
clan_46128,clan_8363,72,27,1
clan_35227,clan_44380,72,27,1
clan_5083,clan_10174,72,27,1
clan_10511,clan_11265,72,27,1
clan_3819,clan_6140,72,27,1
clan_24368,clan_40710,72,27,1
clan_20067,clan_30477,72,27,1
clan_36522,clan_6540,72,27,1
clan_14260,clan_18243,72,27,1
clan_38562,clan_5861,72,27,1
clan_36495,clan_19490,72,27,1
clan_35521,clan_42648,72,27,1
clan_26698,clan_8554,72,27,1
clan_47636,clan_43953,72,27,1
clan_36377,clan_32071,72,27,1
clan_26756,clan_37014,72,27,1
clan_46998,clan_36653,72,27,1
clan_26680,clan_35373,72,27,1
clan_28196,clan_14357,72,27,1
clan_48512,clan_30195,72,27,1
clan_27707,clan_13248,72,27,1
clan_42555,clan_35523,72,27,1
clan_37573,clan_6877,72,27,1
clan_12057,clan_4607,72,27,1
clan_15994,clan_19347,72,27,1
clan_45055,clan_28235,72,27,1
clan_27874,clan_26550,72,27,1
clan_41790,clan_25520,72,27,1
clan_36784,clan_9685,72,27,1
clan_22538,clan_25215,72,27,1
clan_25387,clan_24208,72,28,1
clan_44051,clan_28782,72,29,1
clan_46560,clan_35220,72,29,1
clan_1830,clan_41084,72,29,1
clan_40253,clan_30764,72,29,1
clan_41028,clan_17557,72,29,1
clan_43107,clan_43449,72,29,1
clan_47960,clan_2062,72,30,1
clan_44956,clan_43452,72,30,1
clan_46024,clan_46876,72,30,1
clan_41561,clan_37552,72,30,1
clan_42200,clan_5144,72,30,1
clan_18459,clan_25670,72,30,1
clan_16854,clan_18606,72,30,1
clan_2230,clan_6349,72,30,1
clan_19629,clan_10892,72,30,1
clan_33420,clan_28623,72,30,1
clan_36477,clan_22394,72,30,1
clan_39384,clan_44731,72,30,1
clan_23929,clan_42094,72,30,1
clan_31530,clan_15271,72,30,1
clan_15611,clan_10670,72,30,1
clan_29085,clan_16557,72,30,1
clan_46726,clan_46938,72,30,1
clan_45086,clan_40857,72,30,1
clan_2856,clan_22233,72,30,1
clan_34127,clan_9825,72,30,1
clan_46841,clan_44355,72,30,1
clan_45805,clan_45203,72,30,1
clan_6754,clan_21093,72,30,1
clan_13118,clan_17345,72,30,1
clan_11363,clan_36332,72,30,1
clan_14004,clan_15193,72,30,1
clan_40014,clan_39475,72,30,1
clan_31037,clan_8460,72,30,1
clan_29298,clan_4985,72,30,1
clan_18731,clan_15260,72,30,1
clan_45734,clan_57,72,30,1
clan_39032,clan_582,72,30,1
clan_19672,clan_25964,72,30,1
clan_6146,clan_22586,72,30,1
clan_45842,clan_36668,72,30,1
clan_14954,clan_30732,72,30,1
clan_44555,clan_35376,72,30,1
clan_32278,clan_5282,72,30,1
clan_45703,clan_47029,72,30,1
clan_18834,clan_3537,72,30,1
clan_46247,clan_41715,72,30,1
clan_33693,clan_41138,72,30,1
clan_39390,clan_30324,72,30,1
clan_21220,clan_2384,72,30,1
clan_35632,clan_27136,72,30,1
clan_15463,clan_7712,72,30,1
clan_31665,clan_25940,72,30,1
clan_40566,clan_11021,72,30,1
clan_48335,clan_645,72,30,1
clan_31786,clan_3769,72,30,1
clan_11965,clan_47617,72,30,1
clan_43176,clan_33236,72,30,1
clan_3673,clan_13399,72,30,1
clan_1808,clan_1971,72,30,1
clan_351,clan_17150,72,30,1
clan_33011,clan_11501,72,30,1
clan_41213,clan_44446,72,30,1
clan_27939,clan_24701,72,30,1
clan_22187,clan_4614,72,30,1
clan_14395,clan_33051,72,30,1
clan_20484,clan_3789,72,30,1
clan_8477,clan_31017,72,30,1
clan_26914,clan_2907,72,30,1
clan_2032,clan_47447,72,30,1
clan_39578,clan_31401,72,30,1
clan_2194,clan_45177,72,30,1
clan_25417,clan_5347,72,30,1
clan_46952,clan_36198,72,30,1
clan_5043,clan_39758,72,30,1
clan_36610,clan_12131,72,30,1
clan_24528,clan_27973,72,30,1
clan_43652,clan_12272,72,30,1
clan_36152,clan_17221,72,33,1
clan_31636,clan_25390,72,33,1
clan_35356,clan_25100,72,33,1
clan_27909,clan_26957,72,33,1
clan_12184,clan_21440,72,33,1
clan_42176,clan_44021,72,33,1
clan_15758,clan_9563,72,33,1
clan_668,clan_1523,72,33,1
clan_14100,clan_19124,72,33,1
clan_44133,clan_47330,72,33,1
clan_39436,clan_41298,72,33,1
clan_10267,clan_35042,72,33,1
clan_24377,clan_30741,72,33,1
clan_19954,clan_24904,72,33,1
clan_30365,clan_9775,72,33,1
clan_18120,clan_33901,72,33,1
clan_26395,clan_11057,72,33,1
clan_19441,clan_27869,72,33,1
clan_34090,clan_13602,72,33,1
clan_41544,clan_26254,72,33,1
clan_22022,clan_42028,72,33,1
clan_45018,clan_23719,72,33,1
clan_37613,clan_28733,72,33,1
clan_43380,clan_33589,72,33,1
clan_40715,clan_10804,72,33,1
clan_40971,clan_39132,72,33,1
clan_34795,clan_65,72,33,1
clan_10147,clan_6527,72,33,1
clan_46699,clan_45342,72,33,1
clan_42679,clan_22246,72,33,1
clan_26543,clan_14799,72,33,1
clan_41914,clan_24060,72,33,1
clan_38982,clan_13117,72,33,1
clan_1882,clan_29845,72,33,1
clan_44523,clan_40682,72,33,1
clan_31467,clan_33560,72,33,1
clan_33967,clan_7623,72,33,1
clan_20984,clan_13536,72,33,1
clan_45686,clan_4479,72,33,1
clan_31988,clan_10686,72,33,1
clan_2140,clan_21334,72,33,1
clan_18274,clan_25245,72,33,1
clan_44362,clan_46420,72,33,1
clan_1180,clan_37410,72,33,1
clan_2145,clan_39447,72,33,1
clan_2255,clan_35810,72,33,1
clan_43632,clan_44191,72,33,1
clan_34073,clan_12411,72,33,1
clan_47419,clan_45114,72,36,1
clan_21518,clan_11092,72,36,1
clan_46555,clan_43686,72,36,1
clan_39871,clan_26213,72,36,1
clan_45928,clan_29255,72,36,1
clan_43186,clan_32490,72,36,1
clan_10521,clan_3656,72,36,1
clan_41343,clan_39608,72,36,1
clan_35713,clan_15718,72,36,1
clan_5559,clan_4129,72,36,1
clan_13677,clan_1257,72,36,1
clan_44988,clan_38688,72,36,1
clan_20001,clan_7085,72,36,1
clan_26334,clan_17751,72,36,1
clan_40969,clan_24920,72,36,1
clan_48508,clan_31920,72,36,1
clan_19060,clan_18540,72,36,1
clan_40704,clan_33508,72,36,1
clan_44549,clan_31085,72,36,1
clan_23155,clan_6890,72,36,1
clan_11632,clan_14722,72,36,1
clan_46240,clan_107,72,36,1
clan_16403,clan_4035,72,36,1
clan_34298,clan_46226,72,36,1
clan_37848,clan_42591,72,36,1
clan_17961,clan_20071,72,36,1
clan_39768,clan_9477,72,36,1
clan_3785,clan_22855,72,36,1
clan_23606,clan_11204,72,36,1
clan_2686,clan_16319,72,36,1
clan_29969,clan_41070,72,36,1
clan_489,clan_7257,72,36,1
clan_17758,clan_27836,72,36,1
clan_25016,clan_22572,72,36,1
clan_16588,clan_20406,72,36,1
clan_2321,clan_20116,72,36,1
clan_17896,clan_17844,72,36,1
clan_29001,clan_37129,72,36,1
clan_43622,clan_46409,72,36,1
clan_47963,clan_37640,72,36,1
clan_46846,clan_43850,72,36,1
clan_669,clan_43386,72,36,1
clan_37186,clan_2442,72,36,1
clan_46872,clan_35457,72,36,1
clan_40511,clan_42731,72,36,1
clan_6112,clan_11726,72,36,1
clan_41118,clan_10661,72,36,1
clan_14044,clan_34944,72,36,1
clan_25978,clan_8185,72,36,1
clan_32975,clan_3352,72,36,1
clan_48047,clan_1715,72,36,1
clan_3059,clan_11756,72,36,1
clan_20656,clan_11503,72,36,1
clan_32910,clan_25136,72,36,1
clan_16758,clan_12417,72,36,1
clan_29146,clan_4291,72,36,1
clan_4091,clan_4818,72,36,1
clan_41378,clan_14472,72,36,1
clan_35323,clan_19027,72,36,1
clan_47926,clan_47889,72,36,1
clan_20467,clan_39529,72,36,1
clan_26851,clan_19244,72,36,1
clan_19601,clan_23099,72,36,1
clan_28049,clan_35748,72,36,1
clan_28615,clan_11586,72,36,1
clan_39970,clan_45938,72,36,1
clan_19191,clan_14143,72,36,1
clan_43556,clan_2386,72,36,1
clan_47181,clan_46736,72,36,1
clan_7943,clan_27283,72,36,1
clan_18986,clan_26279,72,36,1
clan_41967,clan_11525,72,36,1
clan_43018,clan_21794,72,36,1
clan_25386,clan_6215,72,36,1
clan_34467,clan_24133,72,36,1
clan_24726,clan_13787,72,36,1
clan_37200,clan_9803,72,36,1
clan_6462,clan_8595,72,36,1
clan_23688,clan_8417,72,36,1
clan_44112,clan_35187,72,36,1
clan_38231,clan_26165,72,36,1
clan_37220,clan_18664,72,36,1
clan_1623,clan_1893,72,36,1
clan_47228,clan_42491,72,36,1
clan_14419,clan_25278,72,36,1
clan_30109,clan_3080,72,36,1
clan_44962,clan_31900,72,36,1
clan_25237,clan_19682,72,36,1
clan_10989,clan_9351,72,36,1
clan_42840,clan_1787,72,36,1
clan_39992,clan_26998,72,36,1
clan_47519,clan_44294,72,36,1
clan_47229,clan_36476,72,36,1
clan_32570,clan_12259,72,36,1
clan_25368,clan_22377,72,36,1
clan_36466,clan_45197,72,36,1
clan_10557,clan_20953,72,36,1
clan_43625,clan_37229,72,36,1
clan_19756,clan_24620,72,36,1
clan_30513,clan_28043,72,36,1
clan_1647,clan_39603,72,36,1
clan_37568,clan_1244,72,36,1
clan_36609,clan_47079,72,36,1
clan_26238,clan_30410,72,36,1
clan_35929,clan_39888,72,36,1
clan_47262,clan_46878,72,36,1
clan_43440,clan_33861,72,36,1
clan_40436,clan_27573,72,36,1
clan_28792,clan_46257,72,36,1
clan_31711,clan_34756,72,36,1
clan_26065,clan_6816,72,36,1
clan_21299,clan_22203,72,36,1
clan_33834,clan_30720,72,36,1
clan_27791,clan_19395,72,36,1
clan_29585,clan_12210,72,36,1
clan_41236,clan_7089,72,36,1
clan_21669,clan_18131,72,36,1
clan_44058,clan_33745,72,36,1
clan_17411,clan_7371,72,36,1
clan_665,clan_41082,72,36,1
clan_32524,clan_16716,72,36,1
clan_20901,clan_585,72,36,1
clan_39030,clan_42737,72,36,1
clan_35106,clan_16304,72,36,1
clan_34226,clan_6286,72,36,1
clan_26361,clan_17753,72,36,1
clan_46315,clan_46497,72,39,1
clan_1497,clan_929,72,39,1
clan_46775,clan_1227,72,42,1
clan_195,clan_355,72,42,1
clan_1600,clan_617,72,45,1
clan_980,clan_45535,72,48,1
clan_47928,clan_47408,72,54,1
clan_646,clan_1705,72,60,1
clan_15144,clan_7062,73,11,1
clan_14431,clan_5990,73,12,1
clan_34703,clan_36767,73,14,1
clan_3604,clan_16650,73,14,1
clan_44297,clan_19082,73,14,1
clan_23162,clan_18446,73,15,1
clan_35377,clan_29019,73,15,1
clan_33378,clan_10653,73,15,1
clan_9666,clan_11177,73,15,1
clan_39098,clan_7681,73,15,1
clan_18635,clan_16418,73,16,1
clan_619,clan_14455,73,17,1
clan_39692,clan_26761,73,18,1
clan_38033,clan_28750,73,18,1
clan_36717,clan_9376,73,18,1
clan_18375,clan_18019,73,19,1
clan_14281,clan_5231,73,19,1
clan_1847,clan_381,73,20,1
clan_10458,clan_24649,73,21,1
clan_19857,clan_6065,73,21,1
clan_36388,clan_3220,73,23,1
clan_518,clan_14031,73,24,1
clan_24594,clan_30560,73,26,1
clan_19544,clan_23066,73,30,1
clan_8962,clan_9185,74,3,1
clan_26338,clan_24924,74,8,1
clan_6489,clan_36588,74,9,1
clan_30004,clan_3998,74,10,1
clan_12654,clan_7615,74,10,1
clan_32856,clan_19980,74,11,1
clan_5904,clan_9483,74,11,1
clan_2982,clan_10947,74,11,1
clan_32167,clan_4011,74,11,1
clan_21397,clan_7060,74,12,1
clan_45384,clan_14437,74,12,1
clan_14035,clan_8309,74,12,1
clan_27929,clan_7354,74,12,1
clan_33359,clan_39940,74,12,1
clan_39543,clan_45358,74,12,1
clan_12806,clan_15379,74,12,1
clan_47116,clan_39298,74,13,1
clan_38750,clan_12460,74,14,1
clan_31707,clan_7352,74,14,1
clan_12118,clan_9282,74,15,1
clan_22044,clan_15459,74,15,1
clan_29254,clan_8203,74,15,1
clan_13046,clan_12254,74,16,1
clan_13929,clan_14631,74,16,1
clan_38768,clan_35612,74,17,1
clan_43764,clan_28527,74,17,1
clan_17121,clan_20424,74,17,1
clan_37561,clan_43194,74,17,1
clan_19306,clan_14099,74,18,1
clan_22145,clan_13824,74,18,1
clan_15752,clan_10562,74,18,1
clan_42103,clan_34533,74,18,1
clan_47586,clan_16572,74,18,1
clan_43991,clan_19609,74,18,1
clan_46129,clan_14351,74,18,1
clan_29300,clan_8074,74,19,1
clan_8614,clan_2399,74,20,1
clan_13280,clan_23159,74,20,1
clan_32924,clan_22404,74,20,1
clan_34691,clan_35553,74,20,1
clan_31948,clan_19054,74,20,1
clan_30200,clan_9096,74,20,1
clan_8374,clan_16777,74,20,1
clan_24308,clan_4349,74,20,1
clan_33398,clan_5532,74,21,1
clan_8124,clan_27923,74,21,1
clan_29316,clan_28028,74,21,1
clan_37098,clan_17587,74,21,1
clan_12923,clan_28870,74,21,1
clan_29349,clan_7674,74,21,1
clan_39896,clan_8512,74,21,1
clan_564,clan_40980,74,21,1
clan_42155,clan_42930,74,21,1
clan_39797,clan_23742,74,21,1
clan_38266,clan_35262,74,21,1
clan_32928,clan_24056,74,21,1
clan_40772,clan_28631,74,21,1
clan_18005,clan_6180,74,21,1
clan_47491,clan_30991,74,21,1
clan_32126,clan_33445,74,21,1
clan_40413,clan_31378,74,21,1
clan_23004,clan_25831,74,22,1
clan_826,clan_21135,74,22,1
clan_25931,clan_39846,74,23,1
clan_5772,clan_9511,74,23,1
clan_26843,clan_5193,74,23,1
clan_31986,clan_43277,74,23,1
clan_40037,clan_43938,74,23,1
clan_7534,clan_23186,74,23,1
clan_45783,clan_37972,74,24,1
clan_37864,clan_7568,74,24,1
clan_1054,clan_47044,74,24,1
clan_45320,clan_44759,74,24,1
clan_25758,clan_27506,74,24,1
clan_12052,clan_23039,74,24,1
clan_25598,clan_41132,74,24,1
clan_19014,clan_40358,74,24,1
clan_47759,clan_45884,74,24,1
clan_40100,clan_33928,74,24,1
clan_33790,clan_10848,74,24,1
clan_45126,clan_30552,74,24,1
clan_29949,clan_4407,74,24,1
clan_3903,clan_36549,74,24,1
clan_48037,clan_43869,74,24,1
clan_40234,clan_6121,74,24,1
clan_7284,clan_5213,74,24,1
clan_12794,clan_7329,74,24,1
clan_29034,clan_11795,74,24,1
clan_16201,clan_4166,74,24,1
clan_31362,clan_6048,74,24,1
clan_47593,clan_47807,74,25,1
clan_38547,clan_15045,74,27,1
clan_25548,clan_19955,74,27,1
clan_1062,clan_43713,74,27,1
clan_32874,clan_25162,74,27,1
clan_23939,clan_17863,74,27,1
clan_28371,clan_27224,74,27,1
clan_13564,clan_28318,74,29,1
clan_35703,clan_23286,74,29,1
clan_19459,clan_11127,74,30,1
clan_3297,clan_33157,74,30,1
clan_34251,clan_41624,74,30,1
clan_30400,clan_4158,74,30,1
clan_44556,clan_38478,74,30,1
clan_42373,clan_31535,74,30,1
clan_30976,clan_6531,74,30,1
clan_48027,clan_34472,74,30,1
clan_15249,clan_9714,74,30,1
clan_16142,clan_11896,74,30,1
clan_2058,clan_29982,74,32,1
clan_5040,clan_5882,75,8,1
clan_3931,clan_14824,75,8,1
clan_12293,clan_9798,75,9,1
clan_18542,clan_4740,75,9,1
clan_44490,clan_40041,75,9,1
clan_3434,clan_7175,75,9,1
clan_13759,clan_10125,75,11,1
clan_13401,clan_20581,75,11,1
clan_21438,clan_6108,75,12,1
clan_29836,clan_19384,75,12,1
clan_18162,clan_8863,75,12,1
clan_17756,clan_13184,75,12,1
clan_35818,clan_18265,75,12,1
clan_5281,clan_12307,75,12,1
clan_36695,clan_29728,75,12,1
clan_38911,clan_40611,75,12,1
clan_7577,clan_7533,75,12,1
clan_15720,clan_20524,75,14,1
clan_25101,clan_17888,75,14,1
clan_45414,clan_26164,75,14,1
clan_37250,clan_10717,75,14,1
clan_14996,clan_9998,75,14,1
clan_15985,clan_28103,75,15,1
clan_47530,clan_33370,75,15,1
clan_10959,clan_5582,75,15,1
clan_17666,clan_2706,75,15,1
clan_41154,clan_21198,75,15,1
clan_20100,clan_6002,75,15,1
clan_15828,clan_24362,75,15,1
clan_38526,clan_21762,75,15,1
clan_22058,clan_6392,75,15,1
clan_41780,clan_35487,75,16,1
clan_45841,clan_36626,75,16,1
clan_47615,clan_40395,75,16,1
clan_12830,clan_14759,75,16,1
clan_44783,clan_35288,75,17,1
clan_44803,clan_30320,75,17,1
clan_47894,clan_36934,75,17,1
clan_37479,clan_37522,75,17,1
clan_37386,clan_14656,75,17,1
clan_40389,clan_5385,75,17,1
clan_30162,clan_19371,75,17,1
clan_39406,clan_30986,75,17,1
clan_22724,clan_6965,75,18,1
clan_2061,clan_38858,75,18,1
clan_37210,clan_3852,75,18,1
clan_33554,clan_4230,75,18,1
clan_12740,clan_13839,75,18,1
clan_13665,clan_3085,75,18,1
clan_23692,clan_10939,75,18,1
clan_37753,clan_3668,75,18,1
clan_45328,clan_42330,75,18,1
clan_2817,clan_28647,75,18,1
clan_6603,clan_30452,75,18,1
clan_28309,clan_14773,75,18,1
clan_18225,clan_31045,75,18,1
clan_5733,clan_6860,75,18,1
clan_29476,clan_23540,75,18,1
clan_29448,clan_29620,75,18,1
clan_37890,clan_15436,75,18,1
clan_25371,clan_27366,75,18,1
clan_43903,clan_28734,75,18,1
clan_41493,clan_31864,75,18,1
clan_38725,clan_35239,75,18,1
clan_27183,clan_23877,75,18,1
clan_35887,clan_20477,75,18,1
clan_26304,clan_24954,75,18,1
clan_23245,clan_21365,75,18,1
clan_24175,clan_17325,75,19,1
clan_6120,clan_18531,75,19,1
clan_48224,clan_37911,75,20,1
clan_30799,clan_44113,75,20,1
clan_29646,clan_4418,75,20,1
clan_33461,clan_25193,75,20,1
clan_24672,clan_30047,75,20,1
clan_31678,clan_27064,75,21,1
clan_16338,clan_24615,75,21,1
clan_32837,clan_13960,75,21,1
clan_35958,clan_25736,75,21,1
clan_20364,clan_2316,75,21,1
clan_24722,clan_3603,75,21,1
clan_34272,clan_30281,75,21,1
clan_20895,clan_14708,75,21,1
clan_34981,clan_18023,75,21,1
clan_47708,clan_46072,75,21,1
clan_35295,clan_24090,75,21,1
clan_41053,clan_30760,75,21,1
clan_1003,clan_39788,75,21,1
clan_39028,clan_8657,75,21,1
clan_39450,clan_7625,75,21,1
clan_28695,clan_6104,75,21,1
clan_46658,clan_43880,75,21,1
clan_41388,clan_24734,75,21,1
clan_31547,clan_19483,75,21,1
clan_2533,clan_24482,75,21,1
clan_20760,clan_10473,75,21,1
clan_41335,clan_18656,75,21,1
clan_26665,clan_8713,75,21,1
clan_35593,clan_47194,75,21,1
clan_895,clan_28540,75,21,1
clan_12453,clan_21784,75,21,1
clan_20481,clan_12133,75,21,1
clan_34023,clan_47736,75,21,1
clan_39548,clan_31720,75,21,1
clan_48480,clan_223,75,21,1
clan_23993,clan_24007,75,21,1
clan_39226,clan_27327,75,22,1
clan_29521,clan_7440,75,22,1
clan_38506,clan_23108,75,23,1
clan_1536,clan_10667,75,23,1
clan_32173,clan_28209,75,23,1
clan_41503,clan_911,75,23,1
clan_38402,clan_12451,75,23,1
clan_38583,clan_27764,75,23,1
clan_46617,clan_38988,75,23,1
clan_46925,clan_589,75,23,1
clan_25946,clan_10542,75,23,1
clan_16498,clan_4440,75,23,1
clan_40913,clan_22440,75,23,1
clan_23925,clan_45258,75,24,1
clan_15805,clan_26633,75,24,1
clan_23600,clan_14217,75,24,1
clan_43333,clan_45743,75,24,1
clan_40873,clan_32535,75,24,1
clan_15037,clan_17510,75,24,1
clan_40900,clan_32330,75,24,1
clan_30932,clan_13952,75,24,1
clan_39901,clan_33895,75,24,1
clan_27812,clan_30869,75,24,1
clan_40902,clan_13157,75,24,1
clan_47840,clan_43943,75,24,1
clan_32309,clan_38554,75,24,1
clan_31250,clan_31896,75,24,1
clan_20401,clan_27844,75,24,1
clan_7750,clan_31614,75,24,1
clan_43743,clan_21570,75,24,1
clan_8268,clan_17104,75,24,1
clan_35526,clan_21758,75,24,1
clan_30573,clan_4135,75,24,1
clan_16280,clan_4234,75,24,1
clan_47841,clan_41147,75,24,1
clan_19070,clan_12426,75,24,1
clan_22991,clan_9876,75,24,1
clan_44031,clan_40507,75,24,1
clan_12558,clan_15028,75,24,1
clan_40588,clan_22681,75,24,1
clan_29185,clan_14980,75,24,1
clan_40270,clan_30330,75,24,1
clan_6625,clan_12941,75,24,1
clan_37685,clan_35588,75,24,1
clan_47146,clan_47224,75,24,1
clan_29923,clan_8133,75,24,1
clan_45325,clan_17850,75,24,1
clan_13427,clan_27120,75,24,1
clan_44772,clan_391,75,24,1
clan_36640,clan_39723,75,24,1
clan_31399,clan_22471,75,24,1
clan_46082,clan_40571,75,24,1
clan_44500,clan_41081,75,24,1
clan_34011,clan_42118,75,24,1
clan_196,clan_43703,75,24,1
clan_40806,clan_15514,75,24,1
clan_11483,clan_9128,75,24,1
clan_36095,clan_11395,75,24,1
clan_44181,clan_43708,75,24,1
clan_46391,clan_44875,75,24,1
clan_29013,clan_32211,75,24,1
clan_15926,clan_14899,75,24,1
clan_24799,clan_23999,75,24,1
clan_37455,clan_24400,75,24,1
clan_19957,clan_7924,75,24,1
clan_44806,clan_19081,75,24,1
clan_7954,clan_19231,75,24,1
clan_40659,clan_25033,75,24,1
clan_41460,clan_38249,75,24,1
clan_1009,clan_3762,75,24,1
clan_22638,clan_27143,75,24,1
clan_36529,clan_2048,75,24,1
clan_33512,clan_7504,75,24,1
clan_34143,clan_13227,75,24,1
clan_27496,clan_5048,75,24,1
clan_24540,clan_5570,75,24,1
clan_32648,clan_27164,75,26,1
clan_39900,clan_27206,75,26,1
clan_18883,clan_42957,75,26,1
clan_36871,clan_9510,75,26,1
clan_45494,clan_34640,75,26,1
clan_44043,clan_31541,75,26,1
clan_2755,clan_12913,75,26,1
clan_2970,clan_5131,75,26,1
clan_38598,clan_30132,75,26,1
clan_40275,clan_47701,75,26,1
clan_28287,clan_39634,75,26,1
clan_44192,clan_39684,75,26,1
clan_10298,clan_3276,75,26,1
clan_26577,clan_42818,75,26,1
clan_46593,clan_47182,75,26,1
clan_13409,clan_26569,75,26,1
clan_25385,clan_2991,75,26,1
clan_26383,clan_22331,75,27,1
clan_42825,clan_1524,75,27,1
clan_18473,clan_8081,75,27,1
clan_24523,clan_19538,75,27,1
clan_1046,clan_48160,75,27,1
clan_46852,clan_44077,75,27,1
clan_45515,clan_33989,75,27,1
clan_29197,clan_16703,75,27,1
clan_47661,clan_35622,75,27,1
clan_1383,clan_45719,75,27,1
clan_32638,clan_16204,75,27,1
clan_41032,clan_1382,75,27,1
clan_18020,clan_19012,75,27,1
clan_18334,clan_10395,75,27,1
clan_45301,clan_3837,75,27,1
clan_40699,clan_44876,75,27,1
clan_47730,clan_158,75,27,1
clan_26880,clan_11580,75,27,1
clan_10393,clan_29876,75,27,1
clan_37720,clan_16654,75,27,1
clan_25490,clan_5216,75,27,1
clan_29580,clan_14908,75,27,1
clan_28828,clan_25868,75,27,1
clan_45178,clan_627,75,27,1
clan_47397,clan_46983,75,27,1
clan_5548,clan_5877,75,27,1
clan_32932,clan_1549,75,27,1
clan_37971,clan_33636,75,27,1
clan_33313,clan_8208,75,27,1
clan_39014,clan_16055,75,27,1
clan_36781,clan_16501,75,27,1
clan_27800,clan_12815,75,27,1
clan_39278,clan_26454,75,27,1
clan_29614,clan_25200,75,27,1
clan_40788,clan_28273,75,27,1
clan_8332,clan_23423,75,27,1
clan_28918,clan_26585,75,27,1
clan_47879,clan_46314,75,27,1
clan_29187,clan_16423,75,27,1
clan_33424,clan_41188,75,27,1
clan_45496,clan_2077,75,27,1
clan_19299,clan_26690,75,27,1
clan_38736,clan_32851,75,27,1
clan_23546,clan_12506,75,27,1
clan_24099,clan_4722,75,27,1
clan_26182,clan_35910,75,27,1
clan_48502,clan_48109,75,27,1
clan_40452,clan_35089,75,27,1
clan_27933,clan_21144,75,27,1
clan_46930,clan_31783,75,27,1
clan_1249,clan_46994,75,27,1
clan_47624,clan_46799,75,27,1
clan_39811,clan_29148,75,27,1
clan_19557,clan_29556,75,27,1
clan_28140,clan_15129,75,27,1
clan_13937,clan_6166,75,27,1
clan_41263,clan_3311,75,27,1
clan_28997,clan_7245,75,27,1
clan_39666,clan_46839,75,27,1
clan_45777,clan_30329,75,27,1
clan_10173,clan_23681,75,27,1
clan_30867,clan_8988,75,27,1
clan_5172,clan_7591,75,27,1
clan_46067,clan_39143,75,27,1
clan_36731,clan_36223,75,27,1
clan_24363,clan_26586,75,27,1
clan_40970,clan_47073,75,27,1
clan_30795,clan_6203,75,27,1
clan_34999,clan_12499,75,27,1
clan_12695,clan_25918,75,27,1
clan_43868,clan_31959,75,27,1
clan_22969,clan_8793,75,27,1
clan_34062,clan_9273,75,27,1
clan_30503,clan_24465,75,27,1
clan_36709,clan_36007,75,27,1
clan_19019,clan_2739,75,27,1
clan_28493,clan_15830,75,27,1
clan_32676,clan_35676,75,27,1
clan_32620,clan_11681,75,27,1
clan_33400,clan_8909,75,27,1
clan_7764,clan_22037,75,27,1
clan_41890,clan_36572,75,27,1
clan_27411,clan_21435,75,27,1
clan_3577,clan_7013,75,27,1
clan_41345,clan_27305,75,27,1
clan_31462,clan_3566,75,27,1
clan_18002,clan_3100,75,27,1
clan_37485,clan_27754,75,27,1
clan_11643,clan_39021,75,27,1
clan_40363,clan_24626,75,27,1
clan_23844,clan_6005,75,28,1
clan_25218,clan_4757,75,29,1
clan_44963,clan_8999,75,29,1
clan_1659,clan_14967,75,29,1
clan_31114,clan_37595,75,29,1
clan_29152,clan_18966,75,29,1
clan_20445,clan_30186,75,29,1
clan_28171,clan_6271,75,29,1
clan_17023,clan_28871,75,29,1
clan_34388,clan_8874,75,29,1
clan_34297,clan_10907,75,29,1
clan_37886,clan_16567,75,29,1
clan_20023,clan_32101,75,29,1
clan_42300,clan_45469,75,29,1
clan_26634,clan_21935,75,29,1
clan_47629,clan_38307,75,29,1
clan_41769,clan_33376,75,29,1
clan_32544,clan_45036,75,29,1
clan_34581,clan_24732,75,29,1
clan_36553,clan_26661,75,29,1
clan_3832,clan_35236,75,29,1
clan_12599,clan_17433,75,30,1
clan_12311,clan_9223,75,30,1
clan_40667,clan_36205,75,30,1
clan_42323,clan_38807,75,30,1
clan_45487,clan_42244,75,30,1
clan_23749,clan_7444,75,30,1
clan_21579,clan_23593,75,30,1
clan_42895,clan_20784,75,30,1
clan_43790,clan_2629,75,30,1
clan_47089,clan_32883,75,30,1
clan_48311,clan_1677,75,30,1
clan_18428,clan_18191,75,30,1
clan_47470,clan_41090,75,30,1
clan_15113,clan_20813,75,30,1
clan_31793,clan_4347,75,30,1
clan_27285,clan_13281,75,30,1
clan_44669,clan_32592,75,30,1
clan_40814,clan_7782,75,30,1
clan_19540,clan_4337,75,30,1
clan_284,clan_40403,75,30,1
clan_23063,clan_30752,75,30,1
clan_35717,clan_23090,75,30,1
clan_11829,clan_21978,75,30,1
clan_47871,clan_45973,75,30,1
clan_44633,clan_14834,75,30,1
clan_23713,clan_4447,75,30,1
clan_16411,clan_19696,75,30,1
clan_1395,clan_2310,75,30,1
clan_46099,clan_17487,75,30,1
clan_34412,clan_5666,75,30,1
clan_155,clan_28566,75,30,1
clan_35024,clan_42529,75,30,1
clan_38410,clan_6675,75,30,1
clan_38800,clan_36409,75,30,1
clan_790,clan_48570,75,30,1
clan_33368,clan_34321,75,30,1
clan_34107,clan_20938,75,30,1
clan_44208,clan_20043,75,30,1
clan_36272,clan_19233,75,30,1
clan_44502,clan_41658,75,30,1
clan_43217,clan_39262,75,30,1
clan_35995,clan_18663,75,30,1
clan_21080,clan_19319,75,30,1
clan_47891,clan_1935,75,30,1
clan_47777,clan_32423,75,30,1
clan_13590,clan_19546,75,30,1
clan_43568,clan_41226,75,30,1
clan_35100,clan_29901,75,30,1
clan_43680,clan_37666,75,30,1
clan_37784,clan_36673,75,30,1
clan_45239,clan_47957,75,30,1
clan_36730,clan_11901,75,30,1
clan_27763,clan_24828,75,30,1
clan_20276,clan_17637,75,30,1
clan_38365,clan_40858,75,30,1
clan_10305,clan_46890,75,30,1
clan_42637,clan_43906,75,30,1
clan_45454,clan_28432,75,30,1
clan_26984,clan_6437,75,30,1
clan_47316,clan_47434,75,30,1
clan_9464,clan_5761,75,30,1
clan_46739,clan_39986,75,30,1
clan_38484,clan_23847,75,30,1
clan_30396,clan_4768,75,30,1
clan_37739,clan_41742,75,30,1
clan_8,clan_47577,75,30,1
clan_33361,clan_33327,75,30,1
clan_39873,clan_47639,75,30,1
clan_38050,clan_22217,75,30,1
clan_44340,clan_38436,75,30,1
clan_41675,clan_25730,75,30,1
clan_24729,clan_28722,75,30,1
clan_35916,clan_10419,75,30,1
clan_33586,clan_6367,75,30,1
clan_12680,clan_26545,75,30,1
clan_47539,clan_42504,75,30,1
clan_27193,clan_13438,75,30,1
clan_30042,clan_6993,75,30,1
clan_46201,clan_26345,75,30,1
clan_43270,clan_27263,75,30,1
clan_41865,clan_13341,75,30,1
clan_14329,clan_10080,75,30,1
clan_31434,clan_5529,75,30,1
clan_34454,clan_10352,75,30,1
clan_32127,clan_28745,75,30,1
clan_48162,clan_27,75,30,1
clan_7053,clan_3383,75,30,1
clan_193,clan_48225,75,30,1
clan_45332,clan_47788,75,30,1
clan_37207,clan_16956,75,30,1
clan_45788,clan_1985,75,30,1
clan_45104,clan_40723,75,30,1
clan_45726,clan_38708,75,30,1
clan_48067,clan_41812,75,30,1
clan_37659,clan_756,75,30,1
clan_19389,clan_4319,75,30,1
clan_39033,clan_35408,75,30,1
clan_31418,clan_3453,75,30,1
clan_51,clan_42318,75,30,1
clan_3456,clan_24546,75,30,1
clan_42558,clan_40586,75,30,1
clan_31237,clan_14149,75,30,1
clan_3450,clan_17806,75,30,1
clan_48434,clan_34004,75,30,1
clan_30502,clan_2168,75,30,1
clan_1373,clan_139,75,30,1
clan_11007,clan_2591,75,30,1
clan_43087,clan_41930,75,30,1
clan_38816,clan_32763,75,30,1
clan_47505,clan_46419,75,30,1
clan_45028,clan_24824,75,30,1
clan_41986,clan_16818,75,30,1
clan_28107,clan_12875,75,30,1
clan_12135,clan_13202,75,30,1
clan_43742,clan_44089,75,30,1
clan_1272,clan_1711,75,30,1
clan_29054,clan_30874,75,30,1
clan_8197,clan_12624,75,30,1
clan_28579,clan_3766,75,30,1
clan_41428,clan_2805,75,30,1
clan_15521,clan_13972,75,30,1
clan_20579,clan_3118,75,30,1
clan_1599,clan_36591,75,30,1
clan_46025,clan_39097,75,30,1
clan_37664,clan_38917,75,30,1
clan_40192,clan_30977,75,30,1
clan_45313,clan_1797,75,30,1
clan_30621,clan_27850,75,30,1
clan_21801,clan_9467,75,30,1
clan_47764,clan_46666,75,30,1
clan_41068,clan_16188,75,30,1
clan_44000,clan_43415,75,30,1
clan_48524,clan_45822,75,30,1
clan_38955,clan_17963,75,30,1
clan_34895,clan_12341,75,30,1
clan_43690,clan_26063,75,30,1
clan_28373,clan_22285,75,30,1
clan_48536,clan_1100,75,31,1
clan_48282,clan_1056,75,33,1
clan_38327,clan_25635,75,33,1
clan_48285,clan_47809,75,33,1
clan_1762,clan_39919,75,36,1
clan_34902,clan_26892,75,42,1
clan_174,clan_48465,75,42,1
clan_8377,clan_21858,76,4,1
clan_25077,clan_11578,76,4,1
clan_27276,clan_20394,76,10,1
clan_32006,clan_17190,76,10,1
clan_28879,clan_5393,76,10,1
clan_26831,clan_17311,76,13,1
clan_5250,clan_9912,76,14,1
clan_46470,clan_32204,76,14,1
clan_43418,clan_27720,76,15,1
clan_43823,clan_44546,76,15,1
clan_37047,clan_20610,76,15,1
clan_12165,clan_9741,76,15,1
clan_14475,clan_9536,76,18,1
clan_30711,clan_30699,76,18,1
clan_39640,clan_18879,76,19,1
clan_7021,clan_20489,76,20,1
clan_27528,clan_6714,76,21,1
clan_5833,clan_11676,76,24,1
clan_25856,clan_20389,76,24,1
clan_2141,clan_40024,76,24,1
clan_43146,clan_38280,76,24,1
clan_1350,clan_42795,76,36,1
clan_1554,clan_1626,76,39,1
clan_1300,clan_825,76,52,1
clan_33411,clan_3197,77,8,1
clan_2370,clan_21139,77,8,1
clan_32691,clan_3583,77,9,1
clan_43539,clan_18257,77,9,1
clan_37091,clan_30511,77,10,1
clan_24216,clan_15978,77,11,1
clan_42992,clan_31518,77,11,1
clan_42061,clan_21323,77,12,1
clan_16363,clan_14458,77,12,1
clan_30660,clan_44667,77,12,1
clan_784,clan_20597,77,12,1
clan_21030,clan_12356,77,12,1
clan_19829,clan_35318,77,14,1
clan_42350,clan_36682,77,14,1
clan_41588,clan_29721,77,14,1
clan_1779,clan_35435,77,14,1
clan_11434,clan_2342,77,15,1
clan_37907,clan_27520,77,15,1
clan_12232,clan_14333,77,15,1
clan_42523,clan_31380,77,15,1
clan_27744,clan_27974,77,15,1
clan_38522,clan_34431,77,15,1
clan_40185,clan_34758,77,16,1
clan_22923,clan_9735,77,17,1
clan_38247,clan_5838,77,17,1
clan_17444,clan_19032,77,17,1
clan_28651,clan_17882,77,17,1
clan_44406,clan_46375,77,18,1
clan_26772,clan_22161,77,18,1
clan_9244,clan_10519,77,18,1
clan_39538,clan_32259,77,18,1
clan_29079,clan_8965,77,18,1
clan_8723,clan_20495,77,20,1
clan_1572,clan_7406,77,20,1
clan_37994,clan_32112,77,21,1
clan_33911,clan_29885,77,21,1
clan_43017,clan_25171,77,21,1
clan_45840,clan_34846,77,21,1
clan_20165,clan_11939,77,21,1
clan_40272,clan_36134,77,23,1
clan_13187,clan_20385,77,24,1
clan_19949,clan_6024,77,24,1
clan_40968,clan_43279,77,24,1
clan_46652,clan_32079,77,24,1
clan_13999,clan_5711,77,24,1
clan_31346,clan_15991,77,24,1
clan_1467,clan_22343,77,24,1
clan_13081,clan_16593,77,24,1
clan_18095,clan_40464,78,0,1
clan_19925,clan_10160,78,3,1
clan_16733,clan_15531,78,6,1
clan_26112,clan_23114,78,6,1
clan_11974,clan_11648,78,6,1
clan_2480,clan_4124,78,8,1
clan_24914,clan_5052,78,9,1
clan_2169,clan_25362,78,9,1
clan_27401,clan_29124,78,9,1
clan_26660,clan_5135,78,9,1
clan_28045,clan_5829,78,9,1
clan_29529,clan_14062,78,9,1
clan_12150,clan_3109,78,9,1
clan_6217,clan_5502,78,9,1
clan_21218,clan_3299,78,9,1
clan_47001,clan_44029,78,9,1
clan_21254,clan_28725,78,9,1
clan_47726,clan_44564,78,9,1
clan_19575,clan_9386,78,11,1
clan_16442,clan_35808,78,11,1
clan_6699,clan_2717,78,11,1
clan_8996,clan_32754,78,12,1
clan_25263,clan_14027,78,12,1
clan_23414,clan_8387,78,12,1
clan_10933,clan_4769,78,12,1
clan_3218,clan_18241,78,12,1
clan_35813,clan_22018,78,12,1
clan_15860,clan_6831,78,12,1
clan_8041,clan_24826,78,13,1
clan_35505,clan_4832,78,14,1
clan_11195,clan_8533,78,14,1
clan_32366,clan_2486,78,14,1
clan_45321,clan_12629,78,14,1
clan_16687,clan_27681,78,14,1
clan_18378,clan_2716,78,14,1
clan_43558,clan_30843,78,15,1
clan_4678,clan_9892,78,15,1
clan_9027,clan_11115,78,15,1
clan_41285,clan_27767,78,15,1
clan_44668,clan_46630,78,15,1
clan_46426,clan_30871,78,15,1
clan_19213,clan_43094,78,15,1
clan_41895,clan_31515,78,15,1
clan_42138,clan_10604,78,15,1
clan_29509,clan_12835,78,15,1
clan_18509,clan_18168,78,15,1
clan_44647,clan_31832,78,15,1
clan_38190,clan_31386,78,15,1
clan_30531,clan_7081,78,15,1
clan_10101,clan_6528,78,15,1
clan_40381,clan_20155,78,15,1
clan_8127,clan_4194,78,15,1
clan_36723,clan_4950,78,15,1
clan_43772,clan_43426,78,15,1
clan_16117,clan_28656,78,15,1
clan_11086,clan_5374,78,15,1
clan_36938,clan_39577,78,16,1
clan_48256,clan_34838,78,17,1
clan_15158,clan_11722,78,17,1
clan_44116,clan_29892,78,17,1
clan_47027,clan_1392,78,17,1
clan_38989,clan_21104,78,17,1
clan_42424,clan_14286,78,17,1
clan_15591,clan_15838,78,17,1
clan_37058,clan_8173,78,18,1
clan_14626,clan_32327,78,18,1
clan_37826,clan_12515,78,18,1
clan_22449,clan_16371,78,18,1
clan_47668,clan_44926,78,18,1
clan_29237,clan_7808,78,18,1
clan_30345,clan_11858,78,18,1
clan_39854,clan_1616,78,18,1
clan_39778,clan_15635,78,18,1
clan_42301,clan_45879,78,18,1
clan_39106,clan_8516,78,18,1
clan_10480,clan_19110,78,18,1
clan_42358,clan_16369,78,18,1
clan_43885,clan_41711,78,18,1
clan_28554,clan_4475,78,18,1
clan_27935,clan_13680,78,18,1
clan_46449,clan_40001,78,18,1
clan_14700,clan_26077,78,18,1
clan_32084,clan_3946,78,18,1
clan_39058,clan_13620,78,18,1
clan_32107,clan_13945,78,18,1
clan_14837,clan_20856,78,18,1
clan_24084,clan_26057,78,18,1
clan_32785,clan_9938,78,18,1
clan_36952,clan_33247,78,18,1
clan_45972,clan_1550,78,18,1
clan_48308,clan_37775,78,18,1
clan_22791,clan_5594,78,18,1
clan_44807,clan_46354,78,18,1
clan_26614,clan_19809,78,18,1
clan_11852,clan_6652,78,18,1
clan_30548,clan_11324,78,18,1
clan_40391,clan_9138,78,18,1
clan_29336,clan_28464,78,18,1
clan_27865,clan_12670,78,18,1
clan_13886,clan_31455,78,18,1
clan_46411,clan_40581,78,18,1
clan_33153,clan_16639,78,18,1
clan_21648,clan_10795,78,18,1
clan_39833,clan_1518,78,18,1
clan_3301,clan_11171,78,18,1
clan_36991,clan_19476,78,18,1
clan_32775,clan_11433,78,18,1
clan_21096,clan_23328,78,18,1
clan_33337,clan_7762,78,18,1
clan_29400,clan_36749,78,18,1
clan_12882,clan_11739,78,18,1
clan_896,clan_32086,78,18,1
clan_37281,clan_16071,78,18,1
clan_37030,clan_29940,78,18,1
clan_28575,clan_1865,78,18,1
clan_26797,clan_22903,78,18,1
clan_45185,clan_34608,78,18,1
clan_24760,clan_28250,78,18,1
clan_17314,clan_14721,78,18,1
clan_47072,clan_37089,78,18,1
clan_3070,clan_3958,78,18,1
clan_29632,clan_16210,78,19,1
clan_32863,clan_36209,78,20,1
clan_27820,clan_20450,78,20,1
clan_38755,clan_18436,78,20,1
clan_10504,clan_1891,78,20,1
clan_46446,clan_44459,78,20,1
clan_24840,clan_33355,78,20,1
clan_19440,clan_1816,78,20,1
clan_42581,clan_38063,78,20,1
clan_13491,clan_26594,78,20,1
clan_26340,clan_7885,78,20,1
clan_2505,clan_8469,78,20,1
clan_29065,clan_23980,78,20,1
clan_45339,clan_37651,78,20,1
clan_21240,clan_8861,78,20,1
clan_26646,clan_14838,78,20,1
clan_27852,clan_22711,78,20,1
clan_21941,clan_6939,78,21,1
clan_41956,clan_43478,78,21,1
clan_44173,clan_37474,78,21,1
clan_47301,clan_16453,78,21,1
clan_38460,clan_1615,78,21,1
clan_25261,clan_32795,78,21,1
clan_6046,clan_13588,78,21,1
clan_45512,clan_38177,78,21,1
clan_42888,clan_13094,78,21,1
clan_25424,clan_14519,78,21,1
clan_38109,clan_14313,78,21,1
clan_36866,clan_8617,78,21,1
clan_43423,clan_7482,78,21,1
clan_16466,clan_20427,78,21,1
clan_19225,clan_17001,78,21,1
clan_41776,clan_4560,78,21,1
clan_47391,clan_46340,78,21,1
clan_42920,clan_44650,78,21,1
clan_71,clan_47230,78,21,1
clan_34953,clan_23181,78,21,1
clan_8150,clan_8938,78,21,1
clan_34415,clan_22885,78,21,1
clan_38609,clan_31742,78,21,1
clan_19556,clan_11242,78,21,1
clan_37184,clan_30287,78,21,1
clan_31578,clan_30908,78,21,1
clan_9120,clan_14250,78,21,1
clan_32880,clan_9164,78,21,1
clan_31978,clan_41553,78,21,1
clan_3963,clan_11387,78,21,1
clan_31271,clan_3098,78,21,1
clan_1983,clan_4649,78,21,1
clan_47712,clan_44167,78,21,1
clan_4799,clan_5328,78,21,1
clan_22461,clan_10695,78,21,1
clan_35746,clan_43409,78,21,1
clan_42078,clan_26156,78,21,1
clan_37698,clan_9224,78,21,1
clan_45968,clan_47883,78,21,1
clan_39301,clan_19718,78,21,1
clan_30197,clan_6720,78,21,1
clan_46828,clan_46238,78,21,1
clan_40132,clan_25755,78,21,1
clan_36804,clan_42205,78,21,1
clan_43553,clan_21690,78,21,1
clan_14241,clan_20500,78,21,1
clan_17026,clan_21962,78,21,1
clan_21774,clan_28081,78,21,1
clan_31525,clan_24689,78,21,1
clan_29957,clan_27441,78,21,1
clan_44614,clan_45738,78,21,1
clan_38044,clan_40013,78,21,1
clan_37337,clan_21190,78,21,1
clan_31577,clan_2635,78,21,1
clan_6824,clan_29020,78,21,1
clan_1145,clan_47609,78,21,1
clan_37754,clan_18366,78,21,1
clan_32738,clan_36106,78,21,1
clan_39565,clan_21608,78,21,1
clan_38238,clan_3125,78,21,1
clan_41425,clan_23940,78,21,1
clan_26319,clan_4383,78,21,1
clan_39932,clan_44268,78,21,1
clan_3498,clan_14268,78,21,1
clan_16357,clan_25942,78,21,1
clan_37774,clan_15477,78,22,1
clan_31765,clan_9430,78,22,1
clan_2723,clan_16966,78,22,1
clan_16882,clan_4416,78,22,1
clan_18099,clan_36596,78,23,1
clan_39517,clan_33108,78,23,1
clan_25980,clan_19592,78,23,1
clan_31619,clan_20106,78,23,1
clan_13304,clan_23364,78,23,1
clan_36799,clan_9204,78,23,1
clan_8227,clan_31682,78,23,1
clan_32065,clan_34047,78,23,1
clan_7372,clan_23914,78,23,1
clan_34683,clan_18962,78,23,1
clan_11085,clan_8418,78,23,1
clan_46381,clan_45992,78,23,1
clan_43916,clan_11135,78,23,1
clan_42500,clan_29906,78,23,1
clan_43353,clan_45179,78,23,1
clan_32786,clan_23362,78,23,1
clan_47930,clan_47796,78,24,1
clan_46376,clan_1413,78,24,1
clan_1313,clan_42885,78,24,1
clan_43999,clan_46460,78,24,1
clan_4558,clan_25409,78,24,1
clan_15215,clan_25717,78,24,1
clan_48124,clan_44398,78,24,1
clan_44080,clan_24215,78,24,1
clan_3365,clan_11674,78,24,1
clan_36326,clan_20004,78,24,1
clan_21335,clan_38278,78,24,1
clan_45455,clan_43399,78,24,1
clan_48275,clan_47306,78,24,1
clan_44317,clan_47171,78,24,1
clan_25893,clan_40317,78,24,1
clan_36447,clan_33975,78,24,1
clan_1405,clan_44663,78,24,1
clan_33974,clan_5700,78,24,1
clan_34056,clan_36435,78,24,1
clan_42511,clan_48173,78,24,1
clan_3692,clan_23001,78,24,1
clan_18714,clan_26177,78,24,1
clan_146,clan_47392,78,24,1
clan_47200,clan_45715,78,24,1
clan_29999,clan_43621,78,24,1
clan_31909,clan_6562,78,24,1
clan_38906,clan_12048,78,24,1
clan_45603,clan_35841,78,24,1
clan_37469,clan_349,78,24,1
clan_42961,clan_42060,78,24,1
clan_15674,clan_44390,78,24,1
clan_37997,clan_36042,78,24,1
clan_48494,clan_48538,78,24,1
clan_22031,clan_5341,78,24,1
clan_46780,clan_28741,78,24,1
clan_24162,clan_34250,78,24,1
clan_43213,clan_16747,78,24,1
clan_1176,clan_417,78,24,1
clan_14611,clan_3657,78,24,1
clan_46463,clan_37525,78,24,1
clan_46357,clan_38586,78,24,1
clan_39763,clan_45023,78,24,1
clan_28747,clan_21418,78,24,1
clan_28826,clan_21388,78,24,1
clan_20987,clan_7926,78,24,1
clan_27157,clan_21502,78,24,1
clan_11159,clan_14783,78,24,1
clan_44242,clan_39114,78,24,1
clan_45294,clan_44710,78,24,1
clan_1064,clan_771,78,24,1
clan_532,clan_1786,78,24,1
clan_44972,clan_41417,78,24,1
clan_44421,clan_1678,78,24,1
clan_34290,clan_22683,78,24,1
clan_32034,clan_29852,78,24,1
clan_40824,clan_42486,78,24,1
clan_38017,clan_35146,78,24,1
clan_35775,clan_13372,78,24,1
clan_8367,clan_3619,78,24,1
clan_42302,clan_33126,78,24,1
clan_35531,clan_21923,78,24,1
clan_45950,clan_45302,78,24,1
clan_28663,clan_7363,78,24,1
clan_44526,clan_44097,78,24,1
clan_48563,clan_46855,78,24,1
clan_31871,clan_23483,78,24,1
clan_46534,clan_39164,78,24,1
clan_23356,clan_12246,78,24,1
clan_24690,clan_43210,78,24,1
clan_19038,clan_12588,78,24,1
clan_39206,clan_29874,78,24,1
clan_19658,clan_24770,78,24,1
clan_28190,clan_21424,78,27,1
clan_40863,clan_6512,78,27,1
clan_45545,clan_44879,78,27,1
clan_47009,clan_1881,78,27,1
clan_41026,clan_28926,78,27,1
clan_35095,clan_30981,78,27,1
clan_22228,clan_29659,78,27,1
clan_432,clan_2114,78,27,1
clan_42202,clan_35605,78,27,1
clan_44827,clan_1943,78,27,1
clan_45576,clan_33683,78,27,1
clan_2102,clan_40141,78,27,1
clan_831,clan_38873,78,27,1
clan_26673,clan_25989,78,27,1
clan_34205,clan_20951,78,27,1
clan_573,clan_12,78,27,1
clan_46153,clan_33889,78,27,1
clan_1984,clan_45143,78,27,1
clan_20670,clan_12456,78,27,1
clan_46304,clan_45132,78,27,1
clan_31572,clan_9381,78,27,1
clan_9642,clan_12345,78,27,1
clan_31717,clan_17409,78,27,1
clan_45189,clan_44718,78,27,1
clan_46870,clan_1472,78,27,1
clan_6984,clan_19513,78,27,1
clan_33570,clan_23045,78,27,1
clan_1512,clan_45744,78,27,1
clan_29457,clan_4027,78,27,1
clan_1874,clan_48366,78,27,1
clan_31458,clan_3575,78,27,1
clan_31124,clan_11458,78,27,1
clan_36028,clan_28723,78,27,1
clan_36081,clan_21407,78,27,1
clan_1034,clan_39457,78,30,1
clan_642,clan_712,78,36,1
clan_1773,clan_48223,78,36,1
clan_1175,clan_2157,78,51,1
clan_22795,clan_10206,79,7,1
clan_27118,clan_22051,79,8,1
clan_10237,clan_26648,79,8,1
clan_10632,clan_12260,79,11,1
clan_31774,clan_16811,79,12,1
clan_21159,clan_9146,79,12,1
clan_28238,clan_17200,79,13,1
clan_28400,clan_20571,79,15,1
clan_35198,clan_5317,79,15,1
clan_6131,clan_33477,79,15,1
clan_17462,clan_24334,79,17,1
clan_3171,clan_13088,79,18,1
clan_136,clan_20,79,33,1
clan_25817,clan_11698,80,2,1
clan_15325,clan_5509,80,2,1
clan_23422,clan_14646,80,3,1
clan_4723,clan_15604,80,3,1
clan_25244,clan_6710,80,3,1
clan_6777,clan_14956,80,4,1
clan_7312,clan_6827,80,6,1
clan_23941,clan_11451,80,6,1
clan_39496,clan_29631,80,6,1
clan_38143,clan_19859,80,7,1
clan_4838,clan_20386,80,8,1
clan_3233,clan_5878,80,8,1
clan_27215,clan_7389,80,8,1
clan_15357,clan_24027,80,8,1
clan_46990,clan_43765,80,9,1
clan_30746,clan_15155,80,9,1
clan_36757,clan_39382,80,9,1
clan_30941,clan_24739,80,12,1
clan_40128,clan_23000,80,12,1
clan_18372,clan_3293,80,12,1
clan_47268,clan_31190,80,12,1
clan_22489,clan_4374,80,12,1
clan_1427,clan_43185,80,13,1
clan_41400,clan_44389,80,14,1
clan_546,clan_44195,80,14,1
clan_12337,clan_42950,80,14,1
clan_28545,clan_12486,80,14,1
clan_23121,clan_32607,80,15,1
clan_46738,clan_43184,80,15,1
clan_45089,clan_43739,80,15,1
clan_40462,clan_34942,80,15,1
clan_31192,clan_7091,80,15,1
clan_15665,clan_6730,80,15,1
clan_18286,clan_19301,80,16,1
clan_9659,clan_22435,80,16,1
clan_2947,clan_23946,80,17,1
clan_45802,clan_44885,80,18,1
clan_19839,clan_30990,80,18,1
clan_28648,clan_33136,80,18,1
clan_1052,clan_38018,80,18,1
clan_3822,clan_15709,80,19,1
clan_43528,clan_41827,80,20,1
clan_3283,clan_8456,80,20,1
clan_1590,clan_46718,80,21,1
clan_28032,clan_27475,80,21,1
clan_21446,clan_23232,80,21,1
clan_40059,clan_15082,80,21,1
clan_33648,clan_13358,80,21,1
clan_29398,clan_24805,80,21,1
clan_46248,clan_17477,80,21,1
clan_696,clan_45489,80,21,1
clan_3202,clan_6310,80,21,1
clan_46063,clan_45020,80,21,1
clan_32923,clan_33004,80,21,1
clan_13167,clan_26095,80,21,1
clan_18715,clan_17432,80,21,1
clan_26140,clan_8128,80,21,1
clan_44379,clan_48281,80,21,1
clan_37559,clan_12265,80,21,1
clan_21279,clan_5603,80,21,1
clan_34387,clan_18685,80,21,1
clan_1143,clan_47716,80,36,1
clan_321,clan_46806,80,56,1
clan_10325,clan_7016,81,5,1
clan_11930,clan_12726,81,6,1
clan_30534,clan_14720,81,8,1
clan_32103,clan_13518,81,8,1
clan_42764,clan_5356,81,9,1
clan_28160,clan_21701,81,9,1
clan_7032,clan_6071,81,9,1
clan_26991,clan_28389,81,9,1
clan_43901,clan_14186,81,9,1
clan_3014,clan_12329,81,9,1
clan_47460,clan_40626,81,9,1
clan_48134,clan_1902,81,9,1
clan_34259,clan_2918,81,10,1
clan_4480,clan_8189,81,10,1
clan_47852,clan_44801,81,11,1
clan_28519,clan_29471,81,11,1
clan_17542,clan_12817,81,12,1
clan_6709,clan_4335,81,12,1
clan_27485,clan_27384,81,12,1
clan_15102,clan_16078,81,12,1
clan_42685,clan_33654,81,12,1
clan_9629,clan_6481,81,12,1
clan_27468,clan_12099,81,12,1
clan_2271,clan_9092,81,12,1
clan_31152,clan_28015,81,12,1
clan_29975,clan_9496,81,12,1
clan_46791,clan_40835,81,12,1
clan_40598,clan_35039,81,12,1
clan_4494,clan_19336,81,12,1
clan_42470,clan_2962,81,12,1
clan_36850,clan_29132,81,12,1
clan_41633,clan_31495,81,12,1
clan_18485,clan_15002,81,12,1
clan_2874,clan_4448,81,12,1
clan_30544,clan_17182,81,12,1
clan_44298,clan_45324,81,13,1
clan_11781,clan_25107,81,13,1
clan_35368,clan_41187,81,13,1
clan_48077,clan_43349,81,13,1
clan_30716,clan_27426,81,14,1
clan_43854,clan_33412,81,14,1
clan_12719,clan_5995,81,14,1
clan_23332,clan_12256,81,14,1
clan_31661,clan_37034,81,14,1
clan_29691,clan_11666,81,15,1
clan_44857,clan_45893,81,15,1
clan_39592,clan_28607,81,15,1
clan_41816,clan_31681,81,15,1
clan_23879,clan_11935,81,15,1
clan_47135,clan_40700,81,15,1
clan_8176,clan_42291,81,15,1
clan_40008,clan_38463,81,15,1
clan_34569,clan_7151,81,15,1
clan_33311,clan_28580,81,15,1
clan_9498,clan_18149,81,15,1
clan_39145,clan_38298,81,15,1
clan_40825,clan_38722,81,15,1
clan_40766,clan_26711,81,15,1
clan_6428,clan_16238,81,15,1
clan_43572,clan_4343,81,15,1
clan_33343,clan_5059,81,15,1
clan_7430,clan_18407,81,15,1
clan_26096,clan_21706,81,15,1
clan_43398,clan_46979,81,15,1
clan_45537,clan_31716,81,15,1
clan_26292,clan_15414,81,15,1
clan_24231,clan_13550,81,15,1
clan_29501,clan_21370,81,15,1
clan_34746,clan_6845,81,16,1
clan_28608,clan_24211,81,16,1
clan_28288,clan_23799,81,16,1
clan_14163,clan_14139,81,16,1
clan_17426,clan_23471,81,17,1
clan_33249,clan_33565,81,17,1
clan_27059,clan_2948,81,17,1
clan_19438,clan_2752,81,17,1
clan_33854,clan_31421,81,17,1
clan_4245,clan_26372,81,18,1
clan_10882,clan_38813,81,18,1
clan_44708,clan_40067,81,18,1
clan_46912,clan_45532,81,18,1
clan_37449,clan_28458,81,18,1
clan_39303,clan_41936,81,18,1
clan_19979,clan_20983,81,18,1
clan_34204,clan_31663,81,18,1
clan_11777,clan_37071,81,18,1
clan_47600,clan_41907,81,18,1
clan_2440,clan_13109,81,18,1
clan_3480,clan_18721,81,18,1
clan_25380,clan_5641,81,18,1
clan_37118,clan_39066,81,18,1
clan_29985,clan_31079,81,18,1
clan_17658,clan_8234,81,18,1
clan_48574,clan_45501,81,18,1
clan_13116,clan_37702,81,18,1
clan_48435,clan_38388,81,18,1
clan_38680,clan_15,81,18,1
clan_47836,clan_34502,81,18,1
clan_29485,clan_9831,81,18,1
clan_3750,clan_21008,81,18,1
clan_46762,clan_38809,81,18,1
clan_26326,clan_38970,81,18,1
clan_23131,clan_22297,81,18,1
clan_44761,clan_10624,81,18,1
clan_32688,clan_4932,81,18,1
clan_46662,clan_39566,81,18,1
clan_13199,clan_7188,81,18,1
clan_38957,clan_34815,81,18,1
clan_43655,clan_30769,81,18,1
clan_45996,clan_37099,81,18,1
clan_33663,clan_5420,81,20,1
clan_41093,clan_13543,81,21,1
clan_25260,clan_5608,81,21,1
clan_22441,clan_7236,81,21,1
clan_18279,clan_41530,81,21,1
clan_17969,clan_8207,81,21,1
clan_40093,clan_30137,81,21,1
clan_22953,clan_27643,81,21,1
clan_21687,clan_17522,81,21,1
clan_41726,clan_36312,81,21,1
clan_9127,clan_27893,81,21,1
clan_40426,clan_2851,81,21,1
clan_699,clan_20872,81,21,1
clan_23771,clan_21634,81,21,1
clan_30478,clan_15183,81,21,1
clan_42604,clan_28472,81,21,1
clan_44854,clan_44944,81,21,1
clan_17927,clan_25296,81,21,1
clan_33110,clan_41038,81,21,1
clan_17508,clan_35765,81,21,1
clan_25716,clan_11614,81,21,1
clan_9087,clan_8148,81,21,1
clan_48120,clan_42810,81,21,1
clan_40846,clan_7492,81,21,1
clan_30058,clan_26108,81,21,1
clan_43458,clan_39920,81,21,1
clan_4911,clan_26720,81,21,1
clan_34486,clan_31013,81,21,1
clan_42046,clan_4621,81,21,1
clan_25966,clan_8911,81,21,1
clan_1770,clan_38465,81,21,1
clan_41732,clan_1111,81,21,1
clan_11009,clan_12591,81,21,1
clan_48274,clan_43769,81,21,1
clan_46194,clan_43964,81,21,1
clan_7847,clan_2736,81,21,1
clan_48533,clan_37392,81,21,1
clan_473,clan_48195,81,21,1
clan_18148,clan_8581,81,24,1
clan_31012,clan_14770,81,24,1
clan_41035,clan_44145,81,24,1
clan_47045,clan_30131,81,24,1
clan_21132,clan_22863,81,24,1
clan_24539,clan_14141,81,24,1
clan_16843,clan_30499,81,24,1
clan_172,clan_30392,81,24,1
clan_30318,clan_18842,81,24,1
clan_31624,clan_37356,81,24,1
clan_19808,clan_898,81,24,1
clan_42406,clan_29267,81,24,1
clan_9865,clan_24648,81,24,1
clan_29708,clan_21484,81,24,1
clan_4980,clan_14389,81,24,1
clan_40222,clan_21529,81,24,1
clan_24759,clan_20602,81,24,1
clan_36552,clan_7200,81,24,1
clan_13711,clan_4056,81,24,1
clan_47789,clan_211,81,24,1
clan_34976,clan_12318,81,24,1
clan_48461,clan_42193,81,24,1
clan_39966,clan_39287,81,24,1
clan_673,clan_39467,81,24,1
clan_2287,clan_29997,81,24,1
clan_40104,clan_19865,81,24,1
clan_40896,clan_36712,81,24,1
clan_23401,clan_10494,81,24,1
clan_36989,clan_27433,81,24,1
clan_38141,clan_35769,81,27,1
clan_32872,clan_26827,81,27,1
clan_40984,clan_16436,81,27,1
clan_44437,clan_2071,81,27,1
clan_2133,clan_48277,81,27,1
clan_45863,clan_16445,81,27,1
clan_36107,clan_33279,81,27,1
clan_40103,clan_26099,81,27,1
clan_24467,clan_3797,81,27,1
clan_29723,clan_32039,81,27,1
clan_38827,clan_3584,81,27,1
clan_48565,clan_21639,81,27,1
clan_32951,clan_32433,81,27,1
clan_28227,clan_7896,81,27,1
clan_45733,clan_42897,81,27,1
clan_48451,clan_47718,81,27,1
clan_47906,clan_46395,81,27,1
clan_37132,clan_32877,81,27,1
clan_37027,clan_29147,81,27,1
clan_46819,clan_40281,81,27,1
clan_45806,clan_31708,81,27,1
clan_28748,clan_22720,81,27,1
clan_34760,clan_9713,81,27,1
clan_37085,clan_38487,81,27,1
clan_40602,clan_31969,81,27,1
clan_28422,clan_31802,81,27,1
clan_1479,clan_45169,81,27,1
clan_416,clan_38464,81,27,1
clan_41728,clan_32482,81,27,1
clan_41662,clan_42713,81,27,1
clan_46621,clan_1087,81,27,1
clan_22585,clan_6967,81,27,1
clan_34372,clan_36925,81,27,1
clan_42946,clan_44979,81,27,1
clan_38169,clan_12883,81,27,1
clan_17730,clan_17160,81,27,1
clan_45982,clan_6526,81,27,1
clan_48402,clan_1458,81,27,1
clan_26263,clan_3699,81,27,1
clan_38744,clan_13080,81,27,1
clan_48521,clan_29736,81,27,1
clan_40753,clan_11589,81,27,1
clan_39910,clan_36540,81,27,1
clan_42508,clan_37261,81,27,1
clan_37951,clan_37378,81,27,1
clan_46947,clan_46660,81,27,1
clan_41312,clan_44498,81,27,1
clan_28496,clan_3734,81,27,1
clan_42942,clan_23137,81,27,1
clan_40148,clan_18108,81,27,1
clan_24166,clan_7788,81,27,1
clan_44429,clan_11736,81,27,1
clan_37322,clan_30421,81,27,1
clan_47436,clan_38629,81,27,1
clan_23170,clan_33713,81,27,1
clan_29395,clan_9305,81,27,1
clan_27853,clan_32882,81,27,1
clan_11072,clan_2515,81,27,1
clan_42719,clan_42610,81,27,1
clan_44822,clan_29063,81,27,1
clan_41495,clan_34662,81,27,1
clan_34913,clan_23553,81,27,1
clan_43180,clan_42635,81,27,1
clan_39853,clan_37291,81,27,1
clan_25586,clan_23381,81,27,1
clan_46539,clan_33950,81,27,1
clan_40259,clan_30431,81,27,1
clan_41019,clan_67,81,27,1
clan_36883,clan_38740,81,27,1
clan_16415,clan_18853,81,27,1
clan_18959,clan_8528,81,27,1
clan_18517,clan_7075,81,27,1
clan_40237,clan_2011,81,27,1
clan_44434,clan_35250,81,27,1
clan_2401,clan_3175,81,27,1
clan_32898,clan_31811,81,27,1
clan_48400,clan_23866,81,27,1
clan_43153,clan_35554,81,27,1
clan_26561,clan_3783,81,27,1
clan_44568,clan_33229,81,27,1
clan_32744,clan_40818,81,27,1
clan_44674,clan_46320,81,27,1
clan_35338,clan_40649,81,27,1
clan_15965,clan_8776,81,27,1
clan_15446,clan_3644,81,27,1
clan_6264,clan_4978,81,27,1
clan_21126,clan_13998,81,27,1
clan_20999,clan_28915,81,27,1
clan_739,clan_1486,81,27,1
clan_36965,clan_20353,81,27,1
clan_24768,clan_23036,81,27,1
clan_46557,clan_43952,81,27,1
clan_2298,clan_1015,81,33,1
clan_43410,clan_48301,81,33,1
clan_45255,clan_650,81,33,1
clan_313,clan_46737,81,33,1
clan_265,clan_199,81,40,1
clan_266,clan_48386,81,45,1
clan_946,clan_48464,81,45,1
clan_205,clan_1909,81,51,1
clan_48410,clan_380,81,60,1
clan_8612,clan_2999,82,2,1
clan_19142,clan_17592,82,4,1
clan_40941,clan_27813,82,6,1
clan_9626,clan_20781,82,6,1
clan_17571,clan_6537,82,6,1
clan_21705,clan_13098,82,6,1
clan_17724,clan_6066,82,8,1
clan_11733,clan_13169,82,9,1
clan_28883,clan_26882,82,9,1
clan_18616,clan_24171,82,9,1
clan_17890,clan_10477,82,17,1
clan_7889,clan_10496,82,17,1
clan_16340,clan_31839,82,20,1
clan_1140,clan_47971,82,24,1
clan_48425,clan_47280,82,24,1
clan_45930,clan_1391,82,27,1
clan_290,clan_48387,82,30,1
clan_48353,clan_43603,83,6,1
clan_5253,clan_14183,83,9,1
clan_29347,clan_10903,83,11,1
clan_40311,clan_32430,83,11,1
clan_27060,clan_11067,83,11,1
clan_12948,clan_4187,83,11,1
clan_34096,clan_12661,83,11,1
clan_11668,clan_3132,83,11,1
clan_9975,clan_8078,83,12,1
clan_21361,clan_17456,83,12,1
clan_35269,clan_24242,83,12,1
clan_45917,clan_45047,83,12,1
clan_27876,clan_20042,83,12,1
clan_31197,clan_26232,83,12,1
clan_8728,clan_13895,83,13,1
clan_20673,clan_39456,83,14,1
clan_41354,clan_12578,83,15,1
clan_25023,clan_35682,83,15,1
clan_41415,clan_18178,83,15,1
clan_34956,clan_29328,83,15,1
clan_36536,clan_39830,83,18,1
clan_44104,clan_16879,83,21,1
clan_44799,clan_1408,83,21,1
clan_35530,clan_19055,83,21,1
clan_15612,clan_42807,83,21,1
clan_33791,clan_6911,84,0,1
clan_33802,clan_3522,84,0,1
clan_45504,clan_32855,84,0,1
clan_32174,clan_26538,84,0,1
clan_14587,clan_5476,84,0,1
clan_13437,clan_16644,84,2,1
clan_11895,clan_5996,84,2,1
clan_3239,clan_12919,84,3,1
clan_41853,clan_2429,84,3,1
clan_19597,clan_6744,84,3,1
clan_37532,clan_18920,84,3,1
clan_33729,clan_35225,84,6,1
clan_39224,clan_36580,84,6,1
clan_24654,clan_7936,84,6,1
clan_10367,clan_6761,84,6,1
clan_11544,clan_4885,84,6,1
clan_30824,clan_13072,84,6,1
clan_45491,clan_41841,84,6,1
clan_1888,clan_48385,84,6,1
clan_39835,clan_44179,84,8,1
clan_46595,clan_36031,84,8,1
clan_2215,clan_26067,84,9,1
clan_48488,clan_925,84,9,1
clan_46321,clan_45993,84,9,1
clan_30009,clan_15671,84,9,1
clan_30609,clan_548,84,9,1
clan_36831,clan_36663,84,9,1
clan_8559,clan_22580,84,9,1
clan_2378,clan_16705,84,10,1
clan_9170,clan_7233,84,10,1
clan_30425,clan_13782,84,11,1
clan_24357,clan_32191,84,12,1
clan_3342,clan_22092,84,12,1
clan_37757,clan_32110,84,12,1
clan_42314,clan_33547,84,12,1
clan_8689,clan_2791,84,12,1
clan_35549,clan_30312,84,12,1
clan_46361,clan_42855,84,12,1
clan_33823,clan_10103,84,12,1
clan_18174,clan_19090,84,12,1
clan_9073,clan_30905,84,12,1
clan_22520,clan_3659,84,12,1
clan_28687,clan_15157,84,12,1
clan_13719,clan_27434,84,12,1
clan_9271,clan_12858,84,12,1
clan_34150,clan_12409,84,12,1
clan_5791,clan_12514,84,12,1
clan_28728,clan_30724,84,12,1
clan_1199,clan_2902,84,12,1
clan_17099,clan_14369,84,13,1
clan_15198,clan_9121,84,14,1
clan_39674,clan_31507,84,14,1
clan_46392,clan_37370,84,14,1
clan_23161,clan_12261,84,14,1
clan_48083,clan_34232,84,14,1
clan_31489,clan_5748,84,14,1
clan_42033,clan_1436,84,14,1
clan_40773,clan_1820,84,15,1
clan_42463,clan_2111,84,15,1
clan_39318,clan_29664,84,15,1
clan_37417,clan_32770,84,15,1
clan_26348,clan_3660,84,15,1
clan_46412,clan_5931,84,15,1
clan_47136,clan_45180,84,15,1
clan_47366,clan_43083,84,15,1
clan_44326,clan_29431,84,15,1
clan_47084,clan_39956,84,15,1
clan_36941,clan_13908,84,15,1
clan_3791,clan_24850,84,15,1
clan_44953,clan_35551,84,15,1
clan_40081,clan_16725,84,15,1
clan_47679,clan_39526,84,15,1
clan_10747,clan_12717,84,15,1
clan_30045,clan_18789,84,15,1
clan_28381,clan_27908,84,15,1
clan_45493,clan_2593,84,15,1
clan_23988,clan_16519,84,15,1
clan_41585,clan_6716,84,15,1
clan_37963,clan_30298,84,15,1
clan_46600,clan_12682,84,15,1
clan_31415,clan_30094,84,15,1
clan_17458,clan_28065,84,15,1
clan_47828,clan_30479,84,15,1
clan_4563,clan_6975,84,15,1
clan_37537,clan_38432,84,15,1
clan_31333,clan_35707,84,17,1
clan_45903,clan_35804,84,17,1
clan_47573,clan_1565,84,17,1
clan_47536,clan_10044,84,17,1
clan_33708,clan_14677,84,18,1
clan_34617,clan_22922,84,18,1
clan_28451,clan_34128,84,18,1
clan_42139,clan_521,84,18,1
clan_41647,clan_36318,84,18,1
clan_34821,clan_33320,84,18,1
clan_44066,clan_38306,84,18,1
clan_39109,clan_433,84,18,1
clan_22150,clan_15071,84,18,1
clan_47945,clan_38941,84,18,1
clan_16680,clan_22684,84,18,1
clan_46008,clan_26562,84,18,1
clan_43375,clan_45465,84,18,1
clan_31027,clan_19024,84,18,1
clan_29297,clan_23520,84,18,1
clan_17543,clan_5494,84,18,1
clan_20468,clan_29318,84,18,1
clan_21977,clan_3590,84,18,1
clan_40033,clan_8746,84,18,1
clan_41892,clan_36779,84,18,1
clan_34522,clan_45986,84,18,1
clan_34229,clan_23782,84,18,1
clan_46415,clan_43904,84,18,1
clan_32235,clan_21033,84,18,1
clan_16600,clan_10226,84,18,1
clan_12436,clan_22891,84,18,1
clan_47860,clan_181,84,18,1
clan_27395,clan_12005,84,18,1
clan_40331,clan_3827,84,18,1
clan_45011,clan_26354,84,18,1
clan_27269,clan_34339,84,18,1
clan_45673,clan_39698,84,18,1
clan_2304,clan_2124,84,18,1
clan_34982,clan_5673,84,18,1
clan_43097,clan_26093,84,18,1
clan_15911,clan_13859,84,18,1
clan_31668,clan_6687,84,18,1
clan_18453,clan_542,84,18,1
clan_18347,clan_15960,84,18,1
clan_38313,clan_8144,84,18,1
clan_47633,clan_32300,84,18,1
clan_41483,clan_36482,84,18,1
clan_44739,clan_1532,84,18,1
clan_31954,clan_12620,84,18,1
clan_35557,clan_16739,84,18,1
clan_25348,clan_12007,84,18,1
clan_1021,clan_47749,84,18,1
clan_27550,clan_11420,84,18,1
clan_47717,clan_36365,84,18,1
clan_17092,clan_15441,84,18,1
clan_22994,clan_11703,84,18,1
clan_31315,clan_11849,84,18,1
clan_46881,clan_42342,84,18,1
clan_15992,clan_2651,84,18,1
clan_41873,clan_29888,84,18,1
clan_40246,clan_10417,84,18,1
clan_34017,clan_27699,84,20,1
clan_12626,clan_16508,84,20,1
clan_40589,clan_20081,84,20,1
clan_46714,clan_17771,84,20,1
clan_48249,clan_48337,84,20,1
clan_28727,clan_6772,84,20,1
clan_41693,clan_1400,84,20,1
clan_20344,clan_12166,84,20,1
clan_42618,clan_11087,84,20,1
clan_16286,clan_34464,84,20,1
clan_34643,clan_9691,84,20,1
clan_28744,clan_5082,84,20,1
clan_42664,clan_31698,84,20,1
clan_33432,clan_33007,84,21,1
clan_43912,clan_12731,84,21,1
clan_46862,clan_36408,84,21,1
clan_41534,clan_41698,84,21,1
clan_44778,clan_34609,84,21,1
clan_46615,clan_38048,84,21,1
clan_22102,clan_12943,84,21,1
clan_48019,clan_47815,84,21,1
clan_41579,clan_26412,84,21,1
clan_45079,clan_5596,84,21,1
clan_43063,clan_26029,84,21,1
clan_36211,clan_33952,84,21,1
clan_44400,clan_37314,84,21,1
clan_41225,clan_46098,84,21,1
clan_21519,clan_20128,84,21,1
clan_41177,clan_20151,84,21,1
clan_34681,clan_34336,84,21,1
clan_46573,clan_30635,84,21,1
clan_42631,clan_12602,84,21,1
clan_40052,clan_35909,84,21,1
clan_47733,clan_39975,84,21,1
clan_43435,clan_40351,84,21,1
clan_31729,clan_15627,84,21,1
clan_1489,clan_48371,84,21,1
clan_48432,clan_46824,84,21,1
clan_43396,clan_33070,84,21,1
clan_28343,clan_24980,84,21,1
clan_45408,clan_36664,84,21,1
clan_31551,clan_15951,84,21,1
clan_919,clan_39918,84,21,1
clan_48045,clan_47810,84,21,1
clan_716,clan_43715,84,21,1
clan_8782,clan_23768,84,21,1
clan_48199,clan_48041,84,21,1
clan_20754,clan_23645,84,21,1
clan_48561,clan_34892,84,21,1
clan_44902,clan_5062,84,21,1
clan_818,clan_45979,84,21,1
clan_34040,clan_32450,84,21,1
clan_36791,clan_38929,84,21,1
clan_46730,clan_46464,84,21,1
clan_32909,clan_5567,84,21,1
clan_18533,clan_6659,84,21,1
clan_11100,clan_4904,84,21,1
clan_377,clan_38866,84,21,1
clan_32372,clan_36754,84,21,1
clan_46923,clan_47592,84,21,1
clan_42359,clan_39069,84,21,1
clan_47256,clan_487,84,21,1
clan_1527,clan_39638,84,21,1
clan_48055,clan_47272,84,21,1
clan_30772,clan_37068,84,21,1
clan_41231,clan_33168,84,21,1
clan_21455,clan_19487,84,21,1
clan_25976,clan_33815,84,21,1
clan_37110,clan_18549,84,21,1
clan_16700,clan_35506,84,21,1
clan_10888,clan_29587,84,21,1
clan_31600,clan_27751,84,21,1
clan_43629,clan_19956,84,21,1
clan_30348,clan_10645,84,21,1
clan_8071,clan_22955,84,21,1
clan_36568,clan_33262,84,21,1
clan_45223,clan_18684,84,21,1
clan_44360,clan_16464,84,21,1
clan_48138,clan_824,84,21,1
clan_34577,clan_5387,84,21,1
clan_41736,clan_45878,84,21,1
clan_311,clan_37178,84,21,1
clan_45570,clan_24777,84,21,1
clan_281,clan_38878,84,21,1
clan_43049,clan_24863,84,21,1
clan_43803,clan_39026,84,21,1
clan_43970,clan_27918,84,21,1
clan_1282,clan_48018,84,21,1
clan_25802,clan_22135,84,21,1
clan_45528,clan_46332,84,21,1
clan_43633,clan_38571,84,21,1
clan_47924,clan_47642,84,21,1
clan_21092,clan_12745,84,21,1
clan_28899,clan_4420,84,21,1
clan_47794,clan_48290,84,24,1
clan_42861,clan_556,84,24,1
clan_43958,clan_1206,84,30,1
clan_563,clan_48557,84,30,1
clan_720,clan_1446,84,36,1
clan_458,clan_48078,84,39,1
clan_748,clan_1748,84,43,1
clan_18,clan_48535,84,47,1
clan_48212,clan_48507,84,54,1
clan_8040,clan_21959,85,15,1
clan_27271,clan_29808,86,3,1
clan_37296,clan_6314,86,3,1
clan_11455,clan_7855,86,3,1
clan_45859,clan_35607,86,3,1
clan_20460,clan_17705,86,4,1
clan_7665,clan_6482,86,5,1
clan_10176,clan_10434,86,6,1
clan_47156,clan_25026,86,6,1
clan_29920,clan_4895,86,7,1
clan_23564,clan_2951,86,12,1
clan_21204,clan_7477,86,12,1
clan_34409,clan_5766,86,13,1
clan_17367,clan_20733,86,15,1
clan_30048,clan_6179,86,15,1
clan_876,clan_781,86,44,1
clan_4507,clan_13957,87,4,1
clan_28447,clan_12268,87,6,1
clan_6000,clan_26145,87,6,1
clan_17630,clan_7799,87,6,1
clan_16514,clan_22254,87,6,1
clan_43272,clan_40055,87,8,1
clan_29177,clan_19738,87,9,1
clan_36750,clan_23543,87,9,1
clan_45146,clan_45377,87,9,1
clan_39052,clan_39945,87,9,1
clan_44146,clan_24068,87,9,1
clan_46717,clan_25709,87,9,1
clan_3227,clan_14935,87,9,1
clan_41802,clan_44010,87,9,1
clan_17981,clan_19125,87,9,1
clan_43110,clan_4401,87,9,1
clan_20828,clan_11535,87,9,1
clan_43635,clan_34626,87,9,1
clan_33285,clan_4995,87,9,1
clan_31018,clan_16609,87,9,1
clan_39916,clan_25603,87,9,1
clan_34836,clan_33321,87,10,1
clan_29574,clan_4007,87,11,1
clan_33233,clan_13579,87,11,1
clan_41844,clan_35166,87,12,1
clan_44311,clan_35572,87,12,1
clan_41479,clan_27559,87,12,1
clan_35466,clan_6985,87,12,1
clan_35709,clan_28053,87,12,1
clan_11273,clan_7234,87,12,1
clan_39820,clan_27994,87,12,1
clan_40735,clan_38243,87,12,1
clan_28378,clan_43974,87,12,1
clan_32406,clan_34521,87,12,1
clan_37829,clan_23895,87,12,1
clan_41639,clan_8018,87,12,1
clan_32707,clan_33405,87,12,1
clan_40390,clan_10088,87,12,1
clan_37494,clan_17373,87,12,1
clan_33892,clan_21000,87,12,1
clan_43672,clan_29565,87,12,1
clan_29206,clan_2657,87,12,1
clan_35334,clan_34158,87,12,1
clan_32815,clan_17851,87,12,1
clan_6053,clan_22962,87,12,1
clan_17239,clan_4103,87,12,1
clan_38689,clan_29031,87,12,1
clan_34285,clan_23410,87,12,1
clan_41919,clan_17388,87,12,1
clan_8038,clan_23145,87,12,1
clan_9870,clan_10613,87,12,1
clan_35961,clan_10116,87,12,1
clan_46498,clan_44924,87,12,1
clan_41450,clan_24806,87,12,1
clan_21752,clan_20762,87,12,1
clan_45426,clan_28393,87,12,1
clan_19775,clan_4633,87,12,1
clan_22368,clan_19010,87,13,1
clan_33298,clan_30915,87,13,1
clan_38129,clan_37967,87,13,1
clan_2094,clan_35547,87,14,1
clan_40042,clan_9012,87,14,1
clan_47238,clan_43908,87,14,1
clan_30672,clan_13713,87,14,1
clan_45234,clan_15723,87,14,1
clan_31281,clan_14347,87,14,1
clan_39741,clan_39785,87,14,1
clan_41473,clan_15636,87,15,1
clan_46790,clan_36014,87,15,1
clan_35059,clan_25043,87,15,1
clan_39154,clan_9503,87,15,1
clan_44117,clan_29130,87,15,1
clan_46860,clan_38743,87,15,1
clan_30670,clan_16674,87,15,1
clan_40199,clan_14441,87,15,1
clan_18354,clan_19343,87,15,1
clan_44981,clan_14786,87,15,1
clan_41222,clan_11978,87,15,1
clan_39917,clan_32180,87,15,1
clan_40614,clan_16026,87,15,1
clan_39282,clan_39270,87,15,1
clan_29040,clan_1929,87,15,1
clan_47335,clan_44087,87,15,1
clan_47087,clan_18771,87,15,1
clan_36987,clan_30371,87,15,1
clan_38296,clan_35884,87,15,1
clan_22427,clan_5288,87,15,1
clan_32390,clan_20109,87,15,1
clan_41282,clan_41366,87,15,1
clan_38094,clan_28391,87,15,1
clan_42735,clan_28806,87,15,1
clan_13066,clan_24501,87,15,1
clan_12088,clan_9823,87,15,1
clan_45067,clan_36360,87,18,1
clan_44160,clan_1166,87,18,1
clan_22322,clan_31347,87,18,1
clan_39339,clan_24798,87,18,1
clan_932,clan_48380,87,18,1
clan_45889,clan_46953,87,18,1
clan_35580,clan_27446,87,18,1
clan_44202,clan_36172,87,18,1
clan_749,clan_48238,87,27,1
clan_19176,clan_14445,88,7,1
clan_48394,clan_856,88,36,1
clan_48263,clan_1777,88,39,1
clan_46126,clan_42265,89,9,1
clan_35798,clan_29863,89,11,1
clan_42000,clan_37746,89,11,1
clan_42986,clan_31962,89,11,1
clan_12985,clan_24221,89,12,1
clan_21208,clan_8880,89,12,1
clan_11515,clan_21940,89,12,1
clan_33496,clan_17619,89,12,1
clan_17448,clan_28636,89,12,1
clan_12671,clan_5632,89,12,1
clan_34979,clan_8250,90,0,1
clan_42998,clan_22515,90,0,1
clan_31721,clan_14150,90,0,1
clan_36984,clan_5623,90,0,1
clan_11077,clan_15242,90,0,1
clan_16003,clan_18256,90,0,1
clan_35000,clan_3981,90,0,1
clan_24087,clan_6156,90,0,1
clan_4,clan_42062,90,0,1
clan_21898,clan_9256,90,2,1
clan_42063,clan_33071,90,3,1
clan_3662,clan_15117,90,3,1
clan_24901,clan_6038,90,3,1
clan_5604,clan_8067,90,4,1
clan_43328,clan_36980,90,5,1
clan_35976,clan_6516,90,6,1
clan_48148,clan_29122,90,6,1
clan_28491,clan_11776,90,6,1
clan_45981,clan_31253,90,6,1
clan_31312,clan_5435,90,6,1
clan_48011,clan_43615,90,8,1
clan_29970,clan_31363,90,8,1
clan_21763,clan_30875,90,9,1
clan_32887,clan_5000,90,9,1
clan_39505,clan_8721,90,9,1
clan_4213,clan_3563,90,9,1
clan_47170,clan_23476,90,9,1
clan_34748,clan_3397,90,9,1
clan_37373,clan_7494,90,9,1
clan_7100,clan_21924,90,9,1
clan_36004,clan_21108,90,9,1
clan_39998,clan_29275,90,9,1
clan_5042,clan_11307,90,9,1
clan_45017,clan_34692,90,11,1
clan_30767,clan_3097,90,12,1
clan_1442,clan_26306,90,12,1
clan_21281,clan_13546,90,12,1
clan_18559,clan_17240,90,12,1
clan_46962,clan_10525,90,12,1
clan_30605,clan_7729,90,12,1
clan_32787,clan_3893,90,12,1
clan_20818,clan_10157,90,12,1
clan_41239,clan_36429,90,12,1
clan_43264,clan_318,90,12,1
clan_19001,clan_12378,90,12,1
clan_23986,clan_6859,90,12,1
clan_5179,clan_27657,90,15,1
clan_47662,clan_42785,90,15,1
clan_18820,clan_2745,90,15,1
clan_44585,clan_32435,90,15,1
clan_45107,clan_32010,90,15,1
clan_17742,clan_29234,90,15,1
clan_28206,clan_10625,90,15,1
clan_37815,clan_28816,90,15,1
clan_23878,clan_17474,90,18,1
clan_10833,clan_21268,90,18,1
clan_24209,clan_24396,90,18,1
clan_33644,clan_36193,90,18,1
clan_13135,clan_5447,90,18,1
clan_9364,clan_4304,90,18,1
clan_40305,clan_14762,90,18,1
clan_1669,clan_7090,90,18,1
clan_41290,clan_30289,90,18,1
clan_40319,clan_8140,90,18,1
clan_41529,clan_35309,90,18,1
clan_45417,clan_26688,90,18,1
clan_25223,clan_7084,90,18,1
clan_5562,clan_32164,90,18,1
clan_9692,clan_26677,90,18,1
clan_47099,clan_42496,90,18,1
clan_40512,clan_39660,90,18,1
clan_2229,clan_29984,90,18,1
clan_42349,clan_2130,90,18,1
clan_43513,clan_36733,90,18,1
clan_35319,clan_9554,90,18,1
clan_35235,clan_27268,90,18,1
clan_33550,clan_33616,90,18,1
clan_994,clan_2456,90,18,1
clan_2073,clan_43532,90,18,1
clan_20701,clan_6954,90,18,1
clan_33710,clan_9217,90,18,1
clan_40094,clan_17812,90,18,1
clan_15943,clan_14335,90,18,1
clan_1301,clan_48539,90,18,1
clan_41556,clan_19457,90,18,1
clan_30436,clan_24650,90,18,1
clan_44742,clan_15107,90,18,1
clan_40195,clan_29003,90,18,1
clan_37598,clan_1122,90,18,1
clan_38935,clan_44489,90,18,1
clan_42226,clan_39107,90,18,1
clan_40020,clan_9693,90,18,1
clan_44919,clan_36697,90,18,1
clan_69,clan_1098,90,18,1
clan_18880,clan_18424,90,18,1
clan_47557,clan_39848,90,18,1
clan_41184,clan_7620,90,18,1
clan_38908,clan_30847,90,18,1
clan_45561,clan_1561,90,18,1
clan_44012,clan_9590,90,18,1
clan_25081,clan_22100,90,18,1
clan_14430,clan_3798,90,18,1
clan_14253,clan_32027,90,18,1
clan_33307,clan_12220,90,18,1
clan_35179,clan_31949,90,18,1
clan_46759,clan_34610,90,18,1
clan_33934,clan_3977,90,18,1
clan_25092,clan_13528,90,18,1
clan_298,clan_33627,90,18,1
clan_27624,clan_15524,90,18,1
clan_44741,clan_26931,90,18,1
clan_47951,clan_47371,90,21,1
clan_2223,clan_803,90,21,1
clan_842,clan_1790,90,32,1
clan_44888,clan_604,90,36,1
clan_754,clan_1967,91,30,1
clan_8621,clan_8975,92,1,1
clan_33174,clan_7353,92,2,1
clan_33582,clan_916,92,2,1
clan_27611,clan_9943,92,2,1
clan_44309,clan_36281,92,3,1
clan_18865,clan_24907,92,3,1
clan_34730,clan_40730,92,4,1
clan_18975,clan_1646,92,4,1
clan_36213,clan_18296,92,8,1
clan_17095,clan_4505,92,12,1
clan_33880,clan_8029,92,12,1
clan_28811,clan_20499,92,12,1
clan_21188,clan_20518,92,12,1
clan_261,clan_48553,92,44,1
clan_29083,clan_20827,93,6,1
clan_34059,clan_24874,93,6,1
clan_27825,clan_20362,93,6,1
clan_21846,clan_27601,93,6,1
clan_42196,clan_46688,93,6,1
clan_46859,clan_10654,93,6,1
clan_46033,clan_41745,93,6,1
clan_44894,clan_35103,93,6,1
clan_5751,clan_18233,93,6,1
clan_44567,clan_27462,93,6,1
clan_43650,clan_13484,93,8,1
clan_32019,clan_3254,93,8,1
clan_34538,clan_19075,93,8,1
clan_1256,clan_32214,93,8,1
clan_28366,clan_11461,93,8,1
clan_37010,clan_34560,93,8,1
clan_31487,clan_5910,93,9,1
clan_36946,clan_35207,93,9,1
clan_14639,clan_9632,93,9,1
clan_44175,clan_35620,93,9,1
clan_17910,clan_32157,93,9,1
clan_39284,clan_29800,93,9,1
clan_26497,clan_6569,93,9,1
clan_42949,clan_10219,93,9,1
clan_20465,clan_6439,93,9,1
clan_32251,clan_9294,93,9,1
clan_15128,clan_16114,93,9,1
clan_972,clan_37793,93,9,1
clan_23721,clan_20925,93,9,1
clan_29149,clan_5019,93,9,1
clan_41065,clan_24398,93,9,1
clan_41399,clan_15489,93,9,1
clan_13796,clan_26617,93,9,1
clan_29402,clan_20871,93,9,1
clan_41817,clan_26061,93,9,1
clan_31298,clan_20788,93,9,1
clan_27437,clan_9285,93,9,1
clan_14615,clan_11034,93,10,1
clan_5769,clan_23643,93,10,1
clan_48495,clan_44427,93,11,1
clan_32461,clan_3428,93,11,1
clan_35317,clan_17321,93,11,1
clan_38953,clan_5485,93,12,1
clan_10506,clan_25679,93,12,1
clan_32668,clan_22468,93,12,1
clan_47080,clan_44404,93,12,1
clan_47488,clan_533,93,12,1
clan_39268,clan_4098,93,12,1
clan_32131,clan_32265,93,12,1
clan_42064,clan_46350,93,12,1
clan_38471,clan_40177,93,12,1
clan_7547,clan_7573,93,12,1
clan_34587,clan_40778,93,12,1
clan_47767,clan_44375,93,12,1
clan_41165,clan_47433,93,12,1
clan_42263,clan_29434,93,12,1
clan_435,clan_1023,93,12,1
clan_28983,clan_14421,93,12,1
clan_43284,clan_30723,93,12,1
clan_43245,clan_46728,93,12,1
clan_1970,clan_45607,93,12,1
clan_41465,clan_38626,93,12,1
clan_9553,clan_4833,93,12,1
clan_37490,clan_17019,93,12,1
clan_41454,clan_19817,93,12,1
clan_38173,clan_28025,93,12,1
clan_41706,clan_34817,93,12,1
clan_32699,clan_31853,93,12,1
clan_35626,clan_10957,93,12,1
clan_1470,clan_30717,93,12,1
clan_39748,clan_4927,93,12,1
clan_28505,clan_15095,93,12,1
clan_1133,clan_268,93,15,1
clan_1042,clan_34796,93,30,1
clan_43243,clan_171,94,11,1
clan_1112,clan_2,95,27,1
clan_40029,clan_36379,96,0,1
clan_16293,clan_24445,96,0,1
clan_45525,clan_20651,96,0,1
clan_24337,clan_21640,96,0,1
clan_3269,clan_19943,96,0,1
clan_34908,clan_2788,96,0,1
clan_21525,clan_3075,96,0,1
clan_31644,clan_31451,96,0,1
clan_26426,clan_23311,96,0,1
clan_29305,clan_13360,96,0,1
clan_35468,clan_13445,96,0,1
clan_47274,clan_47414,96,2,1
clan_20776,clan_3665,96,2,1
clan_32589,clan_15228,96,2,1
clan_29846,clan_7095,96,2,1
clan_23741,clan_20163,96,3,1
clan_39841,clan_13670,96,3,1
clan_48462,clan_31762,96,3,1
clan_22674,clan_22433,96,3,1
clan_23378,clan_13462,96,3,1
clan_33154,clan_21490,96,4,1
clan_42331,clan_18429,96,5,1
clan_32472,clan_15229,96,5,1
clan_43754,clan_46571,96,6,1
clan_48053,clan_46562,96,6,1
clan_26629,clan_18255,96,6,1
clan_46670,clan_41857,96,6,1
clan_16343,clan_7461,96,6,1
clan_33646,clan_3114,96,6,1
clan_26311,clan_9558,96,9,1
clan_28619,clan_30757,96,9,1
clan_12141,clan_8627,96,9,1
clan_33098,clan_16177,96,9,1
clan_6354,clan_11804,96,9,1
clan_1386,clan_46277,96,21,1
clan_1321,clan_1293,96,27,1
clan_310,clan_47215,96,27,1
clan_776,clan_7,96,45,1
clan_40414,clan_25441,98,3,1
clan_48033,clan_36708,98,3,1
clan_28,clan_46993,98,24,1
clan_32710,clan_12488,99,6,1
clan_21394,clan_4543,99,6,1
clan_43774,clan_35326,99,6,1
clan_43172,clan_18974,99,9,1
clan_24835,clan_16925,99,9,1
clan_30996,clan_3391,99,9,1
clan_557,clan_13392,99,9,1
clan_28736,clan_22483,99,9,1
clan_4592,clan_17946,99,9,1
clan_48309,clan_48550,99,9,1
clan_48456,clan_32336,99,9,1
clan_34332,clan_37876,99,9,1
clan_1720,clan_47927,99,9,1
clan_47100,clan_2630,99,9,1
clan_39549,clan_4444,99,9,1
clan_33733,clan_13740,99,9,1
clan_40947,clan_21631,99,9,1
clan_305,clan_47061,99,9,1
clan_43043,clan_21248,99,9,1
clan_1837,clan_47728,99,9,1
clan_46777,clan_12526,99,9,1
clan_46276,clan_24182,99,9,1
clan_48125,clan_43507,99,9,1
clan_32783,clan_13835,99,9,1
clan_41172,clan_14339,99,9,1
clan_39357,clan_31476,99,9,1
clan_42038,clan_32439,99,9,1
clan_317,clan_44144,99,27,1
clan_48422,clan_48567,100,21,1
clan_1193,clan_1315,100,28,1
clan_232,clan_191,100,28,1
clan_17,clan_47527,100,30,1
clan_676,clan_47178,100,33,1
clan_26695,clan_20808,102,0,1
clan_46299,clan_2337,102,0,1
clan_40994,clan_14511,102,0,1
clan_488,clan_47993,102,0,1
clan_43129,clan_6099,102,0,1
clan_31904,clan_24127,102,0,1
clan_32241,clan_9453,102,0,1
clan_6594,clan_2869,102,0,1
clan_47523,clan_26086,102,0,1
clan_39414,clan_16462,102,0,1
clan_48244,clan_47444,102,0,1
clan_43438,clan_31753,102,0,1
clan_37114,clan_16427,102,0,1
clan_4599,clan_19072,102,0,1
clan_42272,clan_32679,102,0,1
clan_48189,clan_41617,102,0,1
clan_2870,clan_9336,102,0,1
clan_42791,clan_7798,102,0,1
clan_36097,clan_3190,102,0,1
clan_47655,clan_11958,102,0,1
clan_37874,clan_26895,102,0,1
clan_37411,clan_9918,102,0,1
clan_47318,clan_43949,102,2,1
clan_4855,clan_23035,102,2,1
clan_27353,clan_9543,102,2,1
clan_46869,clan_11408,102,2,1
clan_44290,clan_11695,102,3,1
clan_32342,clan_39307,102,3,1
clan_42379,clan_5189,102,3,1
clan_40876,clan_9194,102,3,1
clan_25929,clan_29921,102,3,1
clan_36156,clan_3551,102,3,1
clan_48092,clan_36484,102,3,1
clan_45660,clan_44425,102,3,1
clan_43692,clan_38119,102,3,1
clan_37006,clan_24769,102,3,1
clan_47819,clan_45287,102,3,1
clan_38502,clan_10066,102,3,1
clan_39731,clan_33692,102,3,1
clan_34194,clan_9721,102,3,1
clan_46832,clan_20910,102,3,1
clan_506,clan_16,102,18,1
clan_2091,clan_341,104,24,1
clan_100,clan_44132,104,24,1
clan_302,clan_45753,104,24,1
clan_46385,clan_48455,105,9,1
clan_609,clan_1896,105,9,1
clan_47792,clan_42297,105,12,1
clan_410,clan_48084,105,18,1
clan_48317,clan_793,105,33,1
clan_812,clan_43013,106,3,1
clan_362,clan_47333,106,18,1
clan_13073,clan_18613,108,0,1
clan_779,clan_5944,108,0,1
clan_41622,clan_20205,108,0,1
clan_37279,clan_12251,108,0,1
clan_42344,clan_8797,108,0,1
clan_46161,clan_42970,108,0,1
clan_45472,clan_20350,108,0,1
clan_9941,clan_10059,108,0,1
clan_38844,clan_33040,108,0,1
clan_47535,clan_47540,108,0,1
clan_11285,clan_7003,108,0,1
clan_26657,clan_18508,108,0,1
clan_30344,clan_23457,108,0,1
clan_37448,clan_31004,108,0,1
clan_42108,clan_24443,108,0,1
clan_42593,clan_34632,108,0,1
clan_42016,clan_33043,108,0,1
clan_34954,clan_5926,108,0,1
clan_1513,clan_157,108,27,1
clan_1211,clan_2193,110,12,1
clan_325,clan_43648,112,12,1
clan_1172,clan_30190,112,21,1
clan_705,clan_48443,112,24,1
clan_1223,clan_1461,112,25,1
clan_418,clan_37,112,25,1
clan_493,clan_1422,114,0,1
clan_48439,clan_43273,114,0,1
clan_135,clan_596,114,24,1
clan_1643,clan_752,116,15,1
clan_121,clan_46526,116,15,1
clan_800,clan_1800,116,19,1
clan_1499,clan_46792,116,20,1
clan_170,clan_48569,120,18,1
clan_94,clan_48509,124,12,1
clan_1642,clan_873,124,12,1
clan_1148,clan_48130,124,12,1
clan_370,clan_185,124,16,1
clan_610,clan_48457,124,16,1
clan_283,clan_48327,126,0,1
clan_177,clan_438,128,7,1
clan_393,clan_48237,132,0,1
clan_536,clan_1065,132,9,1
clan_598,clan_47829,136,3,1
clan_390,clan_1273,136,3,1
clan_492,clan_525,138,0,1
clan_894,clan_48358,144,0,1
clan_125,clan_48474,144,0,1
clan_340,clan_46992,144,0,1
